222 INFO: PyInstaller: 6.19.0, contrib hooks: 2026.4
223 INFO: Python: 3.13.12
263 INFO: Platform: Windows-11-10.0.26220-SP0
263 INFO: Python environment: C:\Users\Administrator\AppData\Local\Programs\Python\Python313
264 INFO: wrote C:\Users\Administrator\Documents\projects\SCDossier\SCDossier.spec
274 INFO: Removing temporary files and cleaning cache in C:\Users\Administrator\AppData\Local\pyinstaller
409 WARNING: Failed to collect submodules for 'onnxruntime.quantization' because importing 'onnxruntime.quantization' raised: ModuleNotFoundError: No module named 'onnx'
341 WARNING: Failed to collect submodules for 'numpy.f2py.tests' because importing 'numpy.f2py.tests' raised: ModuleNotFoundError: No module named 'pytest'
6310 INFO: Module search paths (PYTHONPATH):
['C:\\Users\\Administrator\\Documents\\projects\\SCDossier',
 'C:\\Users\\Administrator\\AppData\\Local\\Programs\\Python\\Python313\\python313.zip',
 'C:\\Users\\Administrator\\AppData\\Local\\Programs\\Python\\Python313\\DLLs',
 'C:\\Users\\Administrator\\AppData\\Local\\Programs\\Python\\Python313\\Lib',
 'C:\\Users\\Administrator\\AppData\\Local\\Programs\\Python\\Python313',
 'C:\\Users\\Administrator\\AppData\\Local\\Programs\\Python\\Python313\\Lib\\site-packages',
 'C:\\Users\\Administrator\\Documents\\projects\\SCDossier']
6849 INFO: Appending 'binaries' from .spec
6850 INFO: Appending 'datas' from .spec
7036 INFO: checking Analysis
7036 INFO: Building Analysis because Analysis-00.toc is non existent
7036 INFO: Looking for Python shared library...
7036 INFO: Using Python shared library: C:\Users\Administrator\AppData\Local\Programs\Python\Python313\python313.dll
7036 INFO: Running Analysis Analysis-00.toc
7036 INFO: Target bytecode optimization level: 0
7036 INFO: Initializing module dependency graph...
7038 INFO: Initializing module graph hook caches...
7054 INFO: Analyzing modules for base_library.zip ...
8717 INFO: Processing standard module hook 'hook-encodings.py' from 'C:\\Users\\Administrator\\AppData\\Local\\Programs\\Python\\Python313\\Lib\\site-packages\\PyInstaller\\hooks'
10281 INFO: Processing standard module hook 'hook-pickle.py' from 'C:\\Users\\Administrator\\AppData\\Local\\Programs\\Python\\Python313\\Lib\\site-packages\\PyInstaller\\hooks'
11219 INFO: Processing standard module hook 'hook-heapq.py' from 'C:\\Users\\Administrator\\AppData\\Local\\Programs\\Python\\Python313\\Lib\\site-packages\\PyInstaller\\hooks'
11546 INFO: Caching module dependency graph...
11577 INFO: Analyzing C:\Users\Administrator\Documents\projects\SCDossier\src\main.py
11596 INFO: Processing standard module hook 'hook-urllib3.py' from 'C:\\Users\\Administrator\\AppData\\Local\\Programs\\Python\\Python313\\Lib\\site-packages\\_pyinstaller_hooks_contrib\\stdhooks'
11758 INFO: Processing pre-safe-import-module hook 'hook-backports.py' from 'C:\\Users\\Administrator\\AppData\\Local\\Programs\\Python\\Python313\\Lib\\site-packages\\PyInstaller\\hooks\\pre_safe_import_module'
11759 INFO: SetuptoolsInfo: initializing cached setuptools info...
12412 INFO: Setuptools: 'backports' appears to be a full setuptools-vendored copy - creating alias to 'setuptools._vendor.backports'!
12419 INFO: Processing standard module hook 'hook-setuptools.py' from 'C:\\Users\\Administrator\\AppData\\Local\\Programs\\Python\\Python313\\Lib\\site-packages\\PyInstaller\\hooks'
12459 INFO: Processing standard module hook 'hook-platform.py' from 'C:\\Users\\Administrator\\AppData\\Local\\Programs\\Python\\Python313\\Lib\\site-packages\\PyInstaller\\hooks'
12489 INFO: Processing standard module hook 'hook-sysconfig.py' from 'C:\\Users\\Administrator\\AppData\\Local\\Programs\\Python\\Python313\\Lib\\site-packages\\PyInstaller\\hooks'
12495 INFO: Processing standard module hook 'hook-_ctypes.py' from 'C:\\Users\\Administrator\\AppData\\Local\\Programs\\Python\\Python313\\Lib\\site-packages\\PyInstaller\\hooks'
12501 INFO: Processing pre-safe-import-module hook 'hook-distutils.py' from 'C:\\Users\\Administrator\\AppData\\Local\\Programs\\Python\\Python313\\Lib\\site-packages\\PyInstaller\\hooks\\pre_safe_import_module'
12526 INFO: Processing pre-safe-import-module hook 'hook-jaraco.py' from 'C:\\Users\\Administrator\\AppData\\Local\\Programs\\Python\\Python313\\Lib\\site-packages\\PyInstaller\\hooks\\pre_safe_import_module'
12527 INFO: Setuptools: 'jaraco' appears to be a full setuptools-vendored copy - creating alias to 'setuptools._vendor.jaraco'!
12538 INFO: Processing pre-safe-import-module hook 'hook-more_itertools.py' from 'C:\\Users\\Administrator\\AppData\\Local\\Programs\\Python\\Python313\\Lib\\site-packages\\PyInstaller\\hooks\\pre_safe_import_module'
12539 INFO: Setuptools: 'more_itertools' appears to be a setuptools-vendored copy - creating alias to 'setuptools._vendor.more_itertools'!
12661 INFO: Processing pre-safe-import-module hook 'hook-typing_extensions.py' from 'C:\\Users\\Administrator\\AppData\\Local\\Programs\\Python\\Python313\\Lib\\site-packages\\PyInstaller\\hooks\\pre_safe_import_module'
12889 INFO: Processing standard module hook 'hook-multiprocessing.util.py' from 'C:\\Users\\Administrator\\AppData\\Local\\Programs\\Python\\Python313\\Lib\\site-packages\\PyInstaller\\hooks'
12965 INFO: Processing standard module hook 'hook-xml.py' from 'C:\\Users\\Administrator\\AppData\\Local\\Programs\\Python\\Python313\\Lib\\site-packages\\PyInstaller\\hooks'
13537 INFO: Processing pre-safe-import-module hook 'hook-packaging.py' from 'C:\\Users\\Administrator\\AppData\\Local\\Programs\\Python\\Python313\\Lib\\site-packages\\PyInstaller\\hooks\\pre_safe_import_module'
13702 INFO: Processing standard module hook 'hook-setuptools._vendor.jaraco.text.py' from 'C:\\Users\\Administrator\\AppData\\Local\\Programs\\Python\\Python313\\Lib\\site-packages\\PyInstaller\\hooks'
13704 INFO: Processing pre-safe-import-module hook 'hook-importlib_resources.py' from 'C:\\Users\\Administrator\\AppData\\Local\\Programs\\Python\\Python313\\Lib\\site-packages\\PyInstaller\\hooks\\pre_safe_import_module'
14182 INFO: Processing pre-safe-import-module hook 'hook-importlib_metadata.py' from 'C:\\Users\\Administrator\\AppData\\Local\\Programs\\Python\\Python313\\Lib\\site-packages\\PyInstaller\\hooks\\pre_safe_import_module'
14183 INFO: Setuptools: 'importlib_metadata' appears to be a setuptools-vendored copy - creating alias to 'setuptools._vendor.importlib_metadata'!
14206 INFO: Processing standard module hook 'hook-setuptools._vendor.importlib_metadata.py' from 'C:\\Users\\Administrator\\AppData\\Local\\Programs\\Python\\Python313\\Lib\\site-packages\\PyInstaller\\hooks'
14227 INFO: Processing pre-safe-import-module hook 'hook-zipp.py' from 'C:\\Users\\Administrator\\AppData\\Local\\Programs\\Python\\Python313\\Lib\\site-packages\\PyInstaller\\hooks\\pre_safe_import_module'
14228 INFO: Setuptools: 'zipp' appears to be a setuptools-vendored copy - creating alias to 'setuptools._vendor.zipp'!
14475 INFO: Processing pre-safe-import-module hook 'hook-tomli.py' from 'C:\\Users\\Administrator\\AppData\\Local\\Programs\\Python\\Python313\\Lib\\site-packages\\PyInstaller\\hooks\\pre_safe_import_module'
14476 INFO: Setuptools: 'tomli' appears to be a setuptools-vendored copy - creating alias to 'setuptools._vendor.tomli'!
14912 INFO: Processing pre-safe-import-module hook 'hook-wheel.py' from 'C:\\Users\\Administrator\\AppData\\Local\\Programs\\Python\\Python313\\Lib\\site-packages\\PyInstaller\\hooks\\pre_safe_import_module'
14913 INFO: Setuptools: 'wheel' appears to be a setuptools-vendored copy - creating alias to 'setuptools._vendor.wheel'!
15578 INFO: Processing standard module hook 'hook-certifi.py' from 'C:\\Users\\Administrator\\AppData\\Local\\Programs\\Python\\Python313\\Lib\\site-packages\\_pyinstaller_hooks_contrib\\stdhooks'
15622 INFO: Processing standard module hook 'hook-charset_normalizer.py' from 'C:\\Users\\Administrator\\AppData\\Local\\Programs\\Python\\Python313\\Lib\\site-packages\\_pyinstaller_hooks_contrib\\stdhooks'
15769 INFO: Processing standard module hook 'hook-cryptography.py' from 'C:\\Users\\Administrator\\AppData\\Local\\Programs\\Python\\Python313\\Lib\\site-packages\\_pyinstaller_hooks_contrib\\stdhooks'
17247 INFO: hook-cryptography: cryptography does not seem to be using dynamically linked OpenSSL.
17502 INFO: Processing standard module hook 'hook-PyQt6.py' from 'C:\\Users\\Administrator\\AppData\\Local\\Programs\\Python\\Python313\\Lib\\site-packages\\PyInstaller\\hooks'
18222 INFO: Processing standard module hook 'hook-PyQt6.QtWidgets.py' from 'C:\\Users\\Administrator\\AppData\\Local\\Programs\\Python\\Python313\\Lib\\site-packages\\PyInstaller\\hooks'
23738 INFO: Processing standard module hook 'hook-PyQt6.QtCore.py' from 'C:\\Users\\Administrator\\AppData\\Local\\Programs\\Python\\Python313\\Lib\\site-packages\\PyInstaller\\hooks'
32834 INFO: Processing standard module hook 'hook-PyQt6.QtGui.py' from 'C:\\Users\\Administrator\\AppData\\Local\\Programs\\Python\\Python313\\Lib\\site-packages\\PyInstaller\\hooks'
73111 INFO: Processing standard module hook 'hook-cv2.py' from 'C:\\Users\\Administrator\\AppData\\Local\\Programs\\Python\\Python313\\Lib\\site-packages\\_pyinstaller_hooks_contrib\\stdhooks'
73900 INFO: Processing standard module hook 'hook-numpy.py' from 'C:\\Users\\Administrator\\AppData\\Local\\Programs\\Python\\Python313\\Lib\\site-packages\\PyInstaller\\hooks'
75983 INFO: Processing standard module hook 'hook-difflib.py' from 'C:\\Users\\Administrator\\AppData\\Local\\Programs\\Python\\Python313\\Lib\\site-packages\\PyInstaller\\hooks'
76974 INFO: Processing standard module hook 'hook-onnxruntime.py' from 'C:\\Users\\Administrator\\AppData\\Local\\Programs\\Python\\Python313\\Lib\\site-packages\\_pyinstaller_hooks_contrib\\stdhooks'
77072 INFO: Processing pre-safe-import-module hook 'hook-tensorflow.py' from 'C:\\Users\\Administrator\\AppData\\Local\\Programs\\Python\\Python313\\Lib\\site-packages\\_pyinstaller_hooks_contrib\\pre_safe_import_module'
77076 INFO: Processing standard module hook 'hook-PIL.py' from 'C:\\Users\\Administrator\\AppData\\Local\\Programs\\Python\\Python313\\Lib\\site-packages\\PyInstaller\\hooks'
77218 INFO: Processing standard module hook 'hook-PIL.Image.py' from 'C:\\Users\\Administrator\\AppData\\Local\\Programs\\Python\\Python313\\Lib\\site-packages\\PyInstaller\\hooks'
77873 INFO: Processing standard module hook 'hook-xml.etree.cElementTree.py' from 'C:\\Users\\Administrator\\AppData\\Local\\Programs\\Python\\Python313\\Lib\\site-packages\\PyInstaller\\hooks'
78132 INFO: Processing standard module hook 'hook-PIL.ImageFilter.py' from 'C:\\Users\\Administrator\\AppData\\Local\\Programs\\Python\\Python313\\Lib\\site-packages\\PyInstaller\\hooks'
78829 INFO: Processing standard module hook 'hook-anyio.py' from 'C:\\Users\\Administrator\\AppData\\Local\\Programs\\Python\\Python313\\Lib\\site-packages\\_pyinstaller_hooks_contrib\\stdhooks'
80781 INFO: Processing standard module hook 'hook-pydantic.py' from 'C:\\Users\\Administrator\\AppData\\Local\\Programs\\Python\\Python313\\Lib\\site-packages\\_pyinstaller_hooks_contrib\\stdhooks'
82093 INFO: Processing standard module hook 'hook-zoneinfo.py' from 'C:\\Users\\Administrator\\AppData\\Local\\Programs\\Python\\Python313\\Lib\\site-packages\\_pyinstaller_hooks_contrib\\stdhooks'
83446 INFO: Processing standard module hook 'hook-websockets.py' from 'C:\\Users\\Administrator\\AppData\\Local\\Programs\\Python\\Python313\\Lib\\site-packages\\_pyinstaller_hooks_contrib\\stdhooks'
85677 INFO: Processing standard module hook 'hook-lxml.py' from 'C:\\Users\\Administrator\\AppData\\Local\\Programs\\Python\\Python313\\Lib\\site-packages\\_pyinstaller_hooks_contrib\\stdhooks'
86317 INFO: Processing standard module hook 'hook-lxml.etree.py' from 'C:\\Users\\Administrator\\AppData\\Local\\Programs\\Python\\Python313\\Lib\\site-packages\\_pyinstaller_hooks_contrib\\stdhooks'
86437 INFO: Processing standard module hook 'hook-PyQt6.QtSvg.py' from 'C:\\Users\\Administrator\\AppData\\Local\\Programs\\Python\\Python313\\Lib\\site-packages\\PyInstaller\\hooks'
88155 INFO: Analyzing hidden import 'gotrue'
88155 ERROR: Hidden import 'gotrue' not found
88155 INFO: Analyzing hidden import 'rapidocr_onnxruntime.ch_ppocr_v2_cls'
88162 INFO: Analyzing hidden import 'rapidocr_onnxruntime.ch_ppocr_v3_det'
88233 INFO: Processing standard module hook 'hook-shapely.py' from 'C:\\Users\\Administrator\\AppData\\Local\\Programs\\Python\\Python313\\Lib\\site-packages\\_pyinstaller_hooks_contrib\\stdhooks'
88426 INFO: Analyzing hidden import 'rapidocr_onnxruntime.ch_ppocr_v3_rec'
88434 INFO: Analyzing hidden import 'onnxruntime.capi.convert_npz_to_onnx_adapter'
88437 INFO: Analyzing hidden import 'onnxruntime.datasets'
88440 INFO: Analyzing hidden import 'onnxruntime.tools'
88446 INFO: Analyzing hidden import 'onnxruntime.tools.check_onnx_model_mobile_usability'
88492 INFO: Analyzing hidden import 'onnxruntime.tools.convert_onnx_models_to_ort'
88543 INFO: Analyzing hidden import 'onnxruntime.tools.make_dynamic_shape_fixed'
88546 INFO: Analyzing hidden import 'onnxruntime.tools.offline_tuning'
88553 INFO: Analyzing hidden import 'onnxruntime.tools.onnx_randomizer'
88559 INFO: Analyzing hidden import 'onnxruntime.tools.onnxruntime_test'
88582 INFO: Analyzing hidden import 'onnxruntime.tools.optimize_onnx_model'
88586 INFO: Analyzing hidden import 'onnxruntime.tools.ort_format_model.ort_flatbuffers_py'
88590 INFO: Analyzing hidden import 'onnxruntime.tools.ort_format_model.ort_flatbuffers_py.fbs'
88592 INFO: Analyzing hidden import 'onnxruntime.tools.ort_format_model.ort_flatbuffers_py.fbs.ArgType'
88593 INFO: Analyzing hidden import 'onnxruntime.tools.ort_format_model.ort_flatbuffers_py.fbs.ArgTypeAndIndex'
88641 INFO: Analyzing hidden import 'onnxruntime.tools.ort_format_model.ort_flatbuffers_py.fbs.Attribute'
88657 INFO: Analyzing hidden import 'onnxruntime.tools.ort_format_model.ort_flatbuffers_py.fbs.AttributeType'
88660 INFO: Analyzing hidden import 'onnxruntime.tools.ort_format_model.ort_flatbuffers_py.fbs.Checkpoint'
88668 INFO: Analyzing hidden import 'onnxruntime.tools.ort_format_model.ort_flatbuffers_py.fbs.DeprecatedKernelCreateInfos'
88672 INFO: Analyzing hidden import 'onnxruntime.tools.ort_format_model.ort_flatbuffers_py.fbs.DeprecatedNodeIndexAndKernelDefHash'
88679 INFO: Analyzing hidden import 'onnxruntime.tools.ort_format_model.ort_flatbuffers_py.fbs.DeprecatedSessionState'
88684 INFO: Analyzing hidden import 'onnxruntime.tools.ort_format_model.ort_flatbuffers_py.fbs.DeprecatedSubGraphSessionState'
88688 INFO: Analyzing hidden import 'onnxruntime.tools.ort_format_model.ort_flatbuffers_py.fbs.Dimension'
88695 INFO: Analyzing hidden import 'onnxruntime.tools.ort_format_model.ort_flatbuffers_py.fbs.DimensionValue'
88698 INFO: Analyzing hidden import 'onnxruntime.tools.ort_format_model.ort_flatbuffers_py.fbs.DimensionValueType'
88699 INFO: Analyzing hidden import 'onnxruntime.tools.ort_format_model.ort_flatbuffers_py.fbs.EdgeEnd'
88700 INFO: Analyzing hidden import 'onnxruntime.tools.ort_format_model.ort_flatbuffers_py.fbs.FloatProperty'
88703 INFO: Analyzing hidden import 'onnxruntime.tools.ort_format_model.ort_flatbuffers_py.fbs.Graph'
88725 INFO: Analyzing hidden import 'onnxruntime.tools.ort_format_model.ort_flatbuffers_py.fbs.InferenceSession'
88728 INFO: Analyzing hidden import 'onnxruntime.tools.ort_format_model.ort_flatbuffers_py.fbs.IntProperty'
88730 INFO: Analyzing hidden import 'onnxruntime.tools.ort_format_model.ort_flatbuffers_py.fbs.KernelTypeStrArgsEntry'
88736 INFO: Analyzing hidden import 'onnxruntime.tools.ort_format_model.ort_flatbuffers_py.fbs.KernelTypeStrResolver'
88742 INFO: Analyzing hidden import 'onnxruntime.tools.ort_format_model.ort_flatbuffers_py.fbs.MapType'
88744 INFO: Analyzing hidden import 'onnxruntime.tools.ort_format_model.ort_flatbuffers_py.fbs.Model'
88756 INFO: Analyzing hidden import 'onnxruntime.tools.ort_format_model.ort_flatbuffers_py.fbs.ModuleState'
88761 INFO: Analyzing hidden import 'onnxruntime.tools.ort_format_model.ort_flatbuffers_py.fbs.Node'
88781 INFO: Analyzing hidden import 'onnxruntime.tools.ort_format_model.ort_flatbuffers_py.fbs.NodeEdge'
88789 INFO: Analyzing hidden import 'onnxruntime.tools.ort_format_model.ort_flatbuffers_py.fbs.NodeType'
88790 INFO: Analyzing hidden import 'onnxruntime.tools.ort_format_model.ort_flatbuffers_py.fbs.NodesToOptimizeIndices'
88799 INFO: Analyzing hidden import 'onnxruntime.tools.ort_format_model.ort_flatbuffers_py.fbs.OpIdKernelTypeStrArgsEntry'
88803 INFO: Analyzing hidden import 'onnxruntime.tools.ort_format_model.ort_flatbuffers_py.fbs.OperatorSetId'
88806 INFO: Analyzing hidden import 'onnxruntime.tools.ort_format_model.ort_flatbuffers_py.fbs.OptimizerGroup'
88812 INFO: Analyzing hidden import 'onnxruntime.tools.ort_format_model.ort_flatbuffers_py.fbs.ParameterOptimizerState'
88817 INFO: Analyzing hidden import 'onnxruntime.tools.ort_format_model.ort_flatbuffers_py.fbs.PropertyBag'
88823 INFO: Analyzing hidden import 'onnxruntime.tools.ort_format_model.ort_flatbuffers_py.fbs.RuntimeOptimizationRecord'
88832 INFO: Analyzing hidden import 'onnxruntime.tools.ort_format_model.ort_flatbuffers_py.fbs.RuntimeOptimizationRecordContainerEntry'
88836 INFO: Analyzing hidden import 'onnxruntime.tools.ort_format_model.ort_flatbuffers_py.fbs.RuntimeOptimizations'
88839 INFO: Analyzing hidden import 'onnxruntime.tools.ort_format_model.ort_flatbuffers_py.fbs.SequenceType'
88845 INFO: Analyzing hidden import 'onnxruntime.tools.ort_format_model.ort_flatbuffers_py.fbs.Shape'
88848 INFO: Analyzing hidden import 'onnxruntime.tools.ort_format_model.ort_flatbuffers_py.fbs.SparseTensor'
88853 INFO: Analyzing hidden import 'onnxruntime.tools.ort_format_model.ort_flatbuffers_py.fbs.StringProperty'
88860 INFO: Analyzing hidden import 'onnxruntime.tools.ort_format_model.ort_flatbuffers_py.fbs.StringStringEntry'
88863 INFO: Analyzing hidden import 'onnxruntime.tools.ort_format_model.ort_flatbuffers_py.fbs.Tensor'
88876 INFO: Analyzing hidden import 'onnxruntime.tools.ort_format_model.ort_flatbuffers_py.fbs.TensorDataType'
88877 INFO: Analyzing hidden import 'onnxruntime.tools.ort_format_model.ort_flatbuffers_py.fbs.TensorTypeAndShape'
88879 INFO: Analyzing hidden import 'onnxruntime.tools.ort_format_model.ort_flatbuffers_py.fbs.TypeInfo'
88884 INFO: Analyzing hidden import 'onnxruntime.tools.ort_format_model.ort_flatbuffers_py.fbs.TypeInfoValue'
88886 INFO: Analyzing hidden import 'onnxruntime.tools.ort_format_model.ort_flatbuffers_py.fbs.ValueInfo'
88892 INFO: Analyzing hidden import 'onnxruntime.tools.pytorch_export_contrib_ops'
88896 INFO: Analyzing hidden import 'onnxruntime.tools.qdq_helpers'
88897 INFO: Analyzing hidden import 'onnxruntime.tools.qdq_helpers.optimize_qdq_model'
88900 INFO: Analyzing hidden import 'onnxruntime.tools.reduced_build_config_parser'
88909 INFO: Analyzing hidden import 'onnxruntime.tools.remove_initializer_from_input'
88911 INFO: Analyzing hidden import 'onnxruntime.tools.symbolic_shape_infer'
89094 INFO: Analyzing hidden import 'onnxruntime.tools.update_onnx_opset'
89097 INFO: Analyzing hidden import 'onnxruntime.transformers.affinity_helper'
89103 INFO: Analyzing hidden import 'onnxruntime.transformers.benchmark'
89134 INFO: Analyzing hidden import 'onnxruntime.transformers.benchmark_helper'
89161 INFO: Analyzing hidden import 'onnxruntime.transformers.bert_perf_test'
89180 INFO: Analyzing hidden import 'onnxruntime.transformers.bert_test_data'
89198 INFO: Analyzing hidden import 'onnxruntime.transformers.compare_bert_results'
89207 INFO: Analyzing hidden import 'onnxruntime.transformers.constants'
89208 INFO: Analyzing hidden import 'onnxruntime.transformers.convert_generation'
89438 INFO: Analyzing hidden import 'onnxruntime.transformers.convert_tf_models_to_pytorch'
89449 INFO: Analyzing hidden import 'onnxruntime.transformers.convert_to_packing_mode'
89467 INFO: Analyzing hidden import 'onnxruntime.transformers.dynamo_onnx_helper'
89479 INFO: Analyzing hidden import 'onnxruntime.transformers.float16'
89500 INFO: Analyzing hidden import 'onnxruntime.transformers.fusion_attention'
89543 INFO: Analyzing hidden import 'onnxruntime.transformers.fusion_attention_clip'
89557 INFO: Analyzing hidden import 'onnxruntime.transformers.fusion_attention_sam2'
89582 INFO: Analyzing hidden import 'onnxruntime.transformers.fusion_attention_unet'
89630 INFO: Analyzing hidden import 'onnxruntime.transformers.fusion_attention_vae'
89642 INFO: Analyzing hidden import 'onnxruntime.transformers.fusion_bart_attention'
89662 INFO: Analyzing hidden import 'onnxruntime.transformers.fusion_base'
89673 INFO: Analyzing hidden import 'onnxruntime.transformers.fusion_bias_add'
89676 INFO: Analyzing hidden import 'onnxruntime.transformers.fusion_biasgelu'
89679 INFO: Analyzing hidden import 'onnxruntime.transformers.fusion_biassplitgelu'
89684 INFO: Analyzing hidden import 'onnxruntime.transformers.fusion_conformer_attention'
89695 INFO: Analyzing hidden import 'onnxruntime.transformers.fusion_constant_fold'
89706 INFO: Analyzing hidden import 'onnxruntime.transformers.fusion_embedlayer'
89737 INFO: Analyzing hidden import 'onnxruntime.transformers.fusion_fastgelu'
89754 INFO: Analyzing hidden import 'onnxruntime.transformers.fusion_gelu'
89767 INFO: Analyzing hidden import 'onnxruntime.transformers.fusion_gelu_approximation'
89769 INFO: Analyzing hidden import 'onnxruntime.transformers.fusion_gemmfastgelu'
89777 INFO: Analyzing hidden import 'onnxruntime.transformers.fusion_gpt_attention'
89797 INFO: Analyzing hidden import 'onnxruntime.transformers.fusion_gpt_attention_megatron'
89811 INFO: Analyzing hidden import 'onnxruntime.transformers.fusion_gpt_attention_no_past'
89818 INFO: Analyzing hidden import 'onnxruntime.transformers.fusion_group_norm'
89826 INFO: Analyzing hidden import 'onnxruntime.transformers.fusion_layernorm'
89844 INFO: Analyzing hidden import 'onnxruntime.transformers.fusion_mha_dit'
89869 INFO: Analyzing hidden import 'onnxruntime.transformers.fusion_mha_mmdit'
89886 INFO: Analyzing hidden import 'onnxruntime.transformers.fusion_nhwc_conv'
89889 INFO: Analyzing hidden import 'onnxruntime.transformers.fusion_options'
89901 INFO: Analyzing hidden import 'onnxruntime.transformers.fusion_qordered_attention'
89916 INFO: Analyzing hidden import 'onnxruntime.transformers.fusion_qordered_gelu'
89921 INFO: Analyzing hidden import 'onnxruntime.transformers.fusion_qordered_layernorm'
89928 INFO: Analyzing hidden import 'onnxruntime.transformers.fusion_qordered_matmul'
89935 INFO: Analyzing hidden import 'onnxruntime.transformers.fusion_quickgelu'
89939 INFO: Analyzing hidden import 'onnxruntime.transformers.fusion_reshape'
89947 INFO: Analyzing hidden import 'onnxruntime.transformers.fusion_rotary_attention'
90009 INFO: Analyzing hidden import 'onnxruntime.transformers.fusion_shape'
90014 INFO: Analyzing hidden import 'onnxruntime.transformers.fusion_simplified_layernorm'
90021 INFO: Analyzing hidden import 'onnxruntime.transformers.fusion_skip_group_norm'
90031 INFO: Analyzing hidden import 'onnxruntime.transformers.fusion_skiplayernorm'
90041 INFO: Analyzing hidden import 'onnxruntime.transformers.fusion_transpose'
90051 INFO: Analyzing hidden import 'onnxruntime.transformers.fusion_utils'
90067 INFO: Analyzing hidden import 'onnxruntime.transformers.huggingface_models'
90069 INFO: Analyzing hidden import 'onnxruntime.transformers.import_utils'
90070 INFO: Analyzing hidden import 'onnxruntime.transformers.io_binding_helper'
90094 INFO: Analyzing hidden import 'onnxruntime.transformers.large_model_exporter'
90113 INFO: Analyzing hidden import 'onnxruntime.transformers.metrics'
90121 INFO: Analyzing hidden import 'onnxruntime.transformers.onnx_exporter'
90144 INFO: Analyzing hidden import 'onnxruntime.transformers.onnx_model'
90217 INFO: Analyzing hidden import 'onnxruntime.transformers.onnx_model_bart'
90225 INFO: Analyzing hidden import 'onnxruntime.transformers.onnx_model_bert'
90249 INFO: Analyzing hidden import 'onnxruntime.transformers.onnx_model_bert_keras'
90266 INFO: Analyzing hidden import 'onnxruntime.transformers.onnx_model_bert_tf'
90286 INFO: Analyzing hidden import 'onnxruntime.transformers.onnx_model_clip'
90291 INFO: Analyzing hidden import 'onnxruntime.transformers.onnx_model_conformer'
90293 INFO: Analyzing hidden import 'onnxruntime.transformers.onnx_model_gpt2'
90296 INFO: Analyzing hidden import 'onnxruntime.transformers.onnx_model_mmdit'
90307 INFO: Analyzing hidden import 'onnxruntime.transformers.onnx_model_phi'
90351 INFO: Analyzing hidden import 'onnxruntime.transformers.onnx_model_sam2'
90356 INFO: Analyzing hidden import 'onnxruntime.transformers.onnx_model_t5'
90394 INFO: Analyzing hidden import 'onnxruntime.transformers.onnx_model_tnlr'
90401 INFO: Analyzing hidden import 'onnxruntime.transformers.onnx_model_unet'
90414 INFO: Analyzing hidden import 'onnxruntime.transformers.onnx_model_vae'
90417 INFO: Analyzing hidden import 'onnxruntime.transformers.onnx_utils'
90421 INFO: Analyzing hidden import 'onnxruntime.transformers.optimizer'
90443 INFO: Analyzing hidden import 'onnxruntime.transformers.past_helper'
90448 INFO: Analyzing hidden import 'onnxruntime.transformers.profile_result_processor'
90471 INFO: Analyzing hidden import 'onnxruntime.transformers.profiler'
90486 INFO: Analyzing hidden import 'onnxruntime.transformers.quantize_helper'
91142 INFO: Analyzing hidden import 'onnxruntime.transformers.shape_infer_helper'
91149 INFO: Analyzing hidden import 'onnxruntime.transformers.shape_optimizer'
91163 INFO: Analyzing hidden import 'onnxruntime.transformers.torch_onnx_export_helper'
91166 INFO: Analyzing hidden import 'numpy._configtool'
91168 INFO: Analyzing hidden import 'numpy._core._exceptions'
91177 INFO: Analyzing hidden import 'numpy._core._multiarray_tests'
91178 INFO: Analyzing hidden import 'numpy._core._operand_flag_tests'
91178 INFO: Analyzing hidden import 'numpy._core._rational_tests'
91178 INFO: Analyzing hidden import 'numpy._core._simd'
91180 INFO: Analyzing hidden import 'numpy._core._struct_ufunc_tests'
91180 INFO: Analyzing hidden import 'numpy._core._umath_tests'
91184 INFO: Analyzing hidden import 'numpy._core.cversions'
91187 INFO: Analyzing hidden import 'numpy._pyinstaller'
91189 INFO: Analyzing hidden import 'numpy._pyinstaller.hook-numpy'
91499 INFO: Processing standard module hook 'hook-win32ctypes.core.py' from 'C:\\Users\\Administrator\\AppData\\Local\\Programs\\Python\\Python313\\Lib\\site-packages\\PyInstaller\\hooks'
93548 INFO: Processing standard module hook 'hook-pycparser.py' from 'C:\\Users\\Administrator\\AppData\\Local\\Programs\\Python\\Python313\\Lib\\site-packages\\_pyinstaller_hooks_contrib\\stdhooks'
94642 INFO: Analyzing hidden import 'numpy._typing._extended_precision'
94644 INFO: Analyzing hidden import 'numpy._utils._pep440'
94659 INFO: Analyzing hidden import 'numpy.conftest'
94668 INFO: Analyzing hidden import 'numpy.core._dtype'
94669 INFO: Analyzing hidden import 'numpy.core._dtype_ctypes'
94670 INFO: Analyzing hidden import 'numpy.core._internal'
94671 INFO: Analyzing hidden import 'numpy.core._multiarray_umath'
94674 INFO: Analyzing hidden import 'numpy.core.arrayprint'
94676 INFO: Analyzing hidden import 'numpy.core.defchararray'
94678 INFO: Analyzing hidden import 'numpy.core.einsumfunc'
94683 INFO: Analyzing hidden import 'numpy.core.fromnumeric'
94684 INFO: Analyzing hidden import 'numpy.core.function_base'
94685 INFO: Analyzing hidden import 'numpy.core.getlimits'
94686 INFO: Analyzing hidden import 'numpy.core.numeric'
94687 INFO: Analyzing hidden import 'numpy.core.numerictypes'
94688 INFO: Analyzing hidden import 'numpy.core.overrides'
94689 INFO: Analyzing hidden import 'numpy.core.records'
94691 INFO: Analyzing hidden import 'numpy.core.shape_base'
94695 INFO: Analyzing hidden import 'numpy.core.umath'
94696 INFO: Analyzing hidden import 'numpy.f2py.__main__'
94696 INFO: Analyzing hidden import 'numpy.f2py._src_pyf'
94703 INFO: Analyzing hidden import 'numpy.fft.tests'
94705 INFO: Analyzing hidden import 'numpy.fft.tests.test_helper'
94715 INFO: Analyzing hidden import 'numpy.fft.tests.test_pocketfft'
94760 INFO: Analyzing hidden import 'numpy.lib._user_array_impl'
94775 INFO: Analyzing hidden import 'numpy.lib.tests'
94776 INFO: Analyzing hidden import 'numpy.lib.tests.test__datasource'
94789 INFO: Analyzing hidden import 'numpy.lib.tests.test__iotools'
94850 INFO: Analyzing hidden import 'numpy.lib.tests.test__version'
94855 INFO: Analyzing hidden import 'numpy.lib.tests.test_array_utils'
94860 INFO: Analyzing hidden import 'numpy.lib.tests.test_arraypad'
94936 INFO: Analyzing hidden import 'numpy.lib.tests.test_arraysetops'
95023 INFO: Analyzing hidden import 'numpy.lib.tests.test_arrayterator'
95027 INFO: Analyzing hidden import 'numpy.lib.tests.test_format'
95061 INFO: Analyzing hidden import 'numpy.lib.tests.test_function_base'
95381 INFO: Analyzing hidden import 'numpy.lib.tests.test_histograms'
95430 INFO: Analyzing hidden import 'numpy.lib.tests.test_index_tricks'
95471 INFO: Analyzing hidden import 'numpy.lib.tests.test_io'
95641 INFO: Analyzing hidden import 'numpy.lib.tests.test_loadtxt'
95700 INFO: Analyzing hidden import 'numpy.lib.tests.test_mixins'
95714 INFO: Analyzing hidden import 'numpy.lib.tests.test_nanfunctions'
95808 INFO: Analyzing hidden import 'numpy.lib.tests.test_packbits'
95832 INFO: Analyzing hidden import 'numpy.lib.tests.test_polynomial'
95855 INFO: Analyzing hidden import 'numpy.lib.tests.test_recfunctions'
95923 INFO: Analyzing hidden import 'numpy.lib.tests.test_regression'
95940 INFO: Analyzing hidden import 'numpy.lib.tests.test_shape_base'
95990 INFO: Analyzing hidden import 'numpy.lib.tests.test_stride_tricks'
96044 INFO: Analyzing hidden import 'numpy.lib.tests.test_twodim_base'
96080 INFO: Analyzing hidden import 'numpy.lib.tests.test_type_check'
96112 INFO: Analyzing hidden import 'numpy.lib.tests.test_ufunclike'
96122 INFO: Analyzing hidden import 'numpy.lib.tests.test_utils'
96125 INFO: Analyzing hidden import 'numpy.lib.user_array'
96127 INFO: Analyzing hidden import 'numpy.linalg.lapack_lite'
96137 INFO: Analyzing hidden import 'numpy.linalg.tests'
96138 INFO: Analyzing hidden import 'numpy.linalg.tests.test_deprecations'
96140 INFO: Analyzing hidden import 'numpy.linalg.tests.test_linalg'
96288 INFO: Analyzing hidden import 'numpy.linalg.tests.test_regression'
96302 INFO: Analyzing hidden import 'numpy.ma.tests'
96303 INFO: Analyzing hidden import 'numpy.ma.tests.test_arrayobject'
96305 INFO: Analyzing hidden import 'numpy.ma.tests.test_core'
96709 INFO: Analyzing hidden import 'numpy.ma.tests.test_deprecations'
96714 INFO: Analyzing hidden import 'numpy.ma.tests.test_extras'
96855 INFO: Analyzing hidden import 'numpy.ma.tests.test_mrecords'
96885 INFO: Analyzing hidden import 'numpy.ma.tests.test_old_ma'
96960 INFO: Analyzing hidden import 'numpy.ma.tests.test_regression'
96965 INFO: Analyzing hidden import 'numpy.ma.tests.test_subclassing'
96991 INFO: Analyzing hidden import 'numpy.matrixlib.tests'
96992 INFO: Analyzing hidden import 'numpy.matrixlib.tests.test_defmatrix'
97023 INFO: Analyzing hidden import 'numpy.matrixlib.tests.test_interaction'
97041 INFO: Analyzing hidden import 'numpy.matrixlib.tests.test_masked_matrix'
97056 INFO: Analyzing hidden import 'numpy.matrixlib.tests.test_matrix_linalg'
97062 INFO: Analyzing hidden import 'numpy.matrixlib.tests.test_multiarray'
97067 INFO: Analyzing hidden import 'numpy.matrixlib.tests.test_numeric'
97069 INFO: Analyzing hidden import 'numpy.matrixlib.tests.test_regression'
97070 INFO: Analyzing hidden import 'numpy.polynomial.tests'
97071 INFO: Analyzing hidden import 'numpy.polynomial.tests.test_chebyshev'
97115 INFO: Analyzing hidden import 'numpy.polynomial.tests.test_classes'
97153 INFO: Analyzing hidden import 'numpy.polynomial.tests.test_hermite'
97191 INFO: Analyzing hidden import 'numpy.polynomial.tests.test_hermite_e'
97227 INFO: Analyzing hidden import 'numpy.polynomial.tests.test_laguerre'
97264 INFO: Analyzing hidden import 'numpy.polynomial.tests.test_legendre'
97300 INFO: Analyzing hidden import 'numpy.polynomial.tests.test_polynomial'
97349 INFO: Analyzing hidden import 'numpy.polynomial.tests.test_polyutils'
97357 INFO: Analyzing hidden import 'numpy.polynomial.tests.test_printing'
97386 INFO: Analyzing hidden import 'numpy.polynomial.tests.test_symbol'
97399 INFO: Analyzing hidden import 'numpy.random.tests'
97399 INFO: Analyzing hidden import 'numpy.random.tests.data'
97400 INFO: Analyzing hidden import 'numpy.random.tests.test_direct'
97432 INFO: Analyzing hidden import 'numpy.random.tests.test_extending'
97448 INFO: Analyzing hidden import 'numpy.random.tests.test_generator_mt19937'
97619 INFO: Analyzing hidden import 'numpy.random.tests.test_generator_mt19937_regressions'
97632 INFO: Analyzing hidden import 'numpy.random.tests.test_random'
97731 INFO: Analyzing hidden import 'numpy.random.tests.test_randomstate'
97870 INFO: Analyzing hidden import 'numpy.random.tests.test_randomstate_regression'
97884 INFO: Analyzing hidden import 'numpy.random.tests.test_regression'
97894 INFO: Analyzing hidden import 'numpy.random.tests.test_seed_sequence'
97899 INFO: Analyzing hidden import 'numpy.random.tests.test_smoke'
97952 INFO: Analyzing hidden import 'numpy.testing.print_coercion_tables'
97962 INFO: Analyzing hidden import 'numpy.testing.tests'
97963 INFO: Analyzing hidden import 'numpy.testing.tests.test_utils'
98082 INFO: Analyzing hidden import 'numpy.tests'
98083 INFO: Analyzing hidden import 'numpy.tests.test__all__'
98085 INFO: Analyzing hidden import 'numpy.tests.test_configtool'
98091 INFO: Analyzing hidden import 'numpy.tests.test_ctypeslib'
98110 INFO: Analyzing hidden import 'numpy.tests.test_lazyloading'
98113 INFO: Analyzing hidden import 'numpy.tests.test_matlib'
98121 INFO: Analyzing hidden import 'numpy.tests.test_numpy_config'
98123 INFO: Analyzing hidden import 'numpy.tests.test_numpy_version'
98124 INFO: Analyzing hidden import 'numpy.tests.test_public_api'
98145 INFO: Analyzing hidden import 'numpy.tests.test_reloading'
98153 INFO: Analyzing hidden import 'numpy.tests.test_scripts'
98155 INFO: Analyzing hidden import 'numpy.tests.test_warnings'
98158 INFO: Analyzing hidden import 'numpy.typing.mypy_plugin'
98169 INFO: Analyzing hidden import 'numpy.typing.tests'
98169 INFO: Analyzing hidden import 'numpy.typing.tests.test_isfile'
98171 INFO: Analyzing hidden import 'numpy.typing.tests.test_runtime'
98180 INFO: Analyzing hidden import 'numpy.typing.tests.test_typing'
98188 INFO: Analyzing hidden import 'supabase.client'
98191 INFO: Processing module hooks (post-graph stage)...
98697 INFO: Processing standard module hook 'hook-lxml.isoschematron.py' from 'C:\\Users\\Administrator\\AppData\\Local\\Programs\\Python\\Python313\\Lib\\site-packages\\_pyinstaller_hooks_contrib\\stdhooks'
98774 WARNING: Hidden import "pycparser.lextab" not found!
98774 WARNING: Hidden import "pycparser.yacctab" not found!
99158 WARNING: Hidden import "tzdata" not found!
99492 INFO: Processing standard module hook 'hook-PIL.SpiderImagePlugin.py' from 'C:\\Users\\Administrator\\AppData\\Local\\Programs\\Python\\Python313\\Lib\\site-packages\\PyInstaller\\hooks'
99628 INFO: Processing standard module hook 'hook-lxml.objectify.py' from 'C:\\Users\\Administrator\\AppData\\Local\\Programs\\Python\\Python313\\Lib\\site-packages\\_pyinstaller_hooks_contrib\\stdhooks'
99680 INFO: Performing binary vs. data reclassification (3096 entries)
100163 INFO: Looking for ctypes DLLs
100305 INFO: Analyzing run-time hooks ...
100319 INFO: Including run-time hook 'pyi_rth_inspect.py' from 'C:\\Users\\Administrator\\AppData\\Local\\Programs\\Python\\Python313\\Lib\\site-packages\\PyInstaller\\hooks\\rthooks'
100328 INFO: Including run-time hook 'pyi_rth_pkgutil.py' from 'C:\\Users\\Administrator\\AppData\\Local\\Programs\\Python\\Python313\\Lib\\site-packages\\PyInstaller\\hooks\\rthooks'
100330 INFO: Including run-time hook 'pyi_rth_multiprocessing.py' from 'C:\\Users\\Administrator\\AppData\\Local\\Programs\\Python\\Python313\\Lib\\site-packages\\PyInstaller\\hooks\\rthooks'
100332 INFO: Including run-time hook 'pyi_rth_setuptools.py' from 'C:\\Users\\Administrator\\AppData\\Local\\Programs\\Python\\Python313\\Lib\\site-packages\\PyInstaller\\hooks\\rthooks'
100334 INFO: Including run-time hook 'pyi_rth_cryptography_openssl.py' from 'C:\\Users\\Administrator\\AppData\\Local\\Programs\\Python\\Python313\\Lib\\site-packages\\_pyinstaller_hooks_contrib\\rthooks'
100336 INFO: Including run-time hook 'pyi_rth_pyqt6.py' from 'C:\\Users\\Administrator\\AppData\\Local\\Programs\\Python\\Python313\\Lib\\site-packages\\PyInstaller\\hooks\\rthooks'
100342 INFO: Processing pre-find-module-path hook 'hook-_pyi_rth_utils.py' from 'C:\\Users\\Administrator\\AppData\\Local\\Programs\\Python\\Python313\\Lib\\site-packages\\PyInstaller\\hooks\\pre_find_module_path'
100344 INFO: Processing standard module hook 'hook-_pyi_rth_utils.py' from 'C:\\Users\\Administrator\\AppData\\Local\\Programs\\Python\\Python313\\Lib\\site-packages\\PyInstaller\\hooks'
100470 INFO: Creating base_library.zip...
100497 INFO: Looking for dynamic libraries
103148 INFO: Extra DLL search directories (AddDllDirectory): ['C:\\Users\\Administrator\\AppData\\Local\\Programs\\Python\\Python313\\Lib\\site-packages\\PyQt6\\Qt6\\bin', 'C:\\Users\\Administrator\\AppData\\Local\\Programs\\Python\\Python313\\Lib\\site-packages\\numpy.libs', 'C:\\Users\\Administrator\\AppData\\Local\\Programs\\Python\\Python313\\Lib\\site-packages\\cv2\\../../x64/vc17/bin', 'C:\\Users\\Administrator\\AppData\\Local\\Programs\\Python\\Python313\\Lib\\site-packages\\shapely.libs']
103148 INFO: Extra DLL search directories (PATH): ['C:\\Users\\Administrator\\AppData\\Local\\Programs\\Python\\Python313\\Lib\\site-packages\\cv2\\../../x64/vc17/bin', 'C:\\Users\\Administrator\\AppData\\Local\\Programs\\Python\\Python313\\Lib\\site-packages\\PyQt6\\Qt6\\bin']
105100 INFO: Warnings written to C:\Users\Administrator\Documents\projects\SCDossier\build\SCDossier\warn-SCDossier.txt
105251 INFO: Graph cross-reference written to C:\Users\Administrator\Documents\projects\SCDossier\build\SCDossier\xref-SCDossier.html
105415 INFO: checking PYZ
105415 INFO: Building PYZ because PYZ-00.toc is non existent
105416 INFO: Building PYZ (ZlibArchive) C:\Users\Administrator\Documents\projects\SCDossier\build\SCDossier\PYZ-00.pyz
106772 INFO: Building PYZ (ZlibArchive) C:\Users\Administrator\Documents\projects\SCDossier\build\SCDossier\PYZ-00.pyz completed successfully.
106811 INFO: checking PKG
106811 INFO: Building PKG because PKG-00.toc is non existent
106811 INFO: Building PKG (CArchive) SCDossier.pkg
106864 INFO: Building PKG (CArchive) SCDossier.pkg completed successfully.
106866 INFO: Bootloader C:\Users\Administrator\AppData\Local\Programs\Python\Python313\Lib\site-packages\PyInstaller\bootloader\Windows-64bit-intel\runw.exe
106866 INFO: checking EXE
106866 INFO: Building EXE because EXE-00.toc is non existent
106866 INFO: Building EXE from EXE-00.toc
106867 INFO: Copying bootloader EXE to C:\Users\Administrator\Documents\projects\SCDossier\build\SCDossier\SCDossier.exe
106947 INFO: Copying icon to EXE
107001 INFO: Copying 0 resources to EXE
107001 INFO: Embedding manifest in EXE
107070 INFO: Appending PKG archive to EXE
107236 INFO: Fixing EXE headers
107593 INFO: Building EXE from EXE-00.toc completed successfully.
107625 INFO: checking COLLECT
107626 INFO: Building COLLECT because COLLECT-00.toc is non existent
107626 INFO: Building COLLECT COLLECT-00.toc
112359 INFO: Building COLLECT COLLECT-00.toc completed successfully.
112431 INFO: Build complete! The results are available in: C:\Users\Administrator\Documents\projects\SCDossier\dist
Inno Setup 6 Command-Line Compiler
Copyright (C) 1997-2026 Jordan Russell. All rights reserved.
Portions Copyright (C) 2000-2026 Martijn Laan. All rights reserved.
Portions Copyright (C) 2001-2004 Alex Yackimoff. All rights reserved.
https://www.innosetup.com

Compiler engine version: Inno Setup 6.7.2
Non-commercial use only

Preprocessing
   Reading file: C:\Program Files (x86)\Inno Setup 6\ISPPBuiltins.iss
Parsing [Setup] section, line 9
Parsing [Setup] section, line 10
Parsing [Setup] section, line 11
Parsing [Setup] section, line 12
Parsing [Setup] section, line 13
Parsing [Setup] section, line 14
Parsing [Setup] section, line 15
Parsing [Setup] section, line 16
Parsing [Setup] section, line 17
Parsing [Setup] section, line 18
Parsing [Setup] section, line 19
Parsing [Setup] section, line 20
Parsing [Setup] section, line 21
Parsing [Setup] section, line 22
Parsing [Setup] section, line 23
Parsing [Setup] section, line 24
Parsing [Setup] section, line 25
Parsing [Setup] section, line 27
Parsing [Setup] section, line 29
Reading file (InfoAfterFile)
Reading file (WizardImageFile)
Reading file (WizardSmallImageFile)
Preparing Setup program executable
   Verification successful
   Updating icons (Setup.e32)
   Updating version info (Setup.e32)
Determining language code pages
Parsing [Languages] section, line 37
   Reading file: C:\Program Files (x86)\Inno Setup 6\Default.isl
   Messages in script file
Reading default messages from Default.isl
Parsing [Languages] section, line 37
   Reading file: C:\Program Files (x86)\Inno Setup 6\Default.isl
Parsing [LangOptions], [Messages], and [CustomMessages] sections
   Messages in script file
Reading [Code] section
Parsing [Tasks] section, line 40
Parsing [Icons] section, line 47
Parsing [Icons] section, line 48
Parsing [UninstallDelete] section, line 55
Parsing [UninstallDelete] section, line 56
Parsing [Run] section, line 51
Parsing [UninstallRun] section, line 60
Parsing [UninstallRun] section, line 61
Parsing [UninstallRun] section, line 62
Parsing [Files] section, line 43
Deleting SCDossier-Setup.exe from output directory
Creating setup files
   Verification successful
   Updating icons (Setup.exe)
   Compressing: C:\Users\Administrator\Documents\projects\SCDossier\dist\SCDossier\SCDossier.exe
   Compressing: C:\Users\Administrator\Documents\projects\SCDossier\dist\SCDossier\_internal\api-ms-win-core-console-l1-1-0.dll
   Compressing: C:\Users\Administrator\Documents\projects\SCDossier\dist\SCDossier\_internal\api-ms-win-core-datetime-l1-1-0.dll
   Compressing: C:\Users\Administrator\Documents\projects\SCDossier\dist\SCDossier\_internal\api-ms-win-core-debug-l1-1-0.dll
   Compressing: C:\Users\Administrator\Documents\projects\SCDossier\dist\SCDossier\_internal\api-ms-win-core-errorhandling-l1-1-0.dll
   Compressing: C:\Users\Administrator\Documents\projects\SCDossier\dist\SCDossier\_internal\api-ms-win-core-fibers-l1-1-0.dll
   Compressing: C:\Users\Administrator\Documents\projects\SCDossier\dist\SCDossier\_internal\api-ms-win-core-file-l1-1-0.dll
   Compressing: C:\Users\Administrator\Documents\projects\SCDossier\dist\SCDossier\_internal\api-ms-win-core-file-l1-2-0.dll
   Compressing: C:\Users\Administrator\Documents\projects\SCDossier\dist\SCDossier\_internal\api-ms-win-core-file-l2-1-0.dll
   Compressing: C:\Users\Administrator\Documents\projects\SCDossier\dist\SCDossier\_internal\api-ms-win-core-handle-l1-1-0.dll
   Compressing: C:\Users\Administrator\Documents\projects\SCDossier\dist\SCDossier\_internal\api-ms-win-core-heap-l1-1-0.dll
   Compressing: C:\Users\Administrator\Documents\projects\SCDossier\dist\SCDossier\_internal\api-ms-win-core-interlocked-l1-1-0.dll
   Compressing: C:\Users\Administrator\Documents\projects\SCDossier\dist\SCDossier\_internal\api-ms-win-core-libraryloader-l1-1-0.dll
   Compressing: C:\Users\Administrator\Documents\projects\SCDossier\dist\SCDossier\_internal\api-ms-win-core-localization-l1-2-0.dll
   Compressing: C:\Users\Administrator\Documents\projects\SCDossier\dist\SCDossier\_internal\api-ms-win-core-memory-l1-1-0.dll
   Compressing: C:\Users\Administrator\Documents\projects\SCDossier\dist\SCDossier\_internal\api-ms-win-core-namedpipe-l1-1-0.dll
   Compressing: C:\Users\Administrator\Documents\projects\SCDossier\dist\SCDossier\_internal\api-ms-win-core-processenvironment-l1-1-0.dll
   Compressing: C:\Users\Administrator\Documents\projects\SCDossier\dist\SCDossier\_internal\api-ms-win-core-processthreads-l1-1-0.dll
   Compressing: C:\Users\Administrator\Documents\projects\SCDossier\dist\SCDossier\_internal\api-ms-win-core-processthreads-l1-1-1.dll
   Compressing: C:\Users\Administrator\Documents\projects\SCDossier\dist\SCDossier\_internal\api-ms-win-core-profile-l1-1-0.dll
   Compressing: C:\Users\Administrator\Documents\projects\SCDossier\dist\SCDossier\_internal\api-ms-win-core-rtlsupport-l1-1-0.dll
   Compressing: C:\Users\Administrator\Documents\projects\SCDossier\dist\SCDossier\_internal\api-ms-win-core-string-l1-1-0.dll
   Compressing: C:\Users\Administrator\Documents\projects\SCDossier\dist\SCDossier\_internal\api-ms-win-core-synch-l1-1-0.dll
   Compressing: C:\Users\Administrator\Documents\projects\SCDossier\dist\SCDossier\_internal\api-ms-win-core-synch-l1-2-0.dll
   Compressing: C:\Users\Administrator\Documents\projects\SCDossier\dist\SCDossier\_internal\api-ms-win-core-sysinfo-l1-1-0.dll
   Compressing: C:\Users\Administrator\Documents\projects\SCDossier\dist\SCDossier\_internal\api-ms-win-core-timezone-l1-1-0.dll
   Compressing: C:\Users\Administrator\Documents\projects\SCDossier\dist\SCDossier\_internal\api-ms-win-core-util-l1-1-0.dll
   Compressing: C:\Users\Administrator\Documents\projects\SCDossier\dist\SCDossier\_internal\api-ms-win-crt-conio-l1-1-0.dll
   Compressing: C:\Users\Administrator\Documents\projects\SCDossier\dist\SCDossier\_internal\api-ms-win-crt-convert-l1-1-0.dll
   Compressing: C:\Users\Administrator\Documents\projects\SCDossier\dist\SCDossier\_internal\api-ms-win-crt-environment-l1-1-0.dll
   Compressing: C:\Users\Administrator\Documents\projects\SCDossier\dist\SCDossier\_internal\api-ms-win-crt-filesystem-l1-1-0.dll
   Compressing: C:\Users\Administrator\Documents\projects\SCDossier\dist\SCDossier\_internal\api-ms-win-crt-heap-l1-1-0.dll
   Compressing: C:\Users\Administrator\Documents\projects\SCDossier\dist\SCDossier\_internal\api-ms-win-crt-locale-l1-1-0.dll
   Compressing: C:\Users\Administrator\Documents\projects\SCDossier\dist\SCDossier\_internal\api-ms-win-crt-math-l1-1-0.dll
   Compressing: C:\Users\Administrator\Documents\projects\SCDossier\dist\SCDossier\_internal\api-ms-win-crt-private-l1-1-0.dll
   Compressing: C:\Users\Administrator\Documents\projects\SCDossier\dist\SCDossier\_internal\api-ms-win-crt-process-l1-1-0.dll
   Compressing: C:\Users\Administrator\Documents\projects\SCDossier\dist\SCDossier\_internal\api-ms-win-crt-runtime-l1-1-0.dll
   Compressing: C:\Users\Administrator\Documents\projects\SCDossier\dist\SCDossier\_internal\api-ms-win-crt-stdio-l1-1-0.dll
   Compressing: C:\Users\Administrator\Documents\projects\SCDossier\dist\SCDossier\_internal\api-ms-win-crt-string-l1-1-0.dll
   Compressing: C:\Users\Administrator\Documents\projects\SCDossier\dist\SCDossier\_internal\api-ms-win-crt-time-l1-1-0.dll
   Compressing: C:\Users\Administrator\Documents\projects\SCDossier\dist\SCDossier\_internal\api-ms-win-crt-utility-l1-1-0.dll
   Compressing: C:\Users\Administrator\Documents\projects\SCDossier\dist\SCDossier\_internal\base_library.zip
   Compressing: C:\Users\Administrator\Documents\projects\SCDossier\dist\SCDossier\_internal\dbgcore.dll
   Compressing: C:\Users\Administrator\Documents\projects\SCDossier\dist\SCDossier\_internal\dbghelp.dll
   Compressing: C:\Users\Administrator\Documents\projects\SCDossier\dist\SCDossier\_internal\libcrypto-3.dll
   Compressing: C:\Users\Administrator\Documents\projects\SCDossier\dist\SCDossier\_internal\libffi-8.dll
   Compressing: C:\Users\Administrator\Documents\projects\SCDossier\dist\SCDossier\_internal\libssl-3.dll
   Compressing: C:\Users\Administrator\Documents\projects\SCDossier\dist\SCDossier\_internal\msvcp140.dll
   Compressing: C:\Users\Administrator\Documents\projects\SCDossier\dist\SCDossier\_internal\pyexpat.pyd
   Compressing: C:\Users\Administrator\Documents\projects\SCDossier\dist\SCDossier\_internal\python3.dll
   Compressing: C:\Users\Administrator\Documents\projects\SCDossier\dist\SCDossier\_internal\python313.dll
   Compressing: C:\Users\Administrator\Documents\projects\SCDossier\dist\SCDossier\_internal\select.pyd
   Compressing: C:\Users\Administrator\Documents\projects\SCDossier\dist\SCDossier\_internal\ucrtbase.dll
   Compressing: C:\Users\Administrator\Documents\projects\SCDossier\dist\SCDossier\_internal\unicodedata.pyd
   Compressing: C:\Users\Administrator\Documents\projects\SCDossier\dist\SCDossier\_internal\vcruntime140.dll
   Compressing: C:\Users\Administrator\Documents\projects\SCDossier\dist\SCDossier\_internal\vcruntime140_1.dll
   Compressing: C:\Users\Administrator\Documents\projects\SCDossier\dist\SCDossier\_internal\_asyncio.pyd
   Compressing: C:\Users\Administrator\Documents\projects\SCDossier\dist\SCDossier\_internal\_bz2.pyd
   Compressing: C:\Users\Administrator\Documents\projects\SCDossier\dist\SCDossier\_internal\_cffi_backend.cp313-win_amd64.pyd
   Compressing: C:\Users\Administrator\Documents\projects\SCDossier\dist\SCDossier\_internal\_ctypes.pyd
   Compressing: C:\Users\Administrator\Documents\projects\SCDossier\dist\SCDossier\_internal\_decimal.pyd
   Compressing: C:\Users\Administrator\Documents\projects\SCDossier\dist\SCDossier\_internal\_elementtree.pyd
   Compressing: C:\Users\Administrator\Documents\projects\SCDossier\dist\SCDossier\_internal\_hashlib.pyd
   Compressing: C:\Users\Administrator\Documents\projects\SCDossier\dist\SCDossier\_internal\_lzma.pyd
   Compressing: C:\Users\Administrator\Documents\projects\SCDossier\dist\SCDossier\_internal\_multiprocessing.pyd
   Compressing: C:\Users\Administrator\Documents\projects\SCDossier\dist\SCDossier\_internal\_overlapped.pyd
   Compressing: C:\Users\Administrator\Documents\projects\SCDossier\dist\SCDossier\_internal\_queue.pyd
   Compressing: C:\Users\Administrator\Documents\projects\SCDossier\dist\SCDossier\_internal\_socket.pyd
   Compressing: C:\Users\Administrator\Documents\projects\SCDossier\dist\SCDossier\_internal\_ssl.pyd
   Compressing: C:\Users\Administrator\Documents\projects\SCDossier\dist\SCDossier\_internal\_uuid.pyd
   Compressing: C:\Users\Administrator\Documents\projects\SCDossier\dist\SCDossier\_internal\_wmi.pyd
   Compressing: C:\Users\Administrator\Documents\projects\SCDossier\dist\SCDossier\_internal\_zoneinfo.pyd
   Compressing: C:\Users\Administrator\Documents\projects\SCDossier\dist\SCDossier\_internal\certifi\cacert.pem
   Compressing: C:\Users\Administrator\Documents\projects\SCDossier\dist\SCDossier\_internal\certifi\py.typed
   Compressing: C:\Users\Administrator\Documents\projects\SCDossier\dist\SCDossier\_internal\charset_normalizer\cd.cp313-win_amd64.pyd
   Compressing: C:\Users\Administrator\Documents\projects\SCDossier\dist\SCDossier\_internal\charset_normalizer\md.cp313-win_amd64.pyd
   Compressing: C:\Users\Administrator\Documents\projects\SCDossier\dist\SCDossier\_internal\cryptography\hazmat\bindings\_rust.pyd
   Compressing: C:\Users\Administrator\Documents\projects\SCDossier\dist\SCDossier\_internal\cryptography-50.0.1.dist-info\INSTALLER
   Compressing: C:\Users\Administrator\Documents\projects\SCDossier\dist\SCDossier\_internal\cryptography-50.0.1.dist-info\METADATA
   Compressing: C:\Users\Administrator\Documents\projects\SCDossier\dist\SCDossier\_internal\cryptography-50.0.1.dist-info\RECORD
   Compressing: C:\Users\Administrator\Documents\projects\SCDossier\dist\SCDossier\_internal\cryptography-50.0.1.dist-info\WHEEL
   Compressing: C:\Users\Administrator\Documents\projects\SCDossier\dist\SCDossier\_internal\cryptography-50.0.1.dist-info\licenses\LICENSE
   Compressing: C:\Users\Administrator\Documents\projects\SCDossier\dist\SCDossier\_internal\cryptography-50.0.1.dist-info\licenses\LICENSE.APACHE
   Compressing: C:\Users\Administrator\Documents\projects\SCDossier\dist\SCDossier\_internal\cryptography-50.0.1.dist-info\licenses\LICENSE.BSD
   Compressing: C:\Users\Administrator\Documents\projects\SCDossier\dist\SCDossier\_internal\cryptography-50.0.1.dist-info\sboms\cryptography-rust.cyclonedx.json
   Compressing: C:\Users\Administrator\Documents\projects\SCDossier\dist\SCDossier\_internal\cryptography-50.0.1.dist-info\sboms\sbom.json
   Compressing: C:\Users\Administrator\Documents\projects\SCDossier\dist\SCDossier\_internal\cv2\config-3.py
   Compressing: C:\Users\Administrator\Documents\projects\SCDossier\dist\SCDossier\_internal\cv2\config.py
   Compressing: C:\Users\Administrator\Documents\projects\SCDossier\dist\SCDossier\_internal\cv2\cv2.pyd
   Compressing: C:\Users\Administrator\Documents\projects\SCDossier\dist\SCDossier\_internal\cv2\load_config_py3.py
   Compressing: C:\Users\Administrator\Documents\projects\SCDossier\dist\SCDossier\_internal\cv2\opencv_videoio_ffmpeg500_64.dll
   Compressing: C:\Users\Administrator\Documents\projects\SCDossier\dist\SCDossier\_internal\cv2\version.py
   Compressing: C:\Users\Administrator\Documents\projects\SCDossier\dist\SCDossier\_internal\cv2\__init__.py
   Compressing: C:\Users\Administrator\Documents\projects\SCDossier\dist\SCDossier\_internal\cv2\data\__init__.py
   Compressing: C:\Users\Administrator\Documents\projects\SCDossier\dist\SCDossier\_internal\cv2\mat_wrapper\__init__.py
   Compressing: C:\Users\Administrator\Documents\projects\SCDossier\dist\SCDossier\_internal\cv2\misc\version.py
   Compressing: C:\Users\Administrator\Documents\projects\SCDossier\dist\SCDossier\_internal\cv2\misc\__init__.py
   Compressing: C:\Users\Administrator\Documents\projects\SCDossier\dist\SCDossier\_internal\cv2\typing\__init__.py
   Compressing: C:\Users\Administrator\Documents\projects\SCDossier\dist\SCDossier\_internal\cv2\utils\__init__.py
   Compressing: C:\Users\Administrator\Documents\projects\SCDossier\dist\SCDossier\_internal\h2-4.4.1.dist-info\INSTALLER
   Compressing: C:\Users\Administrator\Documents\projects\SCDossier\dist\SCDossier\_internal\h2-4.4.1.dist-info\METADATA
   Compressing: C:\Users\Administrator\Documents\projects\SCDossier\dist\SCDossier\_internal\h2-4.4.1.dist-info\RECORD
   Compressing: C:\Users\Administrator\Documents\projects\SCDossier\dist\SCDossier\_internal\h2-4.4.1.dist-info\top_level.txt
   Compressing: C:\Users\Administrator\Documents\projects\SCDossier\dist\SCDossier\_internal\h2-4.4.1.dist-info\WHEEL
   Compressing: C:\Users\Administrator\Documents\projects\SCDossier\dist\SCDossier\_internal\h2-4.4.1.dist-info\licenses\LICENSE
   Compressing: C:\Users\Administrator\Documents\projects\SCDossier\dist\SCDossier\_internal\lxml\builder.cp313-win_amd64.pyd
   Compressing: C:\Users\Administrator\Documents\projects\SCDossier\dist\SCDossier\_internal\lxml\etree.cp313-win_amd64.pyd
   Compressing: C:\Users\Administrator\Documents\projects\SCDossier\dist\SCDossier\_internal\lxml\objectify.cp313-win_amd64.pyd
   Compressing: C:\Users\Administrator\Documents\projects\SCDossier\dist\SCDossier\_internal\lxml\sax.cp313-win_amd64.pyd
   Compressing: C:\Users\Administrator\Documents\projects\SCDossier\dist\SCDossier\_internal\lxml\_elementpath.cp313-win_amd64.pyd
   Compressing: C:\Users\Administrator\Documents\projects\SCDossier\dist\SCDossier\_internal\lxml\html\diff.cp313-win_amd64.pyd
   Compressing: C:\Users\Administrator\Documents\projects\SCDossier\dist\SCDossier\_internal\lxml\html\_difflib.cp313-win_amd64.pyd
   Compressing: C:\Users\Administrator\Documents\projects\SCDossier\dist\SCDossier\_internal\lxml\isoschematron\resources\rng\iso-schematron.rng
   Compressing: C:\Users\Administrator\Documents\projects\SCDossier\dist\SCDossier\_internal\lxml\isoschematron\resources\xsl\RNG2Schtrn.xsl
   Compressing: C:\Users\Administrator\Documents\projects\SCDossier\dist\SCDossier\_internal\lxml\isoschematron\resources\xsl\XSD2Schtrn.xsl
   Compressing: C:\Users\Administrator\Documents\projects\SCDossier\dist\SCDossier\_internal\lxml\isoschematron\resources\xsl\iso-schematron-xslt1\iso_abstract_expand.xsl
   Compressing: C:\Users\Administrator\Documents\projects\SCDossier\dist\SCDossier\_internal\lxml\isoschematron\resources\xsl\iso-schematron-xslt1\iso_dsdl_include.xsl
   Compressing: C:\Users\Administrator\Documents\projects\SCDossier\dist\SCDossier\_internal\lxml\isoschematron\resources\xsl\iso-schematron-xslt1\iso_schematron_message.xsl
   Compressing: C:\Users\Administrator\Documents\projects\SCDossier\dist\SCDossier\_internal\lxml\isoschematron\resources\xsl\iso-schematron-xslt1\iso_schematron_skeleton_for_xslt1.xsl
   Compressing: C:\Users\Administrator\Documents\projects\SCDossier\dist\SCDossier\_internal\lxml\isoschematron\resources\xsl\iso-schematron-xslt1\iso_svrl_for_xslt1.xsl
   Compressing: C:\Users\Administrator\Documents\projects\SCDossier\dist\SCDossier\_internal\lxml\isoschematron\resources\xsl\iso-schematron-xslt1\readme.txt
   Compressing: C:\Users\Administrator\Documents\projects\SCDossier\dist\SCDossier\_internal\multidict\_multidict.cp313-win_amd64.pyd
   Compressing: C:\Users\Administrator\Documents\projects\SCDossier\dist\SCDossier\_internal\numpy\conftest.py
   Compressing: C:\Users\Administrator\Documents\projects\SCDossier\dist\SCDossier\_internal\numpy\dtypes.py
   Compressing: C:\Users\Administrator\Documents\projects\SCDossier\dist\SCDossier\_internal\numpy\dtypes.pyi
   Compressing: C:\Users\Administrator\Documents\projects\SCDossier\dist\SCDossier\_internal\numpy\exceptions.py
   Compressing: C:\Users\Administrator\Documents\projects\SCDossier\dist\SCDossier\_internal\numpy\exceptions.pyi
   Compressing: C:\Users\Administrator\Documents\projects\SCDossier\dist\SCDossier\_internal\numpy\matlib.py
   Compressing: C:\Users\Administrator\Documents\projects\SCDossier\dist\SCDossier\_internal\numpy\matlib.pyi
   Compressing: C:\Users\Administrator\Documents\projects\SCDossier\dist\SCDossier\_internal\numpy\py.typed
   Compressing: C:\Users\Administrator\Documents\projects\SCDossier\dist\SCDossier\_internal\numpy\version.py
   Compressing: C:\Users\Administrator\Documents\projects\SCDossier\dist\SCDossier\_internal\numpy\version.pyi
   Compressing: C:\Users\Administrator\Documents\projects\SCDossier\dist\SCDossier\_internal\numpy\_array_api_info.py
   Compressing: C:\Users\Administrator\Documents\projects\SCDossier\dist\SCDossier\_internal\numpy\_array_api_info.pyi
   Compressing: C:\Users\Administrator\Documents\projects\SCDossier\dist\SCDossier\_internal\numpy\_configtool.py
   Compressing: C:\Users\Administrator\Documents\projects\SCDossier\dist\SCDossier\_internal\numpy\_configtool.pyi
   Compressing: C:\Users\Administrator\Documents\projects\SCDossier\dist\SCDossier\_internal\numpy\_distributor_init.py
   Compressing: C:\Users\Administrator\Documents\projects\SCDossier\dist\SCDossier\_internal\numpy\_distributor_init.pyi
   Compressing: C:\Users\Administrator\Documents\projects\SCDossier\dist\SCDossier\_internal\numpy\_expired_attrs_2_0.py
   Compressing: C:\Users\Administrator\Documents\projects\SCDossier\dist\SCDossier\_internal\numpy\_expired_attrs_2_0.pyi
   Compressing: C:\Users\Administrator\Documents\projects\SCDossier\dist\SCDossier\_internal\numpy\_globals.py
   Compressing: C:\Users\Administrator\Documents\projects\SCDossier\dist\SCDossier\_internal\numpy\_globals.pyi
   Compressing: C:\Users\Administrator\Documents\projects\SCDossier\dist\SCDossier\_internal\numpy\_pytesttester.py
   Compressing: C:\Users\Administrator\Documents\projects\SCDossier\dist\SCDossier\_internal\numpy\_pytesttester.pyi
   Compressing: C:\Users\Administrator\Documents\projects\SCDossier\dist\SCDossier\_internal\numpy\__config__.py
   Compressing: C:\Users\Administrator\Documents\projects\SCDossier\dist\SCDossier\_internal\numpy\__config__.pyi
   Compressing: C:\Users\Administrator\Documents\projects\SCDossier\dist\SCDossier\_internal\numpy\__init__.cython-30.pxd
   Compressing: C:\Users\Administrator\Documents\projects\SCDossier\dist\SCDossier\_internal\numpy\__init__.pxd
   Compressing: C:\Users\Administrator\Documents\projects\SCDossier\dist\SCDossier\_internal\numpy\__init__.py
   Compressing: C:\Users\Administrator\Documents\projects\SCDossier\dist\SCDossier\_internal\numpy\__init__.pyi
   Compressing: C:\Users\Administrator\Documents\projects\SCDossier\dist\SCDossier\_internal\numpy\char\__init__.py
   Compressing: C:\Users\Administrator\Documents\projects\SCDossier\dist\SCDossier\_internal\numpy\char\__init__.pyi
   Compressing: C:\Users\Administrator\Documents\projects\SCDossier\dist\SCDossier\_internal\numpy\core\arrayprint.py
   Compressing: C:\Users\Administrator\Documents\projects\SCDossier\dist\SCDossier\_internal\numpy\core\arrayprint.pyi
   Compressing: C:\Users\Administrator\Documents\projects\SCDossier\dist\SCDossier\_internal\numpy\core\defchararray.py
   Compressing: C:\Users\Administrator\Documents\projects\SCDossier\dist\SCDossier\_internal\numpy\core\defchararray.pyi
   Compressing: C:\Users\Administrator\Documents\projects\SCDossier\dist\SCDossier\_internal\numpy\core\einsumfunc.py
   Compressing: C:\Users\Administrator\Documents\projects\SCDossier\dist\SCDossier\_internal\numpy\core\einsumfunc.pyi
   Compressing: C:\Users\Administrator\Documents\projects\SCDossier\dist\SCDossier\_internal\numpy\core\fromnumeric.py
   Compressing: C:\Users\Administrator\Documents\projects\SCDossier\dist\SCDossier\_internal\numpy\core\fromnumeric.pyi
   Compressing: C:\Users\Administrator\Documents\projects\SCDossier\dist\SCDossier\_internal\numpy\core\function_base.py
   Compressing: C:\Users\Administrator\Documents\projects\SCDossier\dist\SCDossier\_internal\numpy\core\function_base.pyi
   Compressing: C:\Users\Administrator\Documents\projects\SCDossier\dist\SCDossier\_internal\numpy\core\getlimits.py
   Compressing: C:\Users\Administrator\Documents\projects\SCDossier\dist\SCDossier\_internal\numpy\core\getlimits.pyi
   Compressing: C:\Users\Administrator\Documents\projects\SCDossier\dist\SCDossier\_internal\numpy\core\multiarray.py
   Compressing: C:\Users\Administrator\Documents\projects\SCDossier\dist\SCDossier\_internal\numpy\core\multiarray.pyi
   Compressing: C:\Users\Administrator\Documents\projects\SCDossier\dist\SCDossier\_internal\numpy\core\numeric.py
   Compressing: C:\Users\Administrator\Documents\projects\SCDossier\dist\SCDossier\_internal\numpy\core\numeric.pyi
   Compressing: C:\Users\Administrator\Documents\projects\SCDossier\dist\SCDossier\_internal\numpy\core\numerictypes.py
   Compressing: C:\Users\Administrator\Documents\projects\SCDossier\dist\SCDossier\_internal\numpy\core\numerictypes.pyi
   Compressing: C:\Users\Administrator\Documents\projects\SCDossier\dist\SCDossier\_internal\numpy\core\overrides.py
   Compressing: C:\Users\Administrator\Documents\projects\SCDossier\dist\SCDossier\_internal\numpy\core\overrides.pyi
   Compressing: C:\Users\Administrator\Documents\projects\SCDossier\dist\SCDossier\_internal\numpy\core\records.py
   Compressing: C:\Users\Administrator\Documents\projects\SCDossier\dist\SCDossier\_internal\numpy\core\records.pyi
   Compressing: C:\Users\Administrator\Documents\projects\SCDossier\dist\SCDossier\_internal\numpy\core\shape_base.py
   Compressing: C:\Users\Administrator\Documents\projects\SCDossier\dist\SCDossier\_internal\numpy\core\shape_base.pyi
   Compressing: C:\Users\Administrator\Documents\projects\SCDossier\dist\SCDossier\_internal\numpy\core\umath.py
   Compressing: C:\Users\Administrator\Documents\projects\SCDossier\dist\SCDossier\_internal\numpy\core\umath.pyi
   Compressing: C:\Users\Administrator\Documents\projects\SCDossier\dist\SCDossier\_internal\numpy\core\_dtype.py
   Compressing: C:\Users\Administrator\Documents\projects\SCDossier\dist\SCDossier\_internal\numpy\core\_dtype.pyi
   Compressing: C:\Users\Administrator\Documents\projects\SCDossier\dist\SCDossier\_internal\numpy\core\_dtype_ctypes.py
   Compressing: C:\Users\Administrator\Documents\projects\SCDossier\dist\SCDossier\_internal\numpy\core\_dtype_ctypes.pyi
   Compressing: C:\Users\Administrator\Documents\projects\SCDossier\dist\SCDossier\_internal\numpy\core\_internal.py
   Compressing: C:\Users\Administrator\Documents\projects\SCDossier\dist\SCDossier\_internal\numpy\core\_internal.pyi
   Compressing: C:\Users\Administrator\Documents\projects\SCDossier\dist\SCDossier\_internal\numpy\core\_multiarray_umath.py
   Compressing: C:\Users\Administrator\Documents\projects\SCDossier\dist\SCDossier\_internal\numpy\core\_utils.py
   Compressing: C:\Users\Administrator\Documents\projects\SCDossier\dist\SCDossier\_internal\numpy\core\__init__.py
   Compressing: C:\Users\Administrator\Documents\projects\SCDossier\dist\SCDossier\_internal\numpy\core\__init__.pyi
   Compressing: C:\Users\Administrator\Documents\projects\SCDossier\dist\SCDossier\_internal\numpy\ctypeslib\_ctypeslib.py
   Compressing: C:\Users\Administrator\Documents\projects\SCDossier\dist\SCDossier\_internal\numpy\ctypeslib\_ctypeslib.pyi
   Compressing: C:\Users\Administrator\Documents\projects\SCDossier\dist\SCDossier\_internal\numpy\ctypeslib\__init__.py
   Compressing: C:\Users\Administrator\Documents\projects\SCDossier\dist\SCDossier\_internal\numpy\ctypeslib\__init__.pyi
   Compressing: C:\Users\Administrator\Documents\projects\SCDossier\dist\SCDossier\_internal\numpy\doc\ufuncs.py
   Compressing: C:\Users\Administrator\Documents\projects\SCDossier\dist\SCDossier\_internal\numpy\f2py\auxfuncs.py
   Compressing: C:\Users\Administrator\Documents\projects\SCDossier\dist\SCDossier\_internal\numpy\f2py\auxfuncs.pyi
   Compressing: C:\Users\Administrator\Documents\projects\SCDossier\dist\SCDossier\_internal\numpy\f2py\capi_maps.py
   Compressing: C:\Users\Administrator\Documents\projects\SCDossier\dist\SCDossier\_internal\numpy\f2py\capi_maps.pyi
   Compressing: C:\Users\Administrator\Documents\projects\SCDossier\dist\SCDossier\_internal\numpy\f2py\cb_rules.py
   Compressing: C:\Users\Administrator\Documents\projects\SCDossier\dist\SCDossier\_internal\numpy\f2py\cb_rules.pyi
   Compressing: C:\Users\Administrator\Documents\projects\SCDossier\dist\SCDossier\_internal\numpy\f2py\cfuncs.py
   Compressing: C:\Users\Administrator\Documents\projects\SCDossier\dist\SCDossier\_internal\numpy\f2py\cfuncs.pyi
   Compressing: C:\Users\Administrator\Documents\projects\SCDossier\dist\SCDossier\_internal\numpy\f2py\common_rules.py
   Compressing: C:\Users\Administrator\Documents\projects\SCDossier\dist\SCDossier\_internal\numpy\f2py\common_rules.pyi
   Compressing: C:\Users\Administrator\Documents\projects\SCDossier\dist\SCDossier\_internal\numpy\f2py\crackfortran.py
   Compressing: C:\Users\Administrator\Documents\projects\SCDossier\dist\SCDossier\_internal\numpy\f2py\crackfortran.pyi
   Compressing: C:\Users\Administrator\Documents\projects\SCDossier\dist\SCDossier\_internal\numpy\f2py\diagnose.py
   Compressing: C:\Users\Administrator\Documents\projects\SCDossier\dist\SCDossier\_internal\numpy\f2py\diagnose.pyi
   Compressing: C:\Users\Administrator\Documents\projects\SCDossier\dist\SCDossier\_internal\numpy\f2py\f2py2e.py
   Compressing: C:\Users\Administrator\Documents\projects\SCDossier\dist\SCDossier\_internal\numpy\f2py\f2py2e.pyi
   Compressing: C:\Users\Administrator\Documents\projects\SCDossier\dist\SCDossier\_internal\numpy\f2py\f90mod_rules.py
   Compressing: C:\Users\Administrator\Documents\projects\SCDossier\dist\SCDossier\_internal\numpy\f2py\f90mod_rules.pyi
   Compressing: C:\Users\Administrator\Documents\projects\SCDossier\dist\SCDossier\_internal\numpy\f2py\func2subr.py
   Compressing: C:\Users\Administrator\Documents\projects\SCDossier\dist\SCDossier\_internal\numpy\f2py\func2subr.pyi
   Compressing: C:\Users\Administrator\Documents\projects\SCDossier\dist\SCDossier\_internal\numpy\f2py\rules.py
   Compressing: C:\Users\Administrator\Documents\projects\SCDossier\dist\SCDossier\_internal\numpy\f2py\rules.pyi
   Compressing: C:\Users\Administrator\Documents\projects\SCDossier\dist\SCDossier\_internal\numpy\f2py\setup.cfg
   Compressing: C:\Users\Administrator\Documents\projects\SCDossier\dist\SCDossier\_internal\numpy\f2py\symbolic.py
   Compressing: C:\Users\Administrator\Documents\projects\SCDossier\dist\SCDossier\_internal\numpy\f2py\symbolic.pyi
   Compressing: C:\Users\Administrator\Documents\projects\SCDossier\dist\SCDossier\_internal\numpy\f2py\use_rules.py
   Compressing: C:\Users\Administrator\Documents\projects\SCDossier\dist\SCDossier\_internal\numpy\f2py\use_rules.pyi
   Compressing: C:\Users\Administrator\Documents\projects\SCDossier\dist\SCDossier\_internal\numpy\f2py\_isocbind.py
   Compressing: C:\Users\Administrator\Documents\projects\SCDossier\dist\SCDossier\_internal\numpy\f2py\_isocbind.pyi
   Compressing: C:\Users\Administrator\Documents\projects\SCDossier\dist\SCDossier\_internal\numpy\f2py\_src_pyf.py
   Compressing: C:\Users\Administrator\Documents\projects\SCDossier\dist\SCDossier\_internal\numpy\f2py\_src_pyf.pyi
   Compressing: C:\Users\Administrator\Documents\projects\SCDossier\dist\SCDossier\_internal\numpy\f2py\__init__.py
   Compressing: C:\Users\Administrator\Documents\projects\SCDossier\dist\SCDossier\_internal\numpy\f2py\__init__.pyi
   Compressing: C:\Users\Administrator\Documents\projects\SCDossier\dist\SCDossier\_internal\numpy\f2py\__main__.py
   Compressing: C:\Users\Administrator\Documents\projects\SCDossier\dist\SCDossier\_internal\numpy\f2py\__version__.py
   Compressing: C:\Users\Administrator\Documents\projects\SCDossier\dist\SCDossier\_internal\numpy\f2py\__version__.pyi
   Compressing: C:\Users\Administrator\Documents\projects\SCDossier\dist\SCDossier\_internal\numpy\f2py\src\fortranobject.c
   Compressing: C:\Users\Administrator\Documents\projects\SCDossier\dist\SCDossier\_internal\numpy\f2py\src\fortranobject.h
   Compressing: C:\Users\Administrator\Documents\projects\SCDossier\dist\SCDossier\_internal\numpy\f2py\tests\test_abstract_interface.py
   Compressing: C:\Users\Administrator\Documents\projects\SCDossier\dist\SCDossier\_internal\numpy\f2py\tests\test_array_from_pyobj.py
   Compressing: C:\Users\Administrator\Documents\projects\SCDossier\dist\SCDossier\_internal\numpy\f2py\tests\test_assumed_shape.py
   Compressing: C:\Users\Administrator\Documents\projects\SCDossier\dist\SCDossier\_internal\numpy\f2py\tests\test_block_docstring.py
   Compressing: C:\Users\Administrator\Documents\projects\SCDossier\dist\SCDossier\_internal\numpy\f2py\tests\test_callback.py
   Compressing: C:\Users\Administrator\Documents\projects\SCDossier\dist\SCDossier\_internal\numpy\f2py\tests\test_capi_maps.py
   Compressing: C:\Users\Administrator\Documents\projects\SCDossier\dist\SCDossier\_internal\numpy\f2py\tests\test_character.py
   Compressing: C:\Users\Administrator\Documents\projects\SCDossier\dist\SCDossier\_internal\numpy\f2py\tests\test_common.py
   Compressing: C:\Users\Administrator\Documents\projects\SCDossier\dist\SCDossier\_internal\numpy\f2py\tests\test_crackfortran.py
   Compressing: C:\Users\Administrator\Documents\projects\SCDossier\dist\SCDossier\_internal\numpy\f2py\tests\test_data.py
   Compressing: C:\Users\Administrator\Documents\projects\SCDossier\dist\SCDossier\_internal\numpy\f2py\tests\test_docs.py
   Compressing: C:\Users\Administrator\Documents\projects\SCDossier\dist\SCDossier\_internal\numpy\f2py\tests\test_f2cmap.py
   Compressing: C:\Users\Administrator\Documents\projects\SCDossier\dist\SCDossier\_internal\numpy\f2py\tests\test_f2py2e.py
   Compressing: C:\Users\Administrator\Documents\projects\SCDossier\dist\SCDossier\_internal\numpy\f2py\tests\test_inplace.py
   Compressing: C:\Users\Administrator\Documents\projects\SCDossier\dist\SCDossier\_internal\numpy\f2py\tests\test_isoc.py
   Compressing: C:\Users\Administrator\Documents\projects\SCDossier\dist\SCDossier\_internal\numpy\f2py\tests\test_kind.py
   Compressing: C:\Users\Administrator\Documents\projects\SCDossier\dist\SCDossier\_internal\numpy\f2py\tests\test_mixed.py
   Compressing: C:\Users\Administrator\Documents\projects\SCDossier\dist\SCDossier\_internal\numpy\f2py\tests\test_modules.py
   Compressing: C:\Users\Administrator\Documents\projects\SCDossier\dist\SCDossier\_internal\numpy\f2py\tests\test_parameter.py
   Compressing: C:\Users\Administrator\Documents\projects\SCDossier\dist\SCDossier\_internal\numpy\f2py\tests\test_pyf_src.py
   Compressing: C:\Users\Administrator\Documents\projects\SCDossier\dist\SCDossier\_internal\numpy\f2py\tests\test_quoted_character.py
   Compressing: C:\Users\Administrator\Documents\projects\SCDossier\dist\SCDossier\_internal\numpy\f2py\tests\test_regression.py
   Compressing: C:\Users\Administrator\Documents\projects\SCDossier\dist\SCDossier\_internal\numpy\f2py\tests\test_return_character.py
   Compressing: C:\Users\Administrator\Documents\projects\SCDossier\dist\SCDossier\_internal\numpy\f2py\tests\test_return_complex.py
   Compressing: C:\Users\Administrator\Documents\projects\SCDossier\dist\SCDossier\_internal\numpy\f2py\tests\test_return_integer.py
   Compressing: C:\Users\Administrator\Documents\projects\SCDossier\dist\SCDossier\_internal\numpy\f2py\tests\test_return_logical.py
   Compressing: C:\Users\Administrator\Documents\projects\SCDossier\dist\SCDossier\_internal\numpy\f2py\tests\test_return_real.py
   Compressing: C:\Users\Administrator\Documents\projects\SCDossier\dist\SCDossier\_internal\numpy\f2py\tests\test_routines.py
   Compressing: C:\Users\Administrator\Documents\projects\SCDossier\dist\SCDossier\_internal\numpy\f2py\tests\test_semicolon_split.py
   Compressing: C:\Users\Administrator\Documents\projects\SCDossier\dist\SCDossier\_internal\numpy\f2py\tests\test_size.py
   Compressing: C:\Users\Administrator\Documents\projects\SCDossier\dist\SCDossier\_internal\numpy\f2py\tests\test_string.py
   Compressing: C:\Users\Administrator\Documents\projects\SCDossier\dist\SCDossier\_internal\numpy\f2py\tests\test_symbolic.py
   Compressing: C:\Users\Administrator\Documents\projects\SCDossier\dist\SCDossier\_internal\numpy\f2py\tests\test_value_attrspec.py
   Compressing: C:\Users\Administrator\Documents\projects\SCDossier\dist\SCDossier\_internal\numpy\f2py\tests\util.py
   Compressing: C:\Users\Administrator\Documents\projects\SCDossier\dist\SCDossier\_internal\numpy\f2py\tests\__init__.py
   Compressing: C:\Users\Administrator\Documents\projects\SCDossier\dist\SCDossier\_internal\numpy\f2py\tests\src\abstract_interface\foo.f90
   Compressing: C:\Users\Administrator\Documents\projects\SCDossier\dist\SCDossier\_internal\numpy\f2py\tests\src\abstract_interface\gh18403_mod.f90
   Compressing: C:\Users\Administrator\Documents\projects\SCDossier\dist\SCDossier\_internal\numpy\f2py\tests\src\array_from_pyobj\wrapmodule.c
   Compressing: C:\Users\Administrator\Documents\projects\SCDossier\dist\SCDossier\_internal\numpy\f2py\tests\src\assumed_shape\.f2py_f2cmap
   Compressing: C:\Users\Administrator\Documents\projects\SCDossier\dist\SCDossier\_internal\numpy\f2py\tests\src\assumed_shape\foo_free.f90
   Compressing: C:\Users\Administrator\Documents\projects\SCDossier\dist\SCDossier\_internal\numpy\f2py\tests\src\assumed_shape\foo_mod.f90
   Compressing: C:\Users\Administrator\Documents\projects\SCDossier\dist\SCDossier\_internal\numpy\f2py\tests\src\assumed_shape\foo_use.f90
   Compressing: C:\Users\Administrator\Documents\projects\SCDossier\dist\SCDossier\_internal\numpy\f2py\tests\src\assumed_shape\precision.f90
   Compressing: C:\Users\Administrator\Documents\projects\SCDossier\dist\SCDossier\_internal\numpy\f2py\tests\src\block_docstring\foo.f
   Compressing: C:\Users\Administrator\Documents\projects\SCDossier\dist\SCDossier\_internal\numpy\f2py\tests\src\callback\foo.f
   Compressing: C:\Users\Administrator\Documents\projects\SCDossier\dist\SCDossier\_internal\numpy\f2py\tests\src\callback\gh17797.f90
   Compressing: C:\Users\Administrator\Documents\projects\SCDossier\dist\SCDossier\_internal\numpy\f2py\tests\src\callback\gh18335.f90
   Compressing: C:\Users\Administrator\Documents\projects\SCDossier\dist\SCDossier\_internal\numpy\f2py\tests\src\callback\gh25211.f
   Compressing: C:\Users\Administrator\Documents\projects\SCDossier\dist\SCDossier\_internal\numpy\f2py\tests\src\callback\gh25211.pyf
   Compressing: C:\Users\Administrator\Documents\projects\SCDossier\dist\SCDossier\_internal\numpy\f2py\tests\src\callback\gh26681.f90
   Compressing: C:\Users\Administrator\Documents\projects\SCDossier\dist\SCDossier\_internal\numpy\f2py\tests\src\cli\gh_22819.pyf
   Compressing: C:\Users\Administrator\Documents\projects\SCDossier\dist\SCDossier\_internal\numpy\f2py\tests\src\cli\hi77.f
   Compressing: C:\Users\Administrator\Documents\projects\SCDossier\dist\SCDossier\_internal\numpy\f2py\tests\src\cli\hiworld.f90
   Compressing: C:\Users\Administrator\Documents\projects\SCDossier\dist\SCDossier\_internal\numpy\f2py\tests\src\common\block.f
   Compressing: C:\Users\Administrator\Documents\projects\SCDossier\dist\SCDossier\_internal\numpy\f2py\tests\src\common\gh19161.f90
   Compressing: C:\Users\Administrator\Documents\projects\SCDossier\dist\SCDossier\_internal\numpy\f2py\tests\src\crackfortran\accesstype.f90
   Compressing: C:\Users\Administrator\Documents\projects\SCDossier\dist\SCDossier\_internal\numpy\f2py\tests\src\crackfortran\common_with_division.f
   Compressing: C:\Users\Administrator\Documents\projects\SCDossier\dist\SCDossier\_internal\numpy\f2py\tests\src\crackfortran\data_common.f
   Compressing: C:\Users\Administrator\Documents\projects\SCDossier\dist\SCDossier\_internal\numpy\f2py\tests\src\crackfortran\data_multiplier.f
   Compressing: C:\Users\Administrator\Documents\projects\SCDossier\dist\SCDossier\_internal\numpy\f2py\tests\src\crackfortran\data_stmts.f90
   Compressing: C:\Users\Administrator\Documents\projects\SCDossier\dist\SCDossier\_internal\numpy\f2py\tests\src\crackfortran\data_with_comments.f
   Compressing: C:\Users\Administrator\Documents\projects\SCDossier\dist\SCDossier\_internal\numpy\f2py\tests\src\crackfortran\foo_deps.f90
   Compressing: C:\Users\Administrator\Documents\projects\SCDossier\dist\SCDossier\_internal\numpy\f2py\tests\src\crackfortran\gh15035.f
   Compressing: C:\Users\Administrator\Documents\projects\SCDossier\dist\SCDossier\_internal\numpy\f2py\tests\src\crackfortran\gh17859.f
   Compressing: C:\Users\Administrator\Documents\projects\SCDossier\dist\SCDossier\_internal\numpy\f2py\tests\src\crackfortran\gh22648.pyf
   Compressing: C:\Users\Administrator\Documents\projects\SCDossier\dist\SCDossier\_internal\numpy\f2py\tests\src\crackfortran\gh23533.f
   Compressing: C:\Users\Administrator\Documents\projects\SCDossier\dist\SCDossier\_internal\numpy\f2py\tests\src\crackfortran\gh23598.f90
   Compressing: C:\Users\Administrator\Documents\projects\SCDossier\dist\SCDossier\_internal\numpy\f2py\tests\src\crackfortran\gh23598Warn.f90
   Compressing: C:\Users\Administrator\Documents\projects\SCDossier\dist\SCDossier\_internal\numpy\f2py\tests\src\crackfortran\gh23879.f90
   Compressing: C:\Users\Administrator\Documents\projects\SCDossier\dist\SCDossier\_internal\numpy\f2py\tests\src\crackfortran\gh27697.f90
   Compressing: C:\Users\Administrator\Documents\projects\SCDossier\dist\SCDossier\_internal\numpy\f2py\tests\src\crackfortran\gh2848.f90
   Compressing: C:\Users\Administrator\Documents\projects\SCDossier\dist\SCDossier\_internal\numpy\f2py\tests\src\crackfortran\operators.f90
   Compressing: C:\Users\Administrator\Documents\projects\SCDossier\dist\SCDossier\_internal\numpy\f2py\tests\src\crackfortran\privatemod.f90
   Compressing: C:\Users\Administrator\Documents\projects\SCDossier\dist\SCDossier\_internal\numpy\f2py\tests\src\crackfortran\publicmod.f90
   Compressing: C:\Users\Administrator\Documents\projects\SCDossier\dist\SCDossier\_internal\numpy\f2py\tests\src\crackfortran\pubprivmod.f90
   Compressing: C:\Users\Administrator\Documents\projects\SCDossier\dist\SCDossier\_internal\numpy\f2py\tests\src\crackfortran\unicode_comment.f90
   Compressing: C:\Users\Administrator\Documents\projects\SCDossier\dist\SCDossier\_internal\numpy\f2py\tests\src\f2cmap\.f2py_f2cmap
   Compressing: C:\Users\Administrator\Documents\projects\SCDossier\dist\SCDossier\_internal\numpy\f2py\tests\src\f2cmap\isoFortranEnvMap.f90
   Compressing: C:\Users\Administrator\Documents\projects\SCDossier\dist\SCDossier\_internal\numpy\f2py\tests\src\inplace\foo.f
   Compressing: C:\Users\Administrator\Documents\projects\SCDossier\dist\SCDossier\_internal\numpy\f2py\tests\src\isocintrin\isoCtests.f90
   Compressing: C:\Users\Administrator\Documents\projects\SCDossier\dist\SCDossier\_internal\numpy\f2py\tests\src\kind\foo.f90
   Compressing: C:\Users\Administrator\Documents\projects\SCDossier\dist\SCDossier\_internal\numpy\f2py\tests\src\mixed\foo.f
   Compressing: C:\Users\Administrator\Documents\projects\SCDossier\dist\SCDossier\_internal\numpy\f2py\tests\src\mixed\foo_fixed.f90
   Compressing: C:\Users\Administrator\Documents\projects\SCDossier\dist\SCDossier\_internal\numpy\f2py\tests\src\mixed\foo_free.f90
   Compressing: C:\Users\Administrator\Documents\projects\SCDossier\dist\SCDossier\_internal\numpy\f2py\tests\src\modules\module_data_docstring.f90
   Compressing: C:\Users\Administrator\Documents\projects\SCDossier\dist\SCDossier\_internal\numpy\f2py\tests\src\modules\use_modules.f90
   Compressing: C:\Users\Administrator\Documents\projects\SCDossier\dist\SCDossier\_internal\numpy\f2py\tests\src\modules\gh25337\data.f90
   Compressing: C:\Users\Administrator\Documents\projects\SCDossier\dist\SCDossier\_internal\numpy\f2py\tests\src\modules\gh25337\use_data.f90
   Compressing: C:\Users\Administrator\Documents\projects\SCDossier\dist\SCDossier\_internal\numpy\f2py\tests\src\modules\gh26920\two_mods_with_no_public_entities.f90
   Compressing: C:\Users\Administrator\Documents\projects\SCDossier\dist\SCDossier\_internal\numpy\f2py\tests\src\modules\gh26920\two_mods_with_one_public_routine.f90
   Compressing: C:\Users\Administrator\Documents\projects\SCDossier\dist\SCDossier\_internal\numpy\f2py\tests\src\negative_bounds\issue_20853.f90
   Compressing: C:\Users\Administrator\Documents\projects\SCDossier\dist\SCDossier\_internal\numpy\f2py\tests\src\parameter\constant_array.f90
   Compressing: C:\Users\Administrator\Documents\projects\SCDossier\dist\SCDossier\_internal\numpy\f2py\tests\src\parameter\constant_both.f90
   Compressing: C:\Users\Administrator\Documents\projects\SCDossier\dist\SCDossier\_internal\numpy\f2py\tests\src\parameter\constant_compound.f90
   Compressing: C:\Users\Administrator\Documents\projects\SCDossier\dist\SCDossier\_internal\numpy\f2py\tests\src\parameter\constant_integer.f90
   Compressing: C:\Users\Administrator\Documents\projects\SCDossier\dist\SCDossier\_internal\numpy\f2py\tests\src\parameter\constant_non_compound.f90
   Compressing: C:\Users\Administrator\Documents\projects\SCDossier\dist\SCDossier\_internal\numpy\f2py\tests\src\parameter\constant_real.f90
   Compressing: C:\Users\Administrator\Documents\projects\SCDossier\dist\SCDossier\_internal\numpy\f2py\tests\src\quoted_character\foo.f
   Compressing: C:\Users\Administrator\Documents\projects\SCDossier\dist\SCDossier\_internal\numpy\f2py\tests\src\regression\AB.inc
   Compressing: C:\Users\Administrator\Documents\projects\SCDossier\dist\SCDossier\_internal\numpy\f2py\tests\src\regression\assignOnlyModule.f90
   Compressing: C:\Users\Administrator\Documents\projects\SCDossier\dist\SCDossier\_internal\numpy\f2py\tests\src\regression\complex_struct_compat.f90
   Compressing: C:\Users\Administrator\Documents\projects\SCDossier\dist\SCDossier\_internal\numpy\f2py\tests\src\regression\complex_struct_compat.pyf
   Compressing: C:\Users\Administrator\Documents\projects\SCDossier\dist\SCDossier\_internal\numpy\f2py\tests\src\regression\datonly.f90
   Compressing: C:\Users\Administrator\Documents\projects\SCDossier\dist\SCDossier\_internal\numpy\f2py\tests\src\regression\f77comments.f
   Compressing: C:\Users\Administrator\Documents\projects\SCDossier\dist\SCDossier\_internal\numpy\f2py\tests\src\regression\f77fixedform.f95
   Compressing: C:\Users\Administrator\Documents\projects\SCDossier\dist\SCDossier\_internal\numpy\f2py\tests\src\regression\f90continuation.f90
   Compressing: C:\Users\Administrator\Documents\projects\SCDossier\dist\SCDossier\_internal\numpy\f2py\tests\src\regression\incfile.f90
   Compressing: C:\Users\Administrator\Documents\projects\SCDossier\dist\SCDossier\_internal\numpy\f2py\tests\src\regression\inout.f90
   Compressing: C:\Users\Administrator\Documents\projects\SCDossier\dist\SCDossier\_internal\numpy\f2py\tests\src\regression\lower_f2py_fortran.f90
   Compressing: C:\Users\Administrator\Documents\projects\SCDossier\dist\SCDossier\_internal\numpy\f2py\tests\src\regression\mod_derived_types.f90
   Compressing: C:\Users\Administrator\Documents\projects\SCDossier\dist\SCDossier\_internal\numpy\f2py\tests\src\return_character\foo77.f
   Compressing: C:\Users\Administrator\Documents\projects\SCDossier\dist\SCDossier\_internal\numpy\f2py\tests\src\return_character\foo90.f90
   Compressing: C:\Users\Administrator\Documents\projects\SCDossier\dist\SCDossier\_internal\numpy\f2py\tests\src\return_complex\foo77.f
   Compressing: C:\Users\Administrator\Documents\projects\SCDossier\dist\SCDossier\_internal\numpy\f2py\tests\src\return_complex\foo90.f90
   Compressing: C:\Users\Administrator\Documents\projects\SCDossier\dist\SCDossier\_internal\numpy\f2py\tests\src\return_integer\foo77.f
   Compressing: C:\Users\Administrator\Documents\projects\SCDossier\dist\SCDossier\_internal\numpy\f2py\tests\src\return_integer\foo90.f90
   Compressing: C:\Users\Administrator\Documents\projects\SCDossier\dist\SCDossier\_internal\numpy\f2py\tests\src\return_logical\foo77.f
   Compressing: C:\Users\Administrator\Documents\projects\SCDossier\dist\SCDossier\_internal\numpy\f2py\tests\src\return_logical\foo90.f90
   Compressing: C:\Users\Administrator\Documents\projects\SCDossier\dist\SCDossier\_internal\numpy\f2py\tests\src\return_real\foo77.f
   Compressing: C:\Users\Administrator\Documents\projects\SCDossier\dist\SCDossier\_internal\numpy\f2py\tests\src\return_real\foo90.f90
   Compressing: C:\Users\Administrator\Documents\projects\SCDossier\dist\SCDossier\_internal\numpy\f2py\tests\src\routines\funcfortranname.f
   Compressing: C:\Users\Administrator\Documents\projects\SCDossier\dist\SCDossier\_internal\numpy\f2py\tests\src\routines\funcfortranname.pyf
   Compressing: C:\Users\Administrator\Documents\projects\SCDossier\dist\SCDossier\_internal\numpy\f2py\tests\src\routines\subrout.f
   Compressing: C:\Users\Administrator\Documents\projects\SCDossier\dist\SCDossier\_internal\numpy\f2py\tests\src\routines\subrout.pyf
   Compressing: C:\Users\Administrator\Documents\projects\SCDossier\dist\SCDossier\_internal\numpy\f2py\tests\src\size\foo.f90
   Compressing: C:\Users\Administrator\Documents\projects\SCDossier\dist\SCDossier\_internal\numpy\f2py\tests\src\string\char.f90
   Compressing: C:\Users\Administrator\Documents\projects\SCDossier\dist\SCDossier\_internal\numpy\f2py\tests\src\string\fixed_string.f90
   Compressing: C:\Users\Administrator\Documents\projects\SCDossier\dist\SCDossier\_internal\numpy\f2py\tests\src\string\gh24008.f
   Compressing: C:\Users\Administrator\Documents\projects\SCDossier\dist\SCDossier\_internal\numpy\f2py\tests\src\string\gh24662.f90
   Compressing: C:\Users\Administrator\Documents\projects\SCDossier\dist\SCDossier\_internal\numpy\f2py\tests\src\string\gh25286.f90
   Compressing: C:\Users\Administrator\Documents\projects\SCDossier\dist\SCDossier\_internal\numpy\f2py\tests\src\string\gh25286.pyf
   Compressing: C:\Users\Administrator\Documents\projects\SCDossier\dist\SCDossier\_internal\numpy\f2py\tests\src\string\gh25286_bc.pyf
   Compressing: C:\Users\Administrator\Documents\projects\SCDossier\dist\SCDossier\_internal\numpy\f2py\tests\src\string\scalar_string.f90
   Compressing: C:\Users\Administrator\Documents\projects\SCDossier\dist\SCDossier\_internal\numpy\f2py\tests\src\string\string.f
   Compressing: C:\Users\Administrator\Documents\projects\SCDossier\dist\SCDossier\_internal\numpy\f2py\tests\src\value_attrspec\gh21665.f90
   Compressing: C:\Users\Administrator\Documents\projects\SCDossier\dist\SCDossier\_internal\numpy\f2py\_backends\meson.build.template
   Compressing: C:\Users\Administrator\Documents\projects\SCDossier\dist\SCDossier\_internal\numpy\f2py\_backends\_backend.py
   Compressing: C:\Users\Administrator\Documents\projects\SCDossier\dist\SCDossier\_internal\numpy\f2py\_backends\_backend.pyi
   Compressing: C:\Users\Administrator\Documents\projects\SCDossier\dist\SCDossier\_internal\numpy\f2py\_backends\_meson.py
   Compressing: C:\Users\Administrator\Documents\projects\SCDossier\dist\SCDossier\_internal\numpy\f2py\_backends\_meson.pyi
   Compressing: C:\Users\Administrator\Documents\projects\SCDossier\dist\SCDossier\_internal\numpy\f2py\_backends\__init__.py
   Compressing: C:\Users\Administrator\Documents\projects\SCDossier\dist\SCDossier\_internal\numpy\f2py\_backends\__init__.pyi
   Compressing: C:\Users\Administrator\Documents\projects\SCDossier\dist\SCDossier\_internal\numpy\fft\_helper.py
   Compressing: C:\Users\Administrator\Documents\projects\SCDossier\dist\SCDossier\_internal\numpy\fft\_helper.pyi
   Compressing: C:\Users\Administrator\Documents\projects\SCDossier\dist\SCDossier\_internal\numpy\fft\_pocketfft.py
   Compressing: C:\Users\Administrator\Documents\projects\SCDossier\dist\SCDossier\_internal\numpy\fft\_pocketfft.pyi
   Compressing: C:\Users\Administrator\Documents\projects\SCDossier\dist\SCDossier\_internal\numpy\fft\_pocketfft_umath.cp313-win_amd64.lib
   Compressing: C:\Users\Administrator\Documents\projects\SCDossier\dist\SCDossier\_internal\numpy\fft\_pocketfft_umath.cp313-win_amd64.pyd
   Compressing: C:\Users\Administrator\Documents\projects\SCDossier\dist\SCDossier\_internal\numpy\fft\__init__.py
   Compressing: C:\Users\Administrator\Documents\projects\SCDossier\dist\SCDossier\_internal\numpy\fft\__init__.pyi
   Compressing: C:\Users\Administrator\Documents\projects\SCDossier\dist\SCDossier\_internal\numpy\fft\tests\test_helper.py
   Compressing: C:\Users\Administrator\Documents\projects\SCDossier\dist\SCDossier\_internal\numpy\fft\tests\test_pocketfft.py
   Compressing: C:\Users\Administrator\Documents\projects\SCDossier\dist\SCDossier\_internal\numpy\fft\tests\__init__.py
   Compressing: C:\Users\Administrator\Documents\projects\SCDossier\dist\SCDossier\_internal\numpy\lib\array_utils.py
   Compressing: C:\Users\Administrator\Documents\projects\SCDossier\dist\SCDossier\_internal\numpy\lib\array_utils.pyi
   Compressing: C:\Users\Administrator\Documents\projects\SCDossier\dist\SCDossier\_internal\numpy\lib\format.py
   Compressing: C:\Users\Administrator\Documents\projects\SCDossier\dist\SCDossier\_internal\numpy\lib\format.pyi
   Compressing: C:\Users\Administrator\Documents\projects\SCDossier\dist\SCDossier\_internal\numpy\lib\introspect.py
   Compressing: C:\Users\Administrator\Documents\projects\SCDossier\dist\SCDossier\_internal\numpy\lib\introspect.pyi
   Compressing: C:\Users\Administrator\Documents\projects\SCDossier\dist\SCDossier\_internal\numpy\lib\mixins.py
   Compressing: C:\Users\Administrator\Documents\projects\SCDossier\dist\SCDossier\_internal\numpy\lib\mixins.pyi
   Compressing: C:\Users\Administrator\Documents\projects\SCDossier\dist\SCDossier\_internal\numpy\lib\npyio.py
   Compressing: C:\Users\Administrator\Documents\projects\SCDossier\dist\SCDossier\_internal\numpy\lib\npyio.pyi
   Compressing: C:\Users\Administrator\Documents\projects\SCDossier\dist\SCDossier\_internal\numpy\lib\recfunctions.py
   Compressing: C:\Users\Administrator\Documents\projects\SCDossier\dist\SCDossier\_internal\numpy\lib\recfunctions.pyi
   Compressing: C:\Users\Administrator\Documents\projects\SCDossier\dist\SCDossier\_internal\numpy\lib\scimath.py
   Compressing: C:\Users\Administrator\Documents\projects\SCDossier\dist\SCDossier\_internal\numpy\lib\scimath.pyi
   Compressing: C:\Users\Administrator\Documents\projects\SCDossier\dist\SCDossier\_internal\numpy\lib\stride_tricks.py
   Compressing: C:\Users\Administrator\Documents\projects\SCDossier\dist\SCDossier\_internal\numpy\lib\stride_tricks.pyi
   Compressing: C:\Users\Administrator\Documents\projects\SCDossier\dist\SCDossier\_internal\numpy\lib\user_array.py
   Compressing: C:\Users\Administrator\Documents\projects\SCDossier\dist\SCDossier\_internal\numpy\lib\user_array.pyi
   Compressing: C:\Users\Administrator\Documents\projects\SCDossier\dist\SCDossier\_internal\numpy\lib\_arraypad_impl.py
   Compressing: C:\Users\Administrator\Documents\projects\SCDossier\dist\SCDossier\_internal\numpy\lib\_arraypad_impl.pyi
   Compressing: C:\Users\Administrator\Documents\projects\SCDossier\dist\SCDossier\_internal\numpy\lib\_arraysetops_impl.py
   Compressing: C:\Users\Administrator\Documents\projects\SCDossier\dist\SCDossier\_internal\numpy\lib\_arraysetops_impl.pyi
   Compressing: C:\Users\Administrator\Documents\projects\SCDossier\dist\SCDossier\_internal\numpy\lib\_arrayterator_impl.py
   Compressing: C:\Users\Administrator\Documents\projects\SCDossier\dist\SCDossier\_internal\numpy\lib\_arrayterator_impl.pyi
   Compressing: C:\Users\Administrator\Documents\projects\SCDossier\dist\SCDossier\_internal\numpy\lib\_array_utils_impl.py
   Compressing: C:\Users\Administrator\Documents\projects\SCDossier\dist\SCDossier\_internal\numpy\lib\_array_utils_impl.pyi
   Compressing: C:\Users\Administrator\Documents\projects\SCDossier\dist\SCDossier\_internal\numpy\lib\_datasource.py
   Compressing: C:\Users\Administrator\Documents\projects\SCDossier\dist\SCDossier\_internal\numpy\lib\_datasource.pyi
   Compressing: C:\Users\Administrator\Documents\projects\SCDossier\dist\SCDossier\_internal\numpy\lib\_format_impl.py
   Compressing: C:\Users\Administrator\Documents\projects\SCDossier\dist\SCDossier\_internal\numpy\lib\_format_impl.pyi
   Compressing: C:\Users\Administrator\Documents\projects\SCDossier\dist\SCDossier\_internal\numpy\lib\_function_base_impl.py
   Compressing: C:\Users\Administrator\Documents\projects\SCDossier\dist\SCDossier\_internal\numpy\lib\_function_base_impl.pyi
   Compressing: C:\Users\Administrator\Documents\projects\SCDossier\dist\SCDossier\_internal\numpy\lib\_histograms_impl.py
   Compressing: C:\Users\Administrator\Documents\projects\SCDossier\dist\SCDossier\_internal\numpy\lib\_histograms_impl.pyi
   Compressing: C:\Users\Administrator\Documents\projects\SCDossier\dist\SCDossier\_internal\numpy\lib\_index_tricks_impl.py
   Compressing: C:\Users\Administrator\Documents\projects\SCDossier\dist\SCDossier\_internal\numpy\lib\_index_tricks_impl.pyi
   Compressing: C:\Users\Administrator\Documents\projects\SCDossier\dist\SCDossier\_internal\numpy\lib\_iotools.py
   Compressing: C:\Users\Administrator\Documents\projects\SCDossier\dist\SCDossier\_internal\numpy\lib\_iotools.pyi
   Compressing: C:\Users\Administrator\Documents\projects\SCDossier\dist\SCDossier\_internal\numpy\lib\_nanfunctions_impl.py
   Compressing: C:\Users\Administrator\Documents\projects\SCDossier\dist\SCDossier\_internal\numpy\lib\_nanfunctions_impl.pyi
   Compressing: C:\Users\Administrator\Documents\projects\SCDossier\dist\SCDossier\_internal\numpy\lib\_npyio_impl.py
   Compressing: C:\Users\Administrator\Documents\projects\SCDossier\dist\SCDossier\_internal\numpy\lib\_npyio_impl.pyi
   Compressing: C:\Users\Administrator\Documents\projects\SCDossier\dist\SCDossier\_internal\numpy\lib\_polynomial_impl.py
   Compressing: C:\Users\Administrator\Documents\projects\SCDossier\dist\SCDossier\_internal\numpy\lib\_polynomial_impl.pyi
   Compressing: C:\Users\Administrator\Documents\projects\SCDossier\dist\SCDossier\_internal\numpy\lib\_scimath_impl.py
   Compressing: C:\Users\Administrator\Documents\projects\SCDossier\dist\SCDossier\_internal\numpy\lib\_scimath_impl.pyi
   Compressing: C:\Users\Administrator\Documents\projects\SCDossier\dist\SCDossier\_internal\numpy\lib\_shape_base_impl.py
   Compressing: C:\Users\Administrator\Documents\projects\SCDossier\dist\SCDossier\_internal\numpy\lib\_shape_base_impl.pyi
   Compressing: C:\Users\Administrator\Documents\projects\SCDossier\dist\SCDossier\_internal\numpy\lib\_stride_tricks_impl.py
   Compressing: C:\Users\Administrator\Documents\projects\SCDossier\dist\SCDossier\_internal\numpy\lib\_stride_tricks_impl.pyi
   Compressing: C:\Users\Administrator\Documents\projects\SCDossier\dist\SCDossier\_internal\numpy\lib\_twodim_base_impl.py
   Compressing: C:\Users\Administrator\Documents\projects\SCDossier\dist\SCDossier\_internal\numpy\lib\_twodim_base_impl.pyi
   Compressing: C:\Users\Administrator\Documents\projects\SCDossier\dist\SCDossier\_internal\numpy\lib\_type_check_impl.py
   Compressing: C:\Users\Administrator\Documents\projects\SCDossier\dist\SCDossier\_internal\numpy\lib\_type_check_impl.pyi
   Compressing: C:\Users\Administrator\Documents\projects\SCDossier\dist\SCDossier\_internal\numpy\lib\_ufunclike_impl.py
   Compressing: C:\Users\Administrator\Documents\projects\SCDossier\dist\SCDossier\_internal\numpy\lib\_ufunclike_impl.pyi
   Compressing: C:\Users\Administrator\Documents\projects\SCDossier\dist\SCDossier\_internal\numpy\lib\_user_array_impl.py
   Compressing: C:\Users\Administrator\Documents\projects\SCDossier\dist\SCDossier\_internal\numpy\lib\_user_array_impl.pyi
   Compressing: C:\Users\Administrator\Documents\projects\SCDossier\dist\SCDossier\_internal\numpy\lib\_utils_impl.py
   Compressing: C:\Users\Administrator\Documents\projects\SCDossier\dist\SCDossier\_internal\numpy\lib\_utils_impl.pyi
   Compressing: C:\Users\Administrator\Documents\projects\SCDossier\dist\SCDossier\_internal\numpy\lib\_version.py
   Compressing: C:\Users\Administrator\Documents\projects\SCDossier\dist\SCDossier\_internal\numpy\lib\_version.pyi
   Compressing: C:\Users\Administrator\Documents\projects\SCDossier\dist\SCDossier\_internal\numpy\lib\__init__.py
   Compressing: C:\Users\Administrator\Documents\projects\SCDossier\dist\SCDossier\_internal\numpy\lib\__init__.pyi
   Compressing: C:\Users\Administrator\Documents\projects\SCDossier\dist\SCDossier\_internal\numpy\lib\tests\test_arraypad.py
   Compressing: C:\Users\Administrator\Documents\projects\SCDossier\dist\SCDossier\_internal\numpy\lib\tests\test_arraysetops.py
   Compressing: C:\Users\Administrator\Documents\projects\SCDossier\dist\SCDossier\_internal\numpy\lib\tests\test_arrayterator.py
   Compressing: C:\Users\Administrator\Documents\projects\SCDossier\dist\SCDossier\_internal\numpy\lib\tests\test_array_utils.py
   Compressing: C:\Users\Administrator\Documents\projects\SCDossier\dist\SCDossier\_internal\numpy\lib\tests\test_format.py
   Compressing: C:\Users\Administrator\Documents\projects\SCDossier\dist\SCDossier\_internal\numpy\lib\tests\test_function_base.py
   Compressing: C:\Users\Administrator\Documents\projects\SCDossier\dist\SCDossier\_internal\numpy\lib\tests\test_histograms.py
   Compressing: C:\Users\Administrator\Documents\projects\SCDossier\dist\SCDossier\_internal\numpy\lib\tests\test_index_tricks.py
   Compressing: C:\Users\Administrator\Documents\projects\SCDossier\dist\SCDossier\_internal\numpy\lib\tests\test_io.py
   Compressing: C:\Users\Administrator\Documents\projects\SCDossier\dist\SCDossier\_internal\numpy\lib\tests\test_loadtxt.py
   Compressing: C:\Users\Administrator\Documents\projects\SCDossier\dist\SCDossier\_internal\numpy\lib\tests\test_mixins.py
   Compressing: C:\Users\Administrator\Documents\projects\SCDossier\dist\SCDossier\_internal\numpy\lib\tests\test_nanfunctions.py
   Compressing: C:\Users\Administrator\Documents\projects\SCDossier\dist\SCDossier\_internal\numpy\lib\tests\test_packbits.py
   Compressing: C:\Users\Administrator\Documents\projects\SCDossier\dist\SCDossier\_internal\numpy\lib\tests\test_polynomial.py
   Compressing: C:\Users\Administrator\Documents\projects\SCDossier\dist\SCDossier\_internal\numpy\lib\tests\test_recfunctions.py
   Compressing: C:\Users\Administrator\Documents\projects\SCDossier\dist\SCDossier\_internal\numpy\lib\tests\test_regression.py
   Compressing: C:\Users\Administrator\Documents\projects\SCDossier\dist\SCDossier\_internal\numpy\lib\tests\test_shape_base.py
   Compressing: C:\Users\Administrator\Documents\projects\SCDossier\dist\SCDossier\_internal\numpy\lib\tests\test_stride_tricks.py
   Compressing: C:\Users\Administrator\Documents\projects\SCDossier\dist\SCDossier\_internal\numpy\lib\tests\test_twodim_base.py
   Compressing: C:\Users\Administrator\Documents\projects\SCDossier\dist\SCDossier\_internal\numpy\lib\tests\test_type_check.py
   Compressing: C:\Users\Administrator\Documents\projects\SCDossier\dist\SCDossier\_internal\numpy\lib\tests\test_ufunclike.py
   Compressing: C:\Users\Administrator\Documents\projects\SCDossier\dist\SCDossier\_internal\numpy\lib\tests\test_utils.py
   Compressing: C:\Users\Administrator\Documents\projects\SCDossier\dist\SCDossier\_internal\numpy\lib\tests\test__datasource.py
   Compressing: C:\Users\Administrator\Documents\projects\SCDossier\dist\SCDossier\_internal\numpy\lib\tests\test__iotools.py
   Compressing: C:\Users\Administrator\Documents\projects\SCDossier\dist\SCDossier\_internal\numpy\lib\tests\test__version.py
   Compressing: C:\Users\Administrator\Documents\projects\SCDossier\dist\SCDossier\_internal\numpy\lib\tests\__init__.py
   Compressing: C:\Users\Administrator\Documents\projects\SCDossier\dist\SCDossier\_internal\numpy\lib\tests\data\py2-np0-objarr.npy
   Compressing: C:\Users\Administrator\Documents\projects\SCDossier\dist\SCDossier\_internal\numpy\lib\tests\data\py2-objarr.npy
   Compressing: C:\Users\Administrator\Documents\projects\SCDossier\dist\SCDossier\_internal\numpy\lib\tests\data\py2-objarr.npz
   Compressing: C:\Users\Administrator\Documents\projects\SCDossier\dist\SCDossier\_internal\numpy\lib\tests\data\py3-objarr.npy
   Compressing: C:\Users\Administrator\Documents\projects\SCDossier\dist\SCDossier\_internal\numpy\lib\tests\data\py3-objarr.npz
   Compressing: C:\Users\Administrator\Documents\projects\SCDossier\dist\SCDossier\_internal\numpy\lib\tests\data\python3.npy
   Compressing: C:\Users\Administrator\Documents\projects\SCDossier\dist\SCDossier\_internal\numpy\lib\tests\data\win64python2.npy
   Compressing: C:\Users\Administrator\Documents\projects\SCDossier\dist\SCDossier\_internal\numpy\linalg\lapack_lite.cp313-win_amd64.lib
   Compressing: C:\Users\Administrator\Documents\projects\SCDossier\dist\SCDossier\_internal\numpy\linalg\lapack_lite.cp313-win_amd64.pyd
   Compressing: C:\Users\Administrator\Documents\projects\SCDossier\dist\SCDossier\_internal\numpy\linalg\lapack_lite.pyi
   Compressing: C:\Users\Administrator\Documents\projects\SCDossier\dist\SCDossier\_internal\numpy\linalg\_linalg.py
   Compressing: C:\Users\Administrator\Documents\projects\SCDossier\dist\SCDossier\_internal\numpy\linalg\_linalg.pyi
   Compressing: C:\Users\Administrator\Documents\projects\SCDossier\dist\SCDossier\_internal\numpy\linalg\_umath_linalg.cp313-win_amd64.lib
   Compressing: C:\Users\Administrator\Documents\projects\SCDossier\dist\SCDossier\_internal\numpy\linalg\_umath_linalg.cp313-win_amd64.pyd
   Compressing: C:\Users\Administrator\Documents\projects\SCDossier\dist\SCDossier\_internal\numpy\linalg\_umath_linalg.pyi
   Compressing: C:\Users\Administrator\Documents\projects\SCDossier\dist\SCDossier\_internal\numpy\linalg\__init__.py
   Compressing: C:\Users\Administrator\Documents\projects\SCDossier\dist\SCDossier\_internal\numpy\linalg\__init__.pyi
   Compressing: C:\Users\Administrator\Documents\projects\SCDossier\dist\SCDossier\_internal\numpy\linalg\tests\test_deprecations.py
   Compressing: C:\Users\Administrator\Documents\projects\SCDossier\dist\SCDossier\_internal\numpy\linalg\tests\test_linalg.py
   Compressing: C:\Users\Administrator\Documents\projects\SCDossier\dist\SCDossier\_internal\numpy\linalg\tests\test_regression.py
   Compressing: C:\Users\Administrator\Documents\projects\SCDossier\dist\SCDossier\_internal\numpy\linalg\tests\__init__.py
   Compressing: C:\Users\Administrator\Documents\projects\SCDossier\dist\SCDossier\_internal\numpy\ma\API_CHANGES.txt
   Compressing: C:\Users\Administrator\Documents\projects\SCDossier\dist\SCDossier\_internal\numpy\ma\core.py
   Compressing: C:\Users\Administrator\Documents\projects\SCDossier\dist\SCDossier\_internal\numpy\ma\core.pyi
   Compressing: C:\Users\Administrator\Documents\projects\SCDossier\dist\SCDossier\_internal\numpy\ma\extras.py
   Compressing: C:\Users\Administrator\Documents\projects\SCDossier\dist\SCDossier\_internal\numpy\ma\extras.pyi
   Compressing: C:\Users\Administrator\Documents\projects\SCDossier\dist\SCDossier\_internal\numpy\ma\LICENSE
   Compressing: C:\Users\Administrator\Documents\projects\SCDossier\dist\SCDossier\_internal\numpy\ma\mrecords.py
   Compressing: C:\Users\Administrator\Documents\projects\SCDossier\dist\SCDossier\_internal\numpy\ma\mrecords.pyi
   Compressing: C:\Users\Administrator\Documents\projects\SCDossier\dist\SCDossier\_internal\numpy\ma\README.rst
   Compressing: C:\Users\Administrator\Documents\projects\SCDossier\dist\SCDossier\_internal\numpy\ma\testutils.py
   Compressing: C:\Users\Administrator\Documents\projects\SCDossier\dist\SCDossier\_internal\numpy\ma\testutils.pyi
   Compressing: C:\Users\Administrator\Documents\projects\SCDossier\dist\SCDossier\_internal\numpy\ma\__init__.py
   Compressing: C:\Users\Administrator\Documents\projects\SCDossier\dist\SCDossier\_internal\numpy\ma\__init__.pyi
   Compressing: C:\Users\Administrator\Documents\projects\SCDossier\dist\SCDossier\_internal\numpy\ma\tests\test_arrayobject.py
   Compressing: C:\Users\Administrator\Documents\projects\SCDossier\dist\SCDossier\_internal\numpy\ma\tests\test_core.py
   Compressing: C:\Users\Administrator\Documents\projects\SCDossier\dist\SCDossier\_internal\numpy\ma\tests\test_deprecations.py
   Compressing: C:\Users\Administrator\Documents\projects\SCDossier\dist\SCDossier\_internal\numpy\ma\tests\test_extras.py
   Compressing: C:\Users\Administrator\Documents\projects\SCDossier\dist\SCDossier\_internal\numpy\ma\tests\test_mrecords.py
   Compressing: C:\Users\Administrator\Documents\projects\SCDossier\dist\SCDossier\_internal\numpy\ma\tests\test_old_ma.py
   Compressing: C:\Users\Administrator\Documents\projects\SCDossier\dist\SCDossier\_internal\numpy\ma\tests\test_regression.py
   Compressing: C:\Users\Administrator\Documents\projects\SCDossier\dist\SCDossier\_internal\numpy\ma\tests\test_subclassing.py
   Compressing: C:\Users\Administrator\Documents\projects\SCDossier\dist\SCDossier\_internal\numpy\ma\tests\__init__.py
   Compressing: C:\Users\Administrator\Documents\projects\SCDossier\dist\SCDossier\_internal\numpy\matrixlib\defmatrix.py
   Compressing: C:\Users\Administrator\Documents\projects\SCDossier\dist\SCDossier\_internal\numpy\matrixlib\defmatrix.pyi
   Compressing: C:\Users\Administrator\Documents\projects\SCDossier\dist\SCDossier\_internal\numpy\matrixlib\__init__.py
   Compressing: C:\Users\Administrator\Documents\projects\SCDossier\dist\SCDossier\_internal\numpy\matrixlib\__init__.pyi
   Compressing: C:\Users\Administrator\Documents\projects\SCDossier\dist\SCDossier\_internal\numpy\matrixlib\tests\test_defmatrix.py
   Compressing: C:\Users\Administrator\Documents\projects\SCDossier\dist\SCDossier\_internal\numpy\matrixlib\tests\test_interaction.py
   Compressing: C:\Users\Administrator\Documents\projects\SCDossier\dist\SCDossier\_internal\numpy\matrixlib\tests\test_masked_matrix.py
   Compressing: C:\Users\Administrator\Documents\projects\SCDossier\dist\SCDossier\_internal\numpy\matrixlib\tests\test_matrix_linalg.py
   Compressing: C:\Users\Administrator\Documents\projects\SCDossier\dist\SCDossier\_internal\numpy\matrixlib\tests\test_multiarray.py
   Compressing: C:\Users\Administrator\Documents\projects\SCDossier\dist\SCDossier\_internal\numpy\matrixlib\tests\test_numeric.py
   Compressing: C:\Users\Administrator\Documents\projects\SCDossier\dist\SCDossier\_internal\numpy\matrixlib\tests\test_regression.py
   Compressing: C:\Users\Administrator\Documents\projects\SCDossier\dist\SCDossier\_internal\numpy\matrixlib\tests\__init__.py
   Compressing: C:\Users\Administrator\Documents\projects\SCDossier\dist\SCDossier\_internal\numpy\polynomial\chebyshev.py
   Compressing: C:\Users\Administrator\Documents\projects\SCDossier\dist\SCDossier\_internal\numpy\polynomial\chebyshev.pyi
   Compressing: C:\Users\Administrator\Documents\projects\SCDossier\dist\SCDossier\_internal\numpy\polynomial\hermite.py
   Compressing: C:\Users\Administrator\Documents\projects\SCDossier\dist\SCDossier\_internal\numpy\polynomial\hermite.pyi
   Compressing: C:\Users\Administrator\Documents\projects\SCDossier\dist\SCDossier\_internal\numpy\polynomial\hermite_e.py
   Compressing: C:\Users\Administrator\Documents\projects\SCDossier\dist\SCDossier\_internal\numpy\polynomial\hermite_e.pyi
   Compressing: C:\Users\Administrator\Documents\projects\SCDossier\dist\SCDossier\_internal\numpy\polynomial\laguerre.py
   Compressing: C:\Users\Administrator\Documents\projects\SCDossier\dist\SCDossier\_internal\numpy\polynomial\laguerre.pyi
   Compressing: C:\Users\Administrator\Documents\projects\SCDossier\dist\SCDossier\_internal\numpy\polynomial\legendre.py
   Compressing: C:\Users\Administrator\Documents\projects\SCDossier\dist\SCDossier\_internal\numpy\polynomial\legendre.pyi
   Compressing: C:\Users\Administrator\Documents\projects\SCDossier\dist\SCDossier\_internal\numpy\polynomial\polynomial.py
   Compressing: C:\Users\Administrator\Documents\projects\SCDossier\dist\SCDossier\_internal\numpy\polynomial\polynomial.pyi
   Compressing: C:\Users\Administrator\Documents\projects\SCDossier\dist\SCDossier\_internal\numpy\polynomial\polyutils.py
   Compressing: C:\Users\Administrator\Documents\projects\SCDossier\dist\SCDossier\_internal\numpy\polynomial\polyutils.pyi
   Compressing: C:\Users\Administrator\Documents\projects\SCDossier\dist\SCDossier\_internal\numpy\polynomial\_polybase.py
   Compressing: C:\Users\Administrator\Documents\projects\SCDossier\dist\SCDossier\_internal\numpy\polynomial\_polybase.pyi
   Compressing: C:\Users\Administrator\Documents\projects\SCDossier\dist\SCDossier\_internal\numpy\polynomial\_polytypes.pyi
   Compressing: C:\Users\Administrator\Documents\projects\SCDossier\dist\SCDossier\_internal\numpy\polynomial\__init__.py
   Compressing: C:\Users\Administrator\Documents\projects\SCDossier\dist\SCDossier\_internal\numpy\polynomial\__init__.pyi
   Compressing: C:\Users\Administrator\Documents\projects\SCDossier\dist\SCDossier\_internal\numpy\polynomial\tests\test_chebyshev.py
   Compressing: C:\Users\Administrator\Documents\projects\SCDossier\dist\SCDossier\_internal\numpy\polynomial\tests\test_classes.py
   Compressing: C:\Users\Administrator\Documents\projects\SCDossier\dist\SCDossier\_internal\numpy\polynomial\tests\test_hermite.py
   Compressing: C:\Users\Administrator\Documents\projects\SCDossier\dist\SCDossier\_internal\numpy\polynomial\tests\test_hermite_e.py
   Compressing: C:\Users\Administrator\Documents\projects\SCDossier\dist\SCDossier\_internal\numpy\polynomial\tests\test_laguerre.py
   Compressing: C:\Users\Administrator\Documents\projects\SCDossier\dist\SCDossier\_internal\numpy\polynomial\tests\test_legendre.py
   Compressing: C:\Users\Administrator\Documents\projects\SCDossier\dist\SCDossier\_internal\numpy\polynomial\tests\test_polynomial.py
   Compressing: C:\Users\Administrator\Documents\projects\SCDossier\dist\SCDossier\_internal\numpy\polynomial\tests\test_polyutils.py
   Compressing: C:\Users\Administrator\Documents\projects\SCDossier\dist\SCDossier\_internal\numpy\polynomial\tests\test_printing.py
   Compressing: C:\Users\Administrator\Documents\projects\SCDossier\dist\SCDossier\_internal\numpy\polynomial\tests\test_symbol.py
   Compressing: C:\Users\Administrator\Documents\projects\SCDossier\dist\SCDossier\_internal\numpy\polynomial\tests\__init__.py
   Compressing: C:\Users\Administrator\Documents\projects\SCDossier\dist\SCDossier\_internal\numpy\random\bit_generator.cp313-win_amd64.lib
   Compressing: C:\Users\Administrator\Documents\projects\SCDossier\dist\SCDossier\_internal\numpy\random\bit_generator.cp313-win_amd64.pyd
   Compressing: C:\Users\Administrator\Documents\projects\SCDossier\dist\SCDossier\_internal\numpy\random\bit_generator.pxd
   Compressing: C:\Users\Administrator\Documents\projects\SCDossier\dist\SCDossier\_internal\numpy\random\bit_generator.pyi
   Compressing: C:\Users\Administrator\Documents\projects\SCDossier\dist\SCDossier\_internal\numpy\random\c_distributions.pxd
   Compressing: C:\Users\Administrator\Documents\projects\SCDossier\dist\SCDossier\_internal\numpy\random\LICENSE.md
   Compressing: C:\Users\Administrator\Documents\projects\SCDossier\dist\SCDossier\_internal\numpy\random\mtrand.cp313-win_amd64.lib
   Compressing: C:\Users\Administrator\Documents\projects\SCDossier\dist\SCDossier\_internal\numpy\random\mtrand.cp313-win_amd64.pyd
   Compressing: C:\Users\Administrator\Documents\projects\SCDossier\dist\SCDossier\_internal\numpy\random\mtrand.pyi
   Compressing: C:\Users\Administrator\Documents\projects\SCDossier\dist\SCDossier\_internal\numpy\random\_bounded_integers.cp313-win_amd64.lib
   Compressing: C:\Users\Administrator\Documents\projects\SCDossier\dist\SCDossier\_internal\numpy\random\_bounded_integers.cp313-win_amd64.pyd
   Compressing: C:\Users\Administrator\Documents\projects\SCDossier\dist\SCDossier\_internal\numpy\random\_bounded_integers.pxd
   Compressing: C:\Users\Administrator\Documents\projects\SCDossier\dist\SCDossier\_internal\numpy\random\_bounded_integers.pyi
   Compressing: C:\Users\Administrator\Documents\projects\SCDossier\dist\SCDossier\_internal\numpy\random\_common.cp313-win_amd64.lib
   Compressing: C:\Users\Administrator\Documents\projects\SCDossier\dist\SCDossier\_internal\numpy\random\_common.cp313-win_amd64.pyd
   Compressing: C:\Users\Administrator\Documents\projects\SCDossier\dist\SCDossier\_internal\numpy\random\_common.pxd
   Compressing: C:\Users\Administrator\Documents\projects\SCDossier\dist\SCDossier\_internal\numpy\random\_common.pyi
   Compressing: C:\Users\Administrator\Documents\projects\SCDossier\dist\SCDossier\_internal\numpy\random\_generator.cp313-win_amd64.lib
   Compressing: C:\Users\Administrator\Documents\projects\SCDossier\dist\SCDossier\_internal\numpy\random\_generator.cp313-win_amd64.pyd
   Compressing: C:\Users\Administrator\Documents\projects\SCDossier\dist\SCDossier\_internal\numpy\random\_generator.pyi
   Compressing: C:\Users\Administrator\Documents\projects\SCDossier\dist\SCDossier\_internal\numpy\random\_mt19937.cp313-win_amd64.lib
   Compressing: C:\Users\Administrator\Documents\projects\SCDossier\dist\SCDossier\_internal\numpy\random\_mt19937.cp313-win_amd64.pyd
   Compressing: C:\Users\Administrator\Documents\projects\SCDossier\dist\SCDossier\_internal\numpy\random\_mt19937.pyi
   Compressing: C:\Users\Administrator\Documents\projects\SCDossier\dist\SCDossier\_internal\numpy\random\_pcg64.cp313-win_amd64.lib
   Compressing: C:\Users\Administrator\Documents\projects\SCDossier\dist\SCDossier\_internal\numpy\random\_pcg64.cp313-win_amd64.pyd
   Compressing: C:\Users\Administrator\Documents\projects\SCDossier\dist\SCDossier\_internal\numpy\random\_pcg64.pyi
   Compressing: C:\Users\Administrator\Documents\projects\SCDossier\dist\SCDossier\_internal\numpy\random\_philox.cp313-win_amd64.lib
   Compressing: C:\Users\Administrator\Documents\projects\SCDossier\dist\SCDossier\_internal\numpy\random\_philox.cp313-win_amd64.pyd
   Compressing: C:\Users\Administrator\Documents\projects\SCDossier\dist\SCDossier\_internal\numpy\random\_philox.pyi
   Compressing: C:\Users\Administrator\Documents\projects\SCDossier\dist\SCDossier\_internal\numpy\random\_pickle.py
   Compressing: C:\Users\Administrator\Documents\projects\SCDossier\dist\SCDossier\_internal\numpy\random\_pickle.pyi
   Compressing: C:\Users\Administrator\Documents\projects\SCDossier\dist\SCDossier\_internal\numpy\random\_sfc64.cp313-win_amd64.lib
   Compressing: C:\Users\Administrator\Documents\projects\SCDossier\dist\SCDossier\_internal\numpy\random\_sfc64.cp313-win_amd64.pyd
   Compressing: C:\Users\Administrator\Documents\projects\SCDossier\dist\SCDossier\_internal\numpy\random\_sfc64.pyi
   Compressing: C:\Users\Administrator\Documents\projects\SCDossier\dist\SCDossier\_internal\numpy\random\__init__.pxd
   Compressing: C:\Users\Administrator\Documents\projects\SCDossier\dist\SCDossier\_internal\numpy\random\__init__.py
   Compressing: C:\Users\Administrator\Documents\projects\SCDossier\dist\SCDossier\_internal\numpy\random\__init__.pyi
   Compressing: C:\Users\Administrator\Documents\projects\SCDossier\dist\SCDossier\_internal\numpy\random\lib\npyrandom.lib
   Compressing: C:\Users\Administrator\Documents\projects\SCDossier\dist\SCDossier\_internal\numpy\random\tests\test_direct.py
   Compressing: C:\Users\Administrator\Documents\projects\SCDossier\dist\SCDossier\_internal\numpy\random\tests\test_extending.py
   Compressing: C:\Users\Administrator\Documents\projects\SCDossier\dist\SCDossier\_internal\numpy\random\tests\test_generator_mt19937.py
   Compressing: C:\Users\Administrator\Documents\projects\SCDossier\dist\SCDossier\_internal\numpy\random\tests\test_generator_mt19937_regressions.py
   Compressing: C:\Users\Administrator\Documents\projects\SCDossier\dist\SCDossier\_internal\numpy\random\tests\test_random.py
   Compressing: C:\Users\Administrator\Documents\projects\SCDossier\dist\SCDossier\_internal\numpy\random\tests\test_randomstate.py
   Compressing: C:\Users\Administrator\Documents\projects\SCDossier\dist\SCDossier\_internal\numpy\random\tests\test_randomstate_regression.py
   Compressing: C:\Users\Administrator\Documents\projects\SCDossier\dist\SCDossier\_internal\numpy\random\tests\test_regression.py
   Compressing: C:\Users\Administrator\Documents\projects\SCDossier\dist\SCDossier\_internal\numpy\random\tests\test_seed_sequence.py
   Compressing: C:\Users\Administrator\Documents\projects\SCDossier\dist\SCDossier\_internal\numpy\random\tests\test_smoke.py
   Compressing: C:\Users\Administrator\Documents\projects\SCDossier\dist\SCDossier\_internal\numpy\random\tests\__init__.py
   Compressing: C:\Users\Administrator\Documents\projects\SCDossier\dist\SCDossier\_internal\numpy\random\tests\data\generator_pcg64_np121.pkl.gz
   Compressing: C:\Users\Administrator\Documents\projects\SCDossier\dist\SCDossier\_internal\numpy\random\tests\data\generator_pcg64_np126.pkl.gz
   Compressing: C:\Users\Administrator\Documents\projects\SCDossier\dist\SCDossier\_internal\numpy\random\tests\data\mt19937-testset-1.csv
   Compressing: C:\Users\Administrator\Documents\projects\SCDossier\dist\SCDossier\_internal\numpy\random\tests\data\mt19937-testset-2.csv
   Compressing: C:\Users\Administrator\Documents\projects\SCDossier\dist\SCDossier\_internal\numpy\random\tests\data\pcg64-testset-1.csv
   Compressing: C:\Users\Administrator\Documents\projects\SCDossier\dist\SCDossier\_internal\numpy\random\tests\data\pcg64-testset-2.csv
   Compressing: C:\Users\Administrator\Documents\projects\SCDossier\dist\SCDossier\_internal\numpy\random\tests\data\pcg64dxsm-testset-1.csv
   Compressing: C:\Users\Administrator\Documents\projects\SCDossier\dist\SCDossier\_internal\numpy\random\tests\data\pcg64dxsm-testset-2.csv
   Compressing: C:\Users\Administrator\Documents\projects\SCDossier\dist\SCDossier\_internal\numpy\random\tests\data\philox-testset-1.csv
   Compressing: C:\Users\Administrator\Documents\projects\SCDossier\dist\SCDossier\_internal\numpy\random\tests\data\philox-testset-2.csv
   Compressing: C:\Users\Administrator\Documents\projects\SCDossier\dist\SCDossier\_internal\numpy\random\tests\data\sfc64-testset-1.csv
   Compressing: C:\Users\Administrator\Documents\projects\SCDossier\dist\SCDossier\_internal\numpy\random\tests\data\sfc64-testset-2.csv
   Compressing: C:\Users\Administrator\Documents\projects\SCDossier\dist\SCDossier\_internal\numpy\random\tests\data\sfc64_np126.pkl.gz
   Compressing: C:\Users\Administrator\Documents\projects\SCDossier\dist\SCDossier\_internal\numpy\random\tests\data\__init__.py
   Compressing: C:\Users\Administrator\Documents\projects\SCDossier\dist\SCDossier\_internal\numpy\random\_examples\cffi\extending.py
   Compressing: C:\Users\Administrator\Documents\projects\SCDossier\dist\SCDossier\_internal\numpy\random\_examples\cffi\parse.py
   Compressing: C:\Users\Administrator\Documents\projects\SCDossier\dist\SCDossier\_internal\numpy\random\_examples\cython\extending.pyx
   Compressing: C:\Users\Administrator\Documents\projects\SCDossier\dist\SCDossier\_internal\numpy\random\_examples\cython\extending_distributions.pyx
   Compressing: C:\Users\Administrator\Documents\projects\SCDossier\dist\SCDossier\_internal\numpy\random\_examples\cython\meson.build
   Compressing: C:\Users\Administrator\Documents\projects\SCDossier\dist\SCDossier\_internal\numpy\random\_examples\numba\extending.py
   Compressing: C:\Users\Administrator\Documents\projects\SCDossier\dist\SCDossier\_internal\numpy\random\_examples\numba\extending_distributions.py
   Compressing: C:\Users\Administrator\Documents\projects\SCDossier\dist\SCDossier\_internal\numpy\rec\__init__.py
   Compressing: C:\Users\Administrator\Documents\projects\SCDossier\dist\SCDossier\_internal\numpy\rec\__init__.pyi
   Compressing: C:\Users\Administrator\Documents\projects\SCDossier\dist\SCDossier\_internal\numpy\strings\__init__.py
   Compressing: C:\Users\Administrator\Documents\projects\SCDossier\dist\SCDossier\_internal\numpy\strings\__init__.pyi
   Compressing: C:\Users\Administrator\Documents\projects\SCDossier\dist\SCDossier\_internal\numpy\testing\overrides.py
   Compressing: C:\Users\Administrator\Documents\projects\SCDossier\dist\SCDossier\_internal\numpy\testing\overrides.pyi
   Compressing: C:\Users\Administrator\Documents\projects\SCDossier\dist\SCDossier\_internal\numpy\testing\print_coercion_tables.py
   Compressing: C:\Users\Administrator\Documents\projects\SCDossier\dist\SCDossier\_internal\numpy\testing\print_coercion_tables.pyi
   Compressing: C:\Users\Administrator\Documents\projects\SCDossier\dist\SCDossier\_internal\numpy\testing\__init__.py
   Compressing: C:\Users\Administrator\Documents\projects\SCDossier\dist\SCDossier\_internal\numpy\testing\__init__.pyi
   Compressing: C:\Users\Administrator\Documents\projects\SCDossier\dist\SCDossier\_internal\numpy\testing\tests\test_utils.py
   Compressing: C:\Users\Administrator\Documents\projects\SCDossier\dist\SCDossier\_internal\numpy\testing\tests\__init__.py
   Compressing: C:\Users\Administrator\Documents\projects\SCDossier\dist\SCDossier\_internal\numpy\testing\_private\extbuild.py
   Compressing: C:\Users\Administrator\Documents\projects\SCDossier\dist\SCDossier\_internal\numpy\testing\_private\extbuild.pyi
   Compressing: C:\Users\Administrator\Documents\projects\SCDossier\dist\SCDossier\_internal\numpy\testing\_private\utils.py
   Compressing: C:\Users\Administrator\Documents\projects\SCDossier\dist\SCDossier\_internal\numpy\testing\_private\utils.pyi
   Compressing: C:\Users\Administrator\Documents\projects\SCDossier\dist\SCDossier\_internal\numpy\testing\_private\__init__.py
   Compressing: C:\Users\Administrator\Documents\projects\SCDossier\dist\SCDossier\_internal\numpy\testing\_private\__init__.pyi
   Compressing: C:\Users\Administrator\Documents\projects\SCDossier\dist\SCDossier\_internal\numpy\tests\test_configtool.py
   Compressing: C:\Users\Administrator\Documents\projects\SCDossier\dist\SCDossier\_internal\numpy\tests\test_ctypeslib.py
   Compressing: C:\Users\Administrator\Documents\projects\SCDossier\dist\SCDossier\_internal\numpy\tests\test_lazyloading.py
   Compressing: C:\Users\Administrator\Documents\projects\SCDossier\dist\SCDossier\_internal\numpy\tests\test_matlib.py
   Compressing: C:\Users\Administrator\Documents\projects\SCDossier\dist\SCDossier\_internal\numpy\tests\test_numpy_config.py
   Compressing: C:\Users\Administrator\Documents\projects\SCDossier\dist\SCDossier\_internal\numpy\tests\test_numpy_version.py
   Compressing: C:\Users\Administrator\Documents\projects\SCDossier\dist\SCDossier\_internal\numpy\tests\test_public_api.py
   Compressing: C:\Users\Administrator\Documents\projects\SCDossier\dist\SCDossier\_internal\numpy\tests\test_reloading.py
   Compressing: C:\Users\Administrator\Documents\projects\SCDossier\dist\SCDossier\_internal\numpy\tests\test_scripts.py
   Compressing: C:\Users\Administrator\Documents\projects\SCDossier\dist\SCDossier\_internal\numpy\tests\test_warnings.py
   Compressing: C:\Users\Administrator\Documents\projects\SCDossier\dist\SCDossier\_internal\numpy\tests\test__all__.py
   Compressing: C:\Users\Administrator\Documents\projects\SCDossier\dist\SCDossier\_internal\numpy\tests\__init__.py
   Compressing: C:\Users\Administrator\Documents\projects\SCDossier\dist\SCDossier\_internal\numpy\typing\mypy_plugin.py
   Compressing: C:\Users\Administrator\Documents\projects\SCDossier\dist\SCDossier\_internal\numpy\typing\__init__.py
   Compressing: C:\Users\Administrator\Documents\projects\SCDossier\dist\SCDossier\_internal\numpy\typing\__init__.pyi
   Compressing: C:\Users\Administrator\Documents\projects\SCDossier\dist\SCDossier\_internal\numpy\typing\tests\test_isfile.py
   Compressing: C:\Users\Administrator\Documents\projects\SCDossier\dist\SCDossier\_internal\numpy\typing\tests\test_runtime.py
   Compressing: C:\Users\Administrator\Documents\projects\SCDossier\dist\SCDossier\_internal\numpy\typing\tests\test_typing.py
   Compressing: C:\Users\Administrator\Documents\projects\SCDossier\dist\SCDossier\_internal\numpy\typing\tests\__init__.py
   Compressing: C:\Users\Administrator\Documents\projects\SCDossier\dist\SCDossier\_internal\numpy\typing\tests\data\mypy.ini
   Compressing: C:\Users\Administrator\Documents\projects\SCDossier\dist\SCDossier\_internal\numpy\typing\tests\data\fail\arithmetic.pyi
   Compressing: C:\Users\Administrator\Documents\projects\SCDossier\dist\SCDossier\_internal\numpy\typing\tests\data\fail\arrayprint.pyi
   Compressing: C:\Users\Administrator\Documents\projects\SCDossier\dist\SCDossier\_internal\numpy\typing\tests\data\fail\arrayterator.pyi
   Compressing: C:\Users\Administrator\Documents\projects\SCDossier\dist\SCDossier\_internal\numpy\typing\tests\data\fail\array_constructors.pyi
   Compressing: C:\Users\Administrator\Documents\projects\SCDossier\dist\SCDossier\_internal\numpy\typing\tests\data\fail\array_like.pyi
   Compressing: C:\Users\Administrator\Documents\projects\SCDossier\dist\SCDossier\_internal\numpy\typing\tests\data\fail\array_pad.pyi
   Compressing: C:\Users\Administrator\Documents\projects\SCDossier\dist\SCDossier\_internal\numpy\typing\tests\data\fail\bitwise_ops.pyi
   Compressing: C:\Users\Administrator\Documents\projects\SCDossier\dist\SCDossier\_internal\numpy\typing\tests\data\fail\char.pyi
   Compressing: C:\Users\Administrator\Documents\projects\SCDossier\dist\SCDossier\_internal\numpy\typing\tests\data\fail\chararray.pyi
   Compressing: C:\Users\Administrator\Documents\projects\SCDossier\dist\SCDossier\_internal\numpy\typing\tests\data\fail\comparisons.pyi
   Compressing: C:\Users\Administrator\Documents\projects\SCDossier\dist\SCDossier\_internal\numpy\typing\tests\data\fail\constants.pyi
   Compressing: C:\Users\Administrator\Documents\projects\SCDossier\dist\SCDossier\_internal\numpy\typing\tests\data\fail\datasource.pyi
   Compressing: C:\Users\Administrator\Documents\projects\SCDossier\dist\SCDossier\_internal\numpy\typing\tests\data\fail\dtype.pyi
   Compressing: C:\Users\Administrator\Documents\projects\SCDossier\dist\SCDossier\_internal\numpy\typing\tests\data\fail\einsumfunc.pyi
   Compressing: C:\Users\Administrator\Documents\projects\SCDossier\dist\SCDossier\_internal\numpy\typing\tests\data\fail\flatiter.pyi
   Compressing: C:\Users\Administrator\Documents\projects\SCDossier\dist\SCDossier\_internal\numpy\typing\tests\data\fail\fromnumeric.pyi
   Compressing: C:\Users\Administrator\Documents\projects\SCDossier\dist\SCDossier\_internal\numpy\typing\tests\data\fail\histograms.pyi
   Compressing: C:\Users\Administrator\Documents\projects\SCDossier\dist\SCDossier\_internal\numpy\typing\tests\data\fail\index_tricks.pyi
   Compressing: C:\Users\Administrator\Documents\projects\SCDossier\dist\SCDossier\_internal\numpy\typing\tests\data\fail\lib_function_base.pyi
   Compressing: C:\Users\Administrator\Documents\projects\SCDossier\dist\SCDossier\_internal\numpy\typing\tests\data\fail\lib_polynomial.pyi
   Compressing: C:\Users\Administrator\Documents\projects\SCDossier\dist\SCDossier\_internal\numpy\typing\tests\data\fail\lib_utils.pyi
   Compressing: C:\Users\Administrator\Documents\projects\SCDossier\dist\SCDossier\_internal\numpy\typing\tests\data\fail\lib_version.pyi
   Compressing: C:\Users\Administrator\Documents\projects\SCDossier\dist\SCDossier\_internal\numpy\typing\tests\data\fail\linalg.pyi
   Compressing: C:\Users\Administrator\Documents\projects\SCDossier\dist\SCDossier\_internal\numpy\typing\tests\data\fail\ma.pyi
   Compressing: C:\Users\Administrator\Documents\projects\SCDossier\dist\SCDossier\_internal\numpy\typing\tests\data\fail\memmap.pyi
   Compressing: C:\Users\Administrator\Documents\projects\SCDossier\dist\SCDossier\_internal\numpy\typing\tests\data\fail\modules.pyi
   Compressing: C:\Users\Administrator\Documents\projects\SCDossier\dist\SCDossier\_internal\numpy\typing\tests\data\fail\multiarray.pyi
   Compressing: C:\Users\Administrator\Documents\projects\SCDossier\dist\SCDossier\_internal\numpy\typing\tests\data\fail\ndarray.pyi
   Compressing: C:\Users\Administrator\Documents\projects\SCDossier\dist\SCDossier\_internal\numpy\typing\tests\data\fail\ndarray_misc.pyi
   Compressing: C:\Users\Administrator\Documents\projects\SCDossier\dist\SCDossier\_internal\numpy\typing\tests\data\fail\nditer.pyi
   Compressing: C:\Users\Administrator\Documents\projects\SCDossier\dist\SCDossier\_internal\numpy\typing\tests\data\fail\nested_sequence.pyi
   Compressing: C:\Users\Administrator\Documents\projects\SCDossier\dist\SCDossier\_internal\numpy\typing\tests\data\fail\npyio.pyi
   Compressing: C:\Users\Administrator\Documents\projects\SCDossier\dist\SCDossier\_internal\numpy\typing\tests\data\fail\numerictypes.pyi
   Compressing: C:\Users\Administrator\Documents\projects\SCDossier\dist\SCDossier\_internal\numpy\typing\tests\data\fail\random.pyi
   Compressing: C:\Users\Administrator\Documents\projects\SCDossier\dist\SCDossier\_internal\numpy\typing\tests\data\fail\rec.pyi
   Compressing: C:\Users\Administrator\Documents\projects\SCDossier\dist\SCDossier\_internal\numpy\typing\tests\data\fail\scalars.pyi
   Compressing: C:\Users\Administrator\Documents\projects\SCDossier\dist\SCDossier\_internal\numpy\typing\tests\data\fail\shape.pyi
   Compressing: C:\Users\Administrator\Documents\projects\SCDossier\dist\SCDossier\_internal\numpy\typing\tests\data\fail\shape_base.pyi
   Compressing: C:\Users\Administrator\Documents\projects\SCDossier\dist\SCDossier\_internal\numpy\typing\tests\data\fail\stride_tricks.pyi
   Compressing: C:\Users\Administrator\Documents\projects\SCDossier\dist\SCDossier\_internal\numpy\typing\tests\data\fail\strings.pyi
   Compressing: C:\Users\Administrator\Documents\projects\SCDossier\dist\SCDossier\_internal\numpy\typing\tests\data\fail\testing.pyi
   Compressing: C:\Users\Administrator\Documents\projects\SCDossier\dist\SCDossier\_internal\numpy\typing\tests\data\fail\twodim_base.pyi
   Compressing: C:\Users\Administrator\Documents\projects\SCDossier\dist\SCDossier\_internal\numpy\typing\tests\data\fail\type_check.pyi
   Compressing: C:\Users\Administrator\Documents\projects\SCDossier\dist\SCDossier\_internal\numpy\typing\tests\data\fail\ufunclike.pyi
   Compressing: C:\Users\Administrator\Documents\projects\SCDossier\dist\SCDossier\_internal\numpy\typing\tests\data\fail\ufuncs.pyi
   Compressing: C:\Users\Administrator\Documents\projects\SCDossier\dist\SCDossier\_internal\numpy\typing\tests\data\fail\ufunc_config.pyi
   Compressing: C:\Users\Administrator\Documents\projects\SCDossier\dist\SCDossier\_internal\numpy\typing\tests\data\fail\warnings_and_errors.pyi
   Compressing: C:\Users\Administrator\Documents\projects\SCDossier\dist\SCDossier\_internal\numpy\typing\tests\data\misc\extended_precision.pyi
   Compressing: C:\Users\Administrator\Documents\projects\SCDossier\dist\SCDossier\_internal\numpy\typing\tests\data\pass\arithmetic.py
   Compressing: C:\Users\Administrator\Documents\projects\SCDossier\dist\SCDossier\_internal\numpy\typing\tests\data\pass\arrayprint.py
   Compressing: C:\Users\Administrator\Documents\projects\SCDossier\dist\SCDossier\_internal\numpy\typing\tests\data\pass\arrayterator.py
   Compressing: C:\Users\Administrator\Documents\projects\SCDossier\dist\SCDossier\_internal\numpy\typing\tests\data\pass\array_constructors.py
   Compressing: C:\Users\Administrator\Documents\projects\SCDossier\dist\SCDossier\_internal\numpy\typing\tests\data\pass\array_like.py
   Compressing: C:\Users\Administrator\Documents\projects\SCDossier\dist\SCDossier\_internal\numpy\typing\tests\data\pass\bitwise_ops.py
   Compressing: C:\Users\Administrator\Documents\projects\SCDossier\dist\SCDossier\_internal\numpy\typing\tests\data\pass\comparisons.py
   Compressing: C:\Users\Administrator\Documents\projects\SCDossier\dist\SCDossier\_internal\numpy\typing\tests\data\pass\dtype.py
   Compressing: C:\Users\Administrator\Documents\projects\SCDossier\dist\SCDossier\_internal\numpy\typing\tests\data\pass\einsumfunc.py
   Compressing: C:\Users\Administrator\Documents\projects\SCDossier\dist\SCDossier\_internal\numpy\typing\tests\data\pass\flatiter.py
   Compressing: C:\Users\Administrator\Documents\projects\SCDossier\dist\SCDossier\_internal\numpy\typing\tests\data\pass\fromnumeric.py
   Compressing: C:\Users\Administrator\Documents\projects\SCDossier\dist\SCDossier\_internal\numpy\typing\tests\data\pass\index_tricks.py
   Compressing: C:\Users\Administrator\Documents\projects\SCDossier\dist\SCDossier\_internal\numpy\typing\tests\data\pass\lib_user_array.py
   Compressing: C:\Users\Administrator\Documents\projects\SCDossier\dist\SCDossier\_internal\numpy\typing\tests\data\pass\lib_utils.py
   Compressing: C:\Users\Administrator\Documents\projects\SCDossier\dist\SCDossier\_internal\numpy\typing\tests\data\pass\lib_version.py
   Compressing: C:\Users\Administrator\Documents\projects\SCDossier\dist\SCDossier\_internal\numpy\typing\tests\data\pass\literal.py
   Compressing: C:\Users\Administrator\Documents\projects\SCDossier\dist\SCDossier\_internal\numpy\typing\tests\data\pass\ma.py
   Compressing: C:\Users\Administrator\Documents\projects\SCDossier\dist\SCDossier\_internal\numpy\typing\tests\data\pass\mod.py
   Compressing: C:\Users\Administrator\Documents\projects\SCDossier\dist\SCDossier\_internal\numpy\typing\tests\data\pass\modules.py
   Compressing: C:\Users\Administrator\Documents\projects\SCDossier\dist\SCDossier\_internal\numpy\typing\tests\data\pass\multiarray.py
   Compressing: C:\Users\Administrator\Documents\projects\SCDossier\dist\SCDossier\_internal\numpy\typing\tests\data\pass\ndarray_conversion.py
   Compressing: C:\Users\Administrator\Documents\projects\SCDossier\dist\SCDossier\_internal\numpy\typing\tests\data\pass\ndarray_misc.py
   Compressing: C:\Users\Administrator\Documents\projects\SCDossier\dist\SCDossier\_internal\numpy\typing\tests\data\pass\ndarray_shape_manipulation.py
   Compressing: C:\Users\Administrator\Documents\projects\SCDossier\dist\SCDossier\_internal\numpy\typing\tests\data\pass\nditer.py
   Compressing: C:\Users\Administrator\Documents\projects\SCDossier\dist\SCDossier\_internal\numpy\typing\tests\data\pass\numeric.py
   Compressing: C:\Users\Administrator\Documents\projects\SCDossier\dist\SCDossier\_internal\numpy\typing\tests\data\pass\numerictypes.py
   Compressing: C:\Users\Administrator\Documents\projects\SCDossier\dist\SCDossier\_internal\numpy\typing\tests\data\pass\random.py
   Compressing: C:\Users\Administrator\Documents\projects\SCDossier\dist\SCDossier\_internal\numpy\typing\tests\data\pass\recfunctions.py
   Compressing: C:\Users\Administrator\Documents\projects\SCDossier\dist\SCDossier\_internal\numpy\typing\tests\data\pass\scalars.py
   Compressing: C:\Users\Administrator\Documents\projects\SCDossier\dist\SCDossier\_internal\numpy\typing\tests\data\pass\shape.py
   Compressing: C:\Users\Administrator\Documents\projects\SCDossier\dist\SCDossier\_internal\numpy\typing\tests\data\pass\simple.py
   Compressing: C:\Users\Administrator\Documents\projects\SCDossier\dist\SCDossier\_internal\numpy\typing\tests\data\pass\ufunclike.py
   Compressing: C:\Users\Administrator\Documents\projects\SCDossier\dist\SCDossier\_internal\numpy\typing\tests\data\pass\ufuncs.py
   Compressing: C:\Users\Administrator\Documents\projects\SCDossier\dist\SCDossier\_internal\numpy\typing\tests\data\pass\ufunc_config.py
   Compressing: C:\Users\Administrator\Documents\projects\SCDossier\dist\SCDossier\_internal\numpy\typing\tests\data\pass\warnings_and_errors.py
   Compressing: C:\Users\Administrator\Documents\projects\SCDossier\dist\SCDossier\_internal\numpy\typing\tests\data\reveal\arithmetic.pyi
   Compressing: C:\Users\Administrator\Documents\projects\SCDossier\dist\SCDossier\_internal\numpy\typing\tests\data\reveal\arraypad.pyi
   Compressing: C:\Users\Administrator\Documents\projects\SCDossier\dist\SCDossier\_internal\numpy\typing\tests\data\reveal\arrayprint.pyi
   Compressing: C:\Users\Administrator\Documents\projects\SCDossier\dist\SCDossier\_internal\numpy\typing\tests\data\reveal\arraysetops.pyi
   Compressing: C:\Users\Administrator\Documents\projects\SCDossier\dist\SCDossier\_internal\numpy\typing\tests\data\reveal\arrayterator.pyi
   Compressing: C:\Users\Administrator\Documents\projects\SCDossier\dist\SCDossier\_internal\numpy\typing\tests\data\reveal\array_api_info.pyi
   Compressing: C:\Users\Administrator\Documents\projects\SCDossier\dist\SCDossier\_internal\numpy\typing\tests\data\reveal\array_constructors.pyi
   Compressing: C:\Users\Administrator\Documents\projects\SCDossier\dist\SCDossier\_internal\numpy\typing\tests\data\reveal\bitwise_ops.pyi
   Compressing: C:\Users\Administrator\Documents\projects\SCDossier\dist\SCDossier\_internal\numpy\typing\tests\data\reveal\char.pyi
   Compressing: C:\Users\Administrator\Documents\projects\SCDossier\dist\SCDossier\_internal\numpy\typing\tests\data\reveal\chararray.pyi
   Compressing: C:\Users\Administrator\Documents\projects\SCDossier\dist\SCDossier\_internal\numpy\typing\tests\data\reveal\comparisons.pyi
   Compressing: C:\Users\Administrator\Documents\projects\SCDossier\dist\SCDossier\_internal\numpy\typing\tests\data\reveal\constants.pyi
   Compressing: C:\Users\Administrator\Documents\projects\SCDossier\dist\SCDossier\_internal\numpy\typing\tests\data\reveal\ctypeslib.pyi
   Compressing: C:\Users\Administrator\Documents\projects\SCDossier\dist\SCDossier\_internal\numpy\typing\tests\data\reveal\datasource.pyi
   Compressing: C:\Users\Administrator\Documents\projects\SCDossier\dist\SCDossier\_internal\numpy\typing\tests\data\reveal\dtype.pyi
   Compressing: C:\Users\Administrator\Documents\projects\SCDossier\dist\SCDossier\_internal\numpy\typing\tests\data\reveal\einsumfunc.pyi
   Compressing: C:\Users\Administrator\Documents\projects\SCDossier\dist\SCDossier\_internal\numpy\typing\tests\data\reveal\emath.pyi
   Compressing: C:\Users\Administrator\Documents\projects\SCDossier\dist\SCDossier\_internal\numpy\typing\tests\data\reveal\fft.pyi
   Compressing: C:\Users\Administrator\Documents\projects\SCDossier\dist\SCDossier\_internal\numpy\typing\tests\data\reveal\flatiter.pyi
   Compressing: C:\Users\Administrator\Documents\projects\SCDossier\dist\SCDossier\_internal\numpy\typing\tests\data\reveal\fromnumeric.pyi
   Compressing: C:\Users\Administrator\Documents\projects\SCDossier\dist\SCDossier\_internal\numpy\typing\tests\data\reveal\getlimits.pyi
   Compressing: C:\Users\Administrator\Documents\projects\SCDossier\dist\SCDossier\_internal\numpy\typing\tests\data\reveal\histograms.pyi
   Compressing: C:\Users\Administrator\Documents\projects\SCDossier\dist\SCDossier\_internal\numpy\typing\tests\data\reveal\index_tricks.pyi
   Compressing: C:\Users\Administrator\Documents\projects\SCDossier\dist\SCDossier\_internal\numpy\typing\tests\data\reveal\lib_function_base.pyi
   Compressing: C:\Users\Administrator\Documents\projects\SCDossier\dist\SCDossier\_internal\numpy\typing\tests\data\reveal\lib_polynomial.pyi
   Compressing: C:\Users\Administrator\Documents\projects\SCDossier\dist\SCDossier\_internal\numpy\typing\tests\data\reveal\lib_utils.pyi
   Compressing: C:\Users\Administrator\Documents\projects\SCDossier\dist\SCDossier\_internal\numpy\typing\tests\data\reveal\lib_version.pyi
   Compressing: C:\Users\Administrator\Documents\projects\SCDossier\dist\SCDossier\_internal\numpy\typing\tests\data\reveal\linalg.pyi
   Compressing: C:\Users\Administrator\Documents\projects\SCDossier\dist\SCDossier\_internal\numpy\typing\tests\data\reveal\ma.pyi
   Compressing: C:\Users\Administrator\Documents\projects\SCDossier\dist\SCDossier\_internal\numpy\typing\tests\data\reveal\matrix.pyi
   Compressing: C:\Users\Administrator\Documents\projects\SCDossier\dist\SCDossier\_internal\numpy\typing\tests\data\reveal\memmap.pyi
   Compressing: C:\Users\Administrator\Documents\projects\SCDossier\dist\SCDossier\_internal\numpy\typing\tests\data\reveal\mod.pyi
   Compressing: C:\Users\Administrator\Documents\projects\SCDossier\dist\SCDossier\_internal\numpy\typing\tests\data\reveal\modules.pyi
   Compressing: C:\Users\Administrator\Documents\projects\SCDossier\dist\SCDossier\_internal\numpy\typing\tests\data\reveal\multiarray.pyi
   Compressing: C:\Users\Administrator\Documents\projects\SCDossier\dist\SCDossier\_internal\numpy\typing\tests\data\reveal\nbit_base_example.pyi
   Compressing: C:\Users\Administrator\Documents\projects\SCDossier\dist\SCDossier\_internal\numpy\typing\tests\data\reveal\ndarray_assignability.pyi
   Compressing: C:\Users\Administrator\Documents\projects\SCDossier\dist\SCDossier\_internal\numpy\typing\tests\data\reveal\ndarray_conversion.pyi
   Compressing: C:\Users\Administrator\Documents\projects\SCDossier\dist\SCDossier\_internal\numpy\typing\tests\data\reveal\ndarray_misc.pyi
   Compressing: C:\Users\Administrator\Documents\projects\SCDossier\dist\SCDossier\_internal\numpy\typing\tests\data\reveal\ndarray_shape_manipulation.pyi
   Compressing: C:\Users\Administrator\Documents\projects\SCDossier\dist\SCDossier\_internal\numpy\typing\tests\data\reveal\nditer.pyi
   Compressing: C:\Users\Administrator\Documents\projects\SCDossier\dist\SCDossier\_internal\numpy\typing\tests\data\reveal\nested_sequence.pyi
   Compressing: C:\Users\Administrator\Documents\projects\SCDossier\dist\SCDossier\_internal\numpy\typing\tests\data\reveal\npyio.pyi
   Compressing: C:\Users\Administrator\Documents\projects\SCDossier\dist\SCDossier\_internal\numpy\typing\tests\data\reveal\numeric.pyi
   Compressing: C:\Users\Administrator\Documents\projects\SCDossier\dist\SCDossier\_internal\numpy\typing\tests\data\reveal\numerictypes.pyi
   Compressing: C:\Users\Administrator\Documents\projects\SCDossier\dist\SCDossier\_internal\numpy\typing\tests\data\reveal\polynomial_polybase.pyi
   Compressing: C:\Users\Administrator\Documents\projects\SCDossier\dist\SCDossier\_internal\numpy\typing\tests\data\reveal\polynomial_polyutils.pyi
   Compressing: C:\Users\Administrator\Documents\projects\SCDossier\dist\SCDossier\_internal\numpy\typing\tests\data\reveal\polynomial_series.pyi
   Compressing: C:\Users\Administrator\Documents\projects\SCDossier\dist\SCDossier\_internal\numpy\typing\tests\data\reveal\random.pyi
   Compressing: C:\Users\Administrator\Documents\projects\SCDossier\dist\SCDossier\_internal\numpy\typing\tests\data\reveal\rec.pyi
   Compressing: C:\Users\Administrator\Documents\projects\SCDossier\dist\SCDossier\_internal\numpy\typing\tests\data\reveal\scalars.pyi
   Compressing: C:\Users\Administrator\Documents\projects\SCDossier\dist\SCDossier\_internal\numpy\typing\tests\data\reveal\shape.pyi
   Compressing: C:\Users\Administrator\Documents\projects\SCDossier\dist\SCDossier\_internal\numpy\typing\tests\data\reveal\shape_base.pyi
   Compressing: C:\Users\Administrator\Documents\projects\SCDossier\dist\SCDossier\_internal\numpy\typing\tests\data\reveal\stride_tricks.pyi
   Compressing: C:\Users\Administrator\Documents\projects\SCDossier\dist\SCDossier\_internal\numpy\typing\tests\data\reveal\strings.pyi
   Compressing: C:\Users\Administrator\Documents\projects\SCDossier\dist\SCDossier\_internal\numpy\typing\tests\data\reveal\testing.pyi
   Compressing: C:\Users\Administrator\Documents\projects\SCDossier\dist\SCDossier\_internal\numpy\typing\tests\data\reveal\twodim_base.pyi
   Compressing: C:\Users\Administrator\Documents\projects\SCDossier\dist\SCDossier\_internal\numpy\typing\tests\data\reveal\type_check.pyi
   Compressing: C:\Users\Administrator\Documents\projects\SCDossier\dist\SCDossier\_internal\numpy\typing\tests\data\reveal\ufunclike.pyi
   Compressing: C:\Users\Administrator\Documents\projects\SCDossier\dist\SCDossier\_internal\numpy\typing\tests\data\reveal\ufuncs.pyi
   Compressing: C:\Users\Administrator\Documents\projects\SCDossier\dist\SCDossier\_internal\numpy\typing\tests\data\reveal\ufunc_config.pyi
   Compressing: C:\Users\Administrator\Documents\projects\SCDossier\dist\SCDossier\_internal\numpy\typing\tests\data\reveal\warnings_and_errors.pyi
   Compressing: C:\Users\Administrator\Documents\projects\SCDossier\dist\SCDossier\_internal\numpy\_core\arrayprint.py
   Compressing: C:\Users\Administrator\Documents\projects\SCDossier\dist\SCDossier\_internal\numpy\_core\arrayprint.pyi
   Compressing: C:\Users\Administrator\Documents\projects\SCDossier\dist\SCDossier\_internal\numpy\_core\cversions.py
   Compressing: C:\Users\Administrator\Documents\projects\SCDossier\dist\SCDossier\_internal\numpy\_core\defchararray.py
   Compressing: C:\Users\Administrator\Documents\projects\SCDossier\dist\SCDossier\_internal\numpy\_core\defchararray.pyi
   Compressing: C:\Users\Administrator\Documents\projects\SCDossier\dist\SCDossier\_internal\numpy\_core\einsumfunc.py
   Compressing: C:\Users\Administrator\Documents\projects\SCDossier\dist\SCDossier\_internal\numpy\_core\einsumfunc.pyi
   Compressing: C:\Users\Administrator\Documents\projects\SCDossier\dist\SCDossier\_internal\numpy\_core\fromnumeric.py
   Compressing: C:\Users\Administrator\Documents\projects\SCDossier\dist\SCDossier\_internal\numpy\_core\fromnumeric.pyi
   Compressing: C:\Users\Administrator\Documents\projects\SCDossier\dist\SCDossier\_internal\numpy\_core\function_base.py
   Compressing: C:\Users\Administrator\Documents\projects\SCDossier\dist\SCDossier\_internal\numpy\_core\function_base.pyi
   Compressing: C:\Users\Administrator\Documents\projects\SCDossier\dist\SCDossier\_internal\numpy\_core\getlimits.py
   Compressing: C:\Users\Administrator\Documents\projects\SCDossier\dist\SCDossier\_internal\numpy\_core\getlimits.pyi
   Compressing: C:\Users\Administrator\Documents\projects\SCDossier\dist\SCDossier\_internal\numpy\_core\memmap.py
   Compressing: C:\Users\Administrator\Documents\projects\SCDossier\dist\SCDossier\_internal\numpy\_core\memmap.pyi
   Compressing: C:\Users\Administrator\Documents\projects\SCDossier\dist\SCDossier\_internal\numpy\_core\multiarray.py
   Compressing: C:\Users\Administrator\Documents\projects\SCDossier\dist\SCDossier\_internal\numpy\_core\multiarray.pyi
   Compressing: C:\Users\Administrator\Documents\projects\SCDossier\dist\SCDossier\_internal\numpy\_core\numeric.py
   Compressing: C:\Users\Administrator\Documents\projects\SCDossier\dist\SCDossier\_internal\numpy\_core\numeric.pyi
   Compressing: C:\Users\Administrator\Documents\projects\SCDossier\dist\SCDossier\_internal\numpy\_core\numerictypes.py
   Compressing: C:\Users\Administrator\Documents\projects\SCDossier\dist\SCDossier\_internal\numpy\_core\numerictypes.pyi
   Compressing: C:\Users\Administrator\Documents\projects\SCDossier\dist\SCDossier\_internal\numpy\_core\overrides.py
   Compressing: C:\Users\Administrator\Documents\projects\SCDossier\dist\SCDossier\_internal\numpy\_core\overrides.pyi
   Compressing: C:\Users\Administrator\Documents\projects\SCDossier\dist\SCDossier\_internal\numpy\_core\printoptions.py
   Compressing: C:\Users\Administrator\Documents\projects\SCDossier\dist\SCDossier\_internal\numpy\_core\printoptions.pyi
   Compressing: C:\Users\Administrator\Documents\projects\SCDossier\dist\SCDossier\_internal\numpy\_core\records.py
   Compressing: C:\Users\Administrator\Documents\projects\SCDossier\dist\SCDossier\_internal\numpy\_core\records.pyi
   Compressing: C:\Users\Administrator\Documents\projects\SCDossier\dist\SCDossier\_internal\numpy\_core\shape_base.py
   Compressing: C:\Users\Administrator\Documents\projects\SCDossier\dist\SCDossier\_internal\numpy\_core\shape_base.pyi
   Compressing: C:\Users\Administrator\Documents\projects\SCDossier\dist\SCDossier\_internal\numpy\_core\strings.py
   Compressing: C:\Users\Administrator\Documents\projects\SCDossier\dist\SCDossier\_internal\numpy\_core\strings.pyi
   Compressing: C:\Users\Administrator\Documents\projects\SCDossier\dist\SCDossier\_internal\numpy\_core\umath.py
   Compressing: C:\Users\Administrator\Documents\projects\SCDossier\dist\SCDossier\_internal\numpy\_core\umath.pyi
   Compressing: C:\Users\Administrator\Documents\projects\SCDossier\dist\SCDossier\_internal\numpy\_core\_add_newdocs.py
   Compressing: C:\Users\Administrator\Documents\projects\SCDossier\dist\SCDossier\_internal\numpy\_core\_add_newdocs.pyi
   Compressing: C:\Users\Administrator\Documents\projects\SCDossier\dist\SCDossier\_internal\numpy\_core\_add_newdocs_scalars.py
   Compressing: C:\Users\Administrator\Documents\projects\SCDossier\dist\SCDossier\_internal\numpy\_core\_add_newdocs_scalars.pyi
   Compressing: C:\Users\Administrator\Documents\projects\SCDossier\dist\SCDossier\_internal\numpy\_core\_asarray.py
   Compressing: C:\Users\Administrator\Documents\projects\SCDossier\dist\SCDossier\_internal\numpy\_core\_asarray.pyi
   Compressing: C:\Users\Administrator\Documents\projects\SCDossier\dist\SCDossier\_internal\numpy\_core\_dtype.py
   Compressing: C:\Users\Administrator\Documents\projects\SCDossier\dist\SCDossier\_internal\numpy\_core\_dtype.pyi
   Compressing: C:\Users\Administrator\Documents\projects\SCDossier\dist\SCDossier\_internal\numpy\_core\_dtype_ctypes.py
   Compressing: C:\Users\Administrator\Documents\projects\SCDossier\dist\SCDossier\_internal\numpy\_core\_dtype_ctypes.pyi
   Compressing: C:\Users\Administrator\Documents\projects\SCDossier\dist\SCDossier\_internal\numpy\_core\_exceptions.py
   Compressing: C:\Users\Administrator\Documents\projects\SCDossier\dist\SCDossier\_internal\numpy\_core\_exceptions.pyi
   Compressing: C:\Users\Administrator\Documents\projects\SCDossier\dist\SCDossier\_internal\numpy\_core\_internal.py
   Compressing: C:\Users\Administrator\Documents\projects\SCDossier\dist\SCDossier\_internal\numpy\_core\_internal.pyi
   Compressing: C:\Users\Administrator\Documents\projects\SCDossier\dist\SCDossier\_internal\numpy\_core\_methods.py
   Compressing: C:\Users\Administrator\Documents\projects\SCDossier\dist\SCDossier\_internal\numpy\_core\_methods.pyi
   Compressing: C:\Users\Administrator\Documents\projects\SCDossier\dist\SCDossier\_internal\numpy\_core\_multiarray_tests.cp313-win_amd64.lib
   Compressing: C:\Users\Administrator\Documents\projects\SCDossier\dist\SCDossier\_internal\numpy\_core\_multiarray_tests.cp313-win_amd64.pyd
   Compressing: C:\Users\Administrator\Documents\projects\SCDossier\dist\SCDossier\_internal\numpy\_core\_multiarray_umath.cp313-win_amd64.lib
   Compressing: C:\Users\Administrator\Documents\projects\SCDossier\dist\SCDossier\_internal\numpy\_core\_multiarray_umath.cp313-win_amd64.pyd
   Compressing: C:\Users\Administrator\Documents\projects\SCDossier\dist\SCDossier\_internal\numpy\_core\_operand_flag_tests.cp313-win_amd64.lib
   Compressing: C:\Users\Administrator\Documents\projects\SCDossier\dist\SCDossier\_internal\numpy\_core\_operand_flag_tests.cp313-win_amd64.pyd
   Compressing: C:\Users\Administrator\Documents\projects\SCDossier\dist\SCDossier\_internal\numpy\_core\_rational_tests.cp313-win_amd64.lib
   Compressing: C:\Users\Administrator\Documents\projects\SCDossier\dist\SCDossier\_internal\numpy\_core\_rational_tests.cp313-win_amd64.pyd
   Compressing: C:\Users\Administrator\Documents\projects\SCDossier\dist\SCDossier\_internal\numpy\_core\_simd.cp313-win_amd64.lib
   Compressing: C:\Users\Administrator\Documents\projects\SCDossier\dist\SCDossier\_internal\numpy\_core\_simd.cp313-win_amd64.pyd
   Compressing: C:\Users\Administrator\Documents\projects\SCDossier\dist\SCDossier\_internal\numpy\_core\_simd.pyi
   Compressing: C:\Users\Administrator\Documents\projects\SCDossier\dist\SCDossier\_internal\numpy\_core\_string_helpers.py
   Compressing: C:\Users\Administrator\Documents\projects\SCDossier\dist\SCDossier\_internal\numpy\_core\_string_helpers.pyi
   Compressing: C:\Users\Administrator\Documents\projects\SCDossier\dist\SCDossier\_internal\numpy\_core\_struct_ufunc_tests.cp313-win_amd64.lib
   Compressing: C:\Users\Administrator\Documents\projects\SCDossier\dist\SCDossier\_internal\numpy\_core\_struct_ufunc_tests.cp313-win_amd64.pyd
   Compressing: C:\Users\Administrator\Documents\projects\SCDossier\dist\SCDossier\_internal\numpy\_core\_type_aliases.py
   Compressing: C:\Users\Administrator\Documents\projects\SCDossier\dist\SCDossier\_internal\numpy\_core\_type_aliases.pyi
   Compressing: C:\Users\Administrator\Documents\projects\SCDossier\dist\SCDossier\_internal\numpy\_core\_ufunc_config.py
   Compressing: C:\Users\Administrator\Documents\projects\SCDossier\dist\SCDossier\_internal\numpy\_core\_ufunc_config.pyi
   Compressing: C:\Users\Administrator\Documents\projects\SCDossier\dist\SCDossier\_internal\numpy\_core\_umath_tests.cp313-win_amd64.lib
   Compressing: C:\Users\Administrator\Documents\projects\SCDossier\dist\SCDossier\_internal\numpy\_core\_umath_tests.cp313-win_amd64.pyd
   Compressing: C:\Users\Administrator\Documents\projects\SCDossier\dist\SCDossier\_internal\numpy\_core\_umath_tests.pyi
   Compressing: C:\Users\Administrator\Documents\projects\SCDossier\dist\SCDossier\_internal\numpy\_core\__init__.py
   Compressing: C:\Users\Administrator\Documents\projects\SCDossier\dist\SCDossier\_internal\numpy\_core\__init__.pyi
   Compressing: C:\Users\Administrator\Documents\projects\SCDossier\dist\SCDossier\_internal\numpy\_core\include\numpy\arrayobject.h
   Compressing: C:\Users\Administrator\Documents\projects\SCDossier\dist\SCDossier\_internal\numpy\_core\include\numpy\arrayscalars.h
   Compressing: C:\Users\Administrator\Documents\projects\SCDossier\dist\SCDossier\_internal\numpy\_core\include\numpy\dtype_api.h
   Compressing: C:\Users\Administrator\Documents\projects\SCDossier\dist\SCDossier\_internal\numpy\_core\include\numpy\halffloat.h
   Compressing: C:\Users\Administrator\Documents\projects\SCDossier\dist\SCDossier\_internal\numpy\_core\include\numpy\ndarrayobject.h
   Compressing: C:\Users\Administrator\Documents\projects\SCDossier\dist\SCDossier\_internal\numpy\_core\include\numpy\ndarraytypes.h
   Compressing: C:\Users\Administrator\Documents\projects\SCDossier\dist\SCDossier\_internal\numpy\_core\include\numpy\npy_2_compat.h
   Compressing: C:\Users\Administrator\Documents\projects\SCDossier\dist\SCDossier\_internal\numpy\_core\include\numpy\npy_2_complexcompat.h
   Compressing: C:\Users\Administrator\Documents\projects\SCDossier\dist\SCDossier\_internal\numpy\_core\include\numpy\npy_3kcompat.h
   Compressing: C:\Users\Administrator\Documents\projects\SCDossier\dist\SCDossier\_internal\numpy\_core\include\numpy\npy_common.h
   Compressing: C:\Users\Administrator\Documents\projects\SCDossier\dist\SCDossier\_internal\numpy\_core\include\numpy\npy_cpu.h
   Compressing: C:\Users\Administrator\Documents\projects\SCDossier\dist\SCDossier\_internal\numpy\_core\include\numpy\npy_endian.h
   Compressing: C:\Users\Administrator\Documents\projects\SCDossier\dist\SCDossier\_internal\numpy\_core\include\numpy\npy_math.h
   Compressing: C:\Users\Administrator\Documents\projects\SCDossier\dist\SCDossier\_internal\numpy\_core\include\numpy\npy_no_deprecated_api.h
   Compressing: C:\Users\Administrator\Documents\projects\SCDossier\dist\SCDossier\_internal\numpy\_core\include\numpy\npy_os.h
   Compressing: C:\Users\Administrator\Documents\projects\SCDossier\dist\SCDossier\_internal\numpy\_core\include\numpy\numpyconfig.h
   Compressing: C:\Users\Administrator\Documents\projects\SCDossier\dist\SCDossier\_internal\numpy\_core\include\numpy\ufuncobject.h
   Compressing: C:\Users\Administrator\Documents\projects\SCDossier\dist\SCDossier\_internal\numpy\_core\include\numpy\utils.h
   Compressing: C:\Users\Administrator\Documents\projects\SCDossier\dist\SCDossier\_internal\numpy\_core\include\numpy\_neighborhood_iterator_imp.h
   Compressing: C:\Users\Administrator\Documents\projects\SCDossier\dist\SCDossier\_internal\numpy\_core\include\numpy\_numpyconfig.h
   Compressing: C:\Users\Administrator\Documents\projects\SCDossier\dist\SCDossier\_internal\numpy\_core\include\numpy\_public_dtype_api_table.h
   Compressing: C:\Users\Administrator\Documents\projects\SCDossier\dist\SCDossier\_internal\numpy\_core\include\numpy\__multiarray_api.c
   Compressing: C:\Users\Administrator\Documents\projects\SCDossier\dist\SCDossier\_internal\numpy\_core\include\numpy\__multiarray_api.h
   Compressing: C:\Users\Administrator\Documents\projects\SCDossier\dist\SCDossier\_internal\numpy\_core\include\numpy\__ufunc_api.c
   Compressing: C:\Users\Administrator\Documents\projects\SCDossier\dist\SCDossier\_internal\numpy\_core\include\numpy\__ufunc_api.h
   Compressing: C:\Users\Administrator\Documents\projects\SCDossier\dist\SCDossier\_internal\numpy\_core\include\numpy\random\bitgen.h
   Compressing: C:\Users\Administrator\Documents\projects\SCDossier\dist\SCDossier\_internal\numpy\_core\include\numpy\random\distributions.h
   Compressing: C:\Users\Administrator\Documents\projects\SCDossier\dist\SCDossier\_internal\numpy\_core\include\numpy\random\libdivide.h
   Compressing: C:\Users\Administrator\Documents\projects\SCDossier\dist\SCDossier\_internal\numpy\_core\include\numpy\random\LICENSE.txt
   Compressing: C:\Users\Administrator\Documents\projects\SCDossier\dist\SCDossier\_internal\numpy\_core\lib\npymath.lib
   Compressing: C:\Users\Administrator\Documents\projects\SCDossier\dist\SCDossier\_internal\numpy\_core\lib\pkgconfig\numpy.pc
   Compressing: C:\Users\Administrator\Documents\projects\SCDossier\dist\SCDossier\_internal\numpy\_core\tests\test_abc.py
   Compressing: C:\Users\Administrator\Documents\projects\SCDossier\dist\SCDossier\_internal\numpy\_core\tests\test_api.py
   Compressing: C:\Users\Administrator\Documents\projects\SCDossier\dist\SCDossier\_internal\numpy\_core\tests\test_argparse.py
   Compressing: C:\Users\Administrator\Documents\projects\SCDossier\dist\SCDossier\_internal\numpy\_core\tests\test_arraymethod.py
   Compressing: C:\Users\Administrator\Documents\projects\SCDossier\dist\SCDossier\_internal\numpy\_core\tests\test_arrayobject.py
   Compressing: C:\Users\Administrator\Documents\projects\SCDossier\dist\SCDossier\_internal\numpy\_core\tests\test_arrayprint.py
   Compressing: C:\Users\Administrator\Documents\projects\SCDossier\dist\SCDossier\_internal\numpy\_core\tests\test_array_api_info.py
   Compressing: C:\Users\Administrator\Documents\projects\SCDossier\dist\SCDossier\_internal\numpy\_core\tests\test_array_coercion.py
   Compressing: C:\Users\Administrator\Documents\projects\SCDossier\dist\SCDossier\_internal\numpy\_core\tests\test_array_interface.py
   Compressing: C:\Users\Administrator\Documents\projects\SCDossier\dist\SCDossier\_internal\numpy\_core\tests\test_casting_floatingpoint_errors.py
   Compressing: C:\Users\Administrator\Documents\projects\SCDossier\dist\SCDossier\_internal\numpy\_core\tests\test_casting_unittests.py
   Compressing: C:\Users\Administrator\Documents\projects\SCDossier\dist\SCDossier\_internal\numpy\_core\tests\test_conversion_utils.py
   Compressing: C:\Users\Administrator\Documents\projects\SCDossier\dist\SCDossier\_internal\numpy\_core\tests\test_cpu_dispatcher.py
   Compressing: C:\Users\Administrator\Documents\projects\SCDossier\dist\SCDossier\_internal\numpy\_core\tests\test_cpu_features.py
   Compressing: C:\Users\Administrator\Documents\projects\SCDossier\dist\SCDossier\_internal\numpy\_core\tests\test_custom_dtypes.py
   Compressing: C:\Users\Administrator\Documents\projects\SCDossier\dist\SCDossier\_internal\numpy\_core\tests\test_cython.py
   Compressing: C:\Users\Administrator\Documents\projects\SCDossier\dist\SCDossier\_internal\numpy\_core\tests\test_datetime.py
   Compressing: C:\Users\Administrator\Documents\projects\SCDossier\dist\SCDossier\_internal\numpy\_core\tests\test_defchararray.py
   Compressing: C:\Users\Administrator\Documents\projects\SCDossier\dist\SCDossier\_internal\numpy\_core\tests\test_deprecations.py
   Compressing: C:\Users\Administrator\Documents\projects\SCDossier\dist\SCDossier\_internal\numpy\_core\tests\test_dlpack.py
   Compressing: C:\Users\Administrator\Documents\projects\SCDossier\dist\SCDossier\_internal\numpy\_core\tests\test_dtype.py
   Compressing: C:\Users\Administrator\Documents\projects\SCDossier\dist\SCDossier\_internal\numpy\_core\tests\test_einsum.py
   Compressing: C:\Users\Administrator\Documents\projects\SCDossier\dist\SCDossier\_internal\numpy\_core\tests\test_errstate.py
   Compressing: C:\Users\Administrator\Documents\projects\SCDossier\dist\SCDossier\_internal\numpy\_core\tests\test_extint128.py
   Compressing: C:\Users\Administrator\Documents\projects\SCDossier\dist\SCDossier\_internal\numpy\_core\tests\test_finfo.py
   Compressing: C:\Users\Administrator\Documents\projects\SCDossier\dist\SCDossier\_internal\numpy\_core\tests\test_function_base.py
   Compressing: C:\Users\Administrator\Documents\projects\SCDossier\dist\SCDossier\_internal\numpy\_core\tests\test_getlimits.py
   Compressing: C:\Users\Administrator\Documents\projects\SCDossier\dist\SCDossier\_internal\numpy\_core\tests\test_half.py
   Compressing: C:\Users\Administrator\Documents\projects\SCDossier\dist\SCDossier\_internal\numpy\_core\tests\test_hashtable.py
   Compressing: C:\Users\Administrator\Documents\projects\SCDossier\dist\SCDossier\_internal\numpy\_core\tests\test_indexerrors.py
   Compressing: C:\Users\Administrator\Documents\projects\SCDossier\dist\SCDossier\_internal\numpy\_core\tests\test_indexing.py
   Compressing: C:\Users\Administrator\Documents\projects\SCDossier\dist\SCDossier\_internal\numpy\_core\tests\test_item_selection.py
   Compressing: C:\Users\Administrator\Documents\projects\SCDossier\dist\SCDossier\_internal\numpy\_core\tests\test_limited_api.py
   Compressing: C:\Users\Administrator\Documents\projects\SCDossier\dist\SCDossier\_internal\numpy\_core\tests\test_longdouble.py
   Compressing: C:\Users\Administrator\Documents\projects\SCDossier\dist\SCDossier\_internal\numpy\_core\tests\test_memmap.py
   Compressing: C:\Users\Administrator\Documents\projects\SCDossier\dist\SCDossier\_internal\numpy\_core\tests\test_mem_overlap.py
   Compressing: C:\Users\Administrator\Documents\projects\SCDossier\dist\SCDossier\_internal\numpy\_core\tests\test_mem_policy.py
   Compressing: C:\Users\Administrator\Documents\projects\SCDossier\dist\SCDossier\_internal\numpy\_core\tests\test_multiarray.py
   Compressing: C:\Users\Administrator\Documents\projects\SCDossier\dist\SCDossier\_internal\numpy\_core\tests\test_multiprocessing.py
   Compressing: C:\Users\Administrator\Documents\projects\SCDossier\dist\SCDossier\_internal\numpy\_core\tests\test_multithreading.py
   Compressing: C:\Users\Administrator\Documents\projects\SCDossier\dist\SCDossier\_internal\numpy\_core\tests\test_nditer.py
   Compressing: C:\Users\Administrator\Documents\projects\SCDossier\dist\SCDossier\_internal\numpy\_core\tests\test_nep50_promotions.py
   Compressing: C:\Users\Administrator\Documents\projects\SCDossier\dist\SCDossier\_internal\numpy\_core\tests\test_numeric.py
   Compressing: C:\Users\Administrator\Documents\projects\SCDossier\dist\SCDossier\_internal\numpy\_core\tests\test_numerictypes.py
   Compressing: C:\Users\Administrator\Documents\projects\SCDossier\dist\SCDossier\_internal\numpy\_core\tests\test_overrides.py
   Compressing: C:\Users\Administrator\Documents\projects\SCDossier\dist\SCDossier\_internal\numpy\_core\tests\test_print.py
   Compressing: C:\Users\Administrator\Documents\projects\SCDossier\dist\SCDossier\_internal\numpy\_core\tests\test_protocols.py
   Compressing: C:\Users\Administrator\Documents\projects\SCDossier\dist\SCDossier\_internal\numpy\_core\tests\test_records.py
   Compressing: C:\Users\Administrator\Documents\projects\SCDossier\dist\SCDossier\_internal\numpy\_core\tests\test_regression.py
   Compressing: C:\Users\Administrator\Documents\projects\SCDossier\dist\SCDossier\_internal\numpy\_core\tests\test_scalarbuffer.py
   Compressing: C:\Users\Administrator\Documents\projects\SCDossier\dist\SCDossier\_internal\numpy\_core\tests\test_scalarinherit.py
   Compressing: C:\Users\Administrator\Documents\projects\SCDossier\dist\SCDossier\_internal\numpy\_core\tests\test_scalarmath.py
   Compressing: C:\Users\Administrator\Documents\projects\SCDossier\dist\SCDossier\_internal\numpy\_core\tests\test_scalarprint.py
   Compressing: C:\Users\Administrator\Documents\projects\SCDossier\dist\SCDossier\_internal\numpy\_core\tests\test_scalar_ctors.py
   Compressing: C:\Users\Administrator\Documents\projects\SCDossier\dist\SCDossier\_internal\numpy\_core\tests\test_scalar_methods.py
   Compressing: C:\Users\Administrator\Documents\projects\SCDossier\dist\SCDossier\_internal\numpy\_core\tests\test_shape_base.py
   Compressing: C:\Users\Administrator\Documents\projects\SCDossier\dist\SCDossier\_internal\numpy\_core\tests\test_simd.py
   Compressing: C:\Users\Administrator\Documents\projects\SCDossier\dist\SCDossier\_internal\numpy\_core\tests\test_simd_module.py
   Compressing: C:\Users\Administrator\Documents\projects\SCDossier\dist\SCDossier\_internal\numpy\_core\tests\test_stringdtype.py
   Compressing: C:\Users\Administrator\Documents\projects\SCDossier\dist\SCDossier\_internal\numpy\_core\tests\test_strings.py
   Compressing: C:\Users\Administrator\Documents\projects\SCDossier\dist\SCDossier\_internal\numpy\_core\tests\test_ufunc.py
   Compressing: C:\Users\Administrator\Documents\projects\SCDossier\dist\SCDossier\_internal\numpy\_core\tests\test_umath.py
   Compressing: C:\Users\Administrator\Documents\projects\SCDossier\dist\SCDossier\_internal\numpy\_core\tests\test_umath_accuracy.py
   Compressing: C:\Users\Administrator\Documents\projects\SCDossier\dist\SCDossier\_internal\numpy\_core\tests\test_umath_complex.py
   Compressing: C:\Users\Administrator\Documents\projects\SCDossier\dist\SCDossier\_internal\numpy\_core\tests\test_unicode.py
   Compressing: C:\Users\Administrator\Documents\projects\SCDossier\dist\SCDossier\_internal\numpy\_core\tests\test__exceptions.py
   Compressing: C:\Users\Administrator\Documents\projects\SCDossier\dist\SCDossier\_internal\numpy\_core\tests\_locales.py
   Compressing: C:\Users\Administrator\Documents\projects\SCDossier\dist\SCDossier\_internal\numpy\_core\tests\_natype.py
   Compressing: C:\Users\Administrator\Documents\projects\SCDossier\dist\SCDossier\_internal\numpy\_core\tests\data\astype_copy.pkl
   Compressing: C:\Users\Administrator\Documents\projects\SCDossier\dist\SCDossier\_internal\numpy\_core\tests\data\generate_umath_validation_data.cpp
   Compressing: C:\Users\Administrator\Documents\projects\SCDossier\dist\SCDossier\_internal\numpy\_core\tests\data\recarray_from_file.fits
   Compressing: C:\Users\Administrator\Documents\projects\SCDossier\dist\SCDossier\_internal\numpy\_core\tests\data\umath-validation-set-arccos.csv
   Compressing: C:\Users\Administrator\Documents\projects\SCDossier\dist\SCDossier\_internal\numpy\_core\tests\data\umath-validation-set-arccosh.csv
   Compressing: C:\Users\Administrator\Documents\projects\SCDossier\dist\SCDossier\_internal\numpy\_core\tests\data\umath-validation-set-arcsin.csv
   Compressing: C:\Users\Administrator\Documents\projects\SCDossier\dist\SCDossier\_internal\numpy\_core\tests\data\umath-validation-set-arcsinh.csv
   Compressing: C:\Users\Administrator\Documents\projects\SCDossier\dist\SCDossier\_internal\numpy\_core\tests\data\umath-validation-set-arctan.csv
   Compressing: C:\Users\Administrator\Documents\projects\SCDossier\dist\SCDossier\_internal\numpy\_core\tests\data\umath-validation-set-arctanh.csv
   Compressing: C:\Users\Administrator\Documents\projects\SCDossier\dist\SCDossier\_internal\numpy\_core\tests\data\umath-validation-set-cbrt.csv
   Compressing: C:\Users\Administrator\Documents\projects\SCDossier\dist\SCDossier\_internal\numpy\_core\tests\data\umath-validation-set-cos.csv
   Compressing: C:\Users\Administrator\Documents\projects\SCDossier\dist\SCDossier\_internal\numpy\_core\tests\data\umath-validation-set-cosh.csv
   Compressing: C:\Users\Administrator\Documents\projects\SCDossier\dist\SCDossier\_internal\numpy\_core\tests\data\umath-validation-set-exp.csv
   Compressing: C:\Users\Administrator\Documents\projects\SCDossier\dist\SCDossier\_internal\numpy\_core\tests\data\umath-validation-set-exp2.csv
   Compressing: C:\Users\Administrator\Documents\projects\SCDossier\dist\SCDossier\_internal\numpy\_core\tests\data\umath-validation-set-expm1.csv
   Compressing: C:\Users\Administrator\Documents\projects\SCDossier\dist\SCDossier\_internal\numpy\_core\tests\data\umath-validation-set-log.csv
   Compressing: C:\Users\Administrator\Documents\projects\SCDossier\dist\SCDossier\_internal\numpy\_core\tests\data\umath-validation-set-log10.csv
   Compressing: C:\Users\Administrator\Documents\projects\SCDossier\dist\SCDossier\_internal\numpy\_core\tests\data\umath-validation-set-log1p.csv
   Compressing: C:\Users\Administrator\Documents\projects\SCDossier\dist\SCDossier\_internal\numpy\_core\tests\data\umath-validation-set-log2.csv
   Compressing: C:\Users\Administrator\Documents\projects\SCDossier\dist\SCDossier\_internal\numpy\_core\tests\data\umath-validation-set-README.txt
   Compressing: C:\Users\Administrator\Documents\projects\SCDossier\dist\SCDossier\_internal\numpy\_core\tests\data\umath-validation-set-sin.csv
   Compressing: C:\Users\Administrator\Documents\projects\SCDossier\dist\SCDossier\_internal\numpy\_core\tests\data\umath-validation-set-sinh.csv
   Compressing: C:\Users\Administrator\Documents\projects\SCDossier\dist\SCDossier\_internal\numpy\_core\tests\data\umath-validation-set-tan.csv
   Compressing: C:\Users\Administrator\Documents\projects\SCDossier\dist\SCDossier\_internal\numpy\_core\tests\data\umath-validation-set-tanh.csv
   Compressing: C:\Users\Administrator\Documents\projects\SCDossier\dist\SCDossier\_internal\numpy\_core\tests\examples\cython\checks.pyx
   Compressing: C:\Users\Administrator\Documents\projects\SCDossier\dist\SCDossier\_internal\numpy\_core\tests\examples\cython\meson.build
   Compressing: C:\Users\Administrator\Documents\projects\SCDossier\dist\SCDossier\_internal\numpy\_core\tests\examples\cython\setup.py
   Compressing: C:\Users\Administrator\Documents\projects\SCDossier\dist\SCDossier\_internal\numpy\_core\tests\examples\limited_api\limited_api.c
   Compressing: C:\Users\Administrator\Documents\projects\SCDossier\dist\SCDossier\_internal\numpy\_core\tests\examples\limited_api\limited_api_cython.pyx
   Compressing: C:\Users\Administrator\Documents\projects\SCDossier\dist\SCDossier\_internal\numpy\_core\tests\examples\limited_api\meson.build
   Compressing: C:\Users\Administrator\Documents\projects\SCDossier\dist\SCDossier\_internal\numpy\_core\tests\examples\limited_api\setup.py
   Compressing: C:\Users\Administrator\Documents\projects\SCDossier\dist\SCDossier\_internal\numpy\_pyinstaller\hook-numpy.py
   Compressing: C:\Users\Administrator\Documents\projects\SCDossier\dist\SCDossier\_internal\numpy\_pyinstaller\hook-numpy.pyi
   Compressing: C:\Users\Administrator\Documents\projects\SCDossier\dist\SCDossier\_internal\numpy\_pyinstaller\__init__.py
   Compressing: C:\Users\Administrator\Documents\projects\SCDossier\dist\SCDossier\_internal\numpy\_pyinstaller\__init__.pyi
   Compressing: C:\Users\Administrator\Documents\projects\SCDossier\dist\SCDossier\_internal\numpy\_pyinstaller\tests\pyinstaller-smoke.py
   Compressing: C:\Users\Administrator\Documents\projects\SCDossier\dist\SCDossier\_internal\numpy\_pyinstaller\tests\test_pyinstaller.py
   Compressing: C:\Users\Administrator\Documents\projects\SCDossier\dist\SCDossier\_internal\numpy\_pyinstaller\tests\__init__.py
   Compressing: C:\Users\Administrator\Documents\projects\SCDossier\dist\SCDossier\_internal\numpy\_typing\_add_docstring.py
   Compressing: C:\Users\Administrator\Documents\projects\SCDossier\dist\SCDossier\_internal\numpy\_typing\_array_like.py
   Compressing: C:\Users\Administrator\Documents\projects\SCDossier\dist\SCDossier\_internal\numpy\_typing\_char_codes.py
   Compressing: C:\Users\Administrator\Documents\projects\SCDossier\dist\SCDossier\_internal\numpy\_typing\_dtype_like.py
   Compressing: C:\Users\Administrator\Documents\projects\SCDossier\dist\SCDossier\_internal\numpy\_typing\_extended_precision.py
   Compressing: C:\Users\Administrator\Documents\projects\SCDossier\dist\SCDossier\_internal\numpy\_typing\_nbit.py
   Compressing: C:\Users\Administrator\Documents\projects\SCDossier\dist\SCDossier\_internal\numpy\_typing\_nbit_base.py
   Compressing: C:\Users\Administrator\Documents\projects\SCDossier\dist\SCDossier\_internal\numpy\_typing\_nbit_base.pyi
   Compressing: C:\Users\Administrator\Documents\projects\SCDossier\dist\SCDossier\_internal\numpy\_typing\_nested_sequence.py
   Compressing: C:\Users\Administrator\Documents\projects\SCDossier\dist\SCDossier\_internal\numpy\_typing\_scalars.py
   Compressing: C:\Users\Administrator\Documents\projects\SCDossier\dist\SCDossier\_internal\numpy\_typing\_shape.py
   Compressing: C:\Users\Administrator\Documents\projects\SCDossier\dist\SCDossier\_internal\numpy\_typing\_ufunc.py
   Compressing: C:\Users\Administrator\Documents\projects\SCDossier\dist\SCDossier\_internal\numpy\_typing\_ufunc.pyi
   Compressing: C:\Users\Administrator\Documents\projects\SCDossier\dist\SCDossier\_internal\numpy\_typing\__init__.py
   Compressing: C:\Users\Administrator\Documents\projects\SCDossier\dist\SCDossier\_internal\numpy\_utils\_conversions.py
   Compressing: C:\Users\Administrator\Documents\projects\SCDossier\dist\SCDossier\_internal\numpy\_utils\_conversions.pyi
   Compressing: C:\Users\Administrator\Documents\projects\SCDossier\dist\SCDossier\_internal\numpy\_utils\_inspect.py
   Compressing: C:\Users\Administrator\Documents\projects\SCDossier\dist\SCDossier\_internal\numpy\_utils\_inspect.pyi
   Compressing: C:\Users\Administrator\Documents\projects\SCDossier\dist\SCDossier\_internal\numpy\_utils\_pep440.py
   Compressing: C:\Users\Administrator\Documents\projects\SCDossier\dist\SCDossier\_internal\numpy\_utils\_pep440.pyi
   Compressing: C:\Users\Administrator\Documents\projects\SCDossier\dist\SCDossier\_internal\numpy\_utils\__init__.py
   Compressing: C:\Users\Administrator\Documents\projects\SCDossier\dist\SCDossier\_internal\numpy\_utils\__init__.pyi
   Compressing: C:\Users\Administrator\Documents\projects\SCDossier\dist\SCDossier\_internal\numpy-2.5.2.dist-info\DELVEWHEEL
   Compressing: C:\Users\Administrator\Documents\projects\SCDossier\dist\SCDossier\_internal\numpy-2.5.2.dist-info\entry_points.txt
   Compressing: C:\Users\Administrator\Documents\projects\SCDossier\dist\SCDossier\_internal\numpy-2.5.2.dist-info\INSTALLER
   Compressing: C:\Users\Administrator\Documents\projects\SCDossier\dist\SCDossier\_internal\numpy-2.5.2.dist-info\METADATA
   Compressing: C:\Users\Administrator\Documents\projects\SCDossier\dist\SCDossier\_internal\numpy-2.5.2.dist-info\RECORD
   Compressing: C:\Users\Administrator\Documents\projects\SCDossier\dist\SCDossier\_internal\numpy-2.5.2.dist-info\WHEEL
   Compressing: C:\Users\Administrator\Documents\projects\SCDossier\dist\SCDossier\_internal\numpy-2.5.2.dist-info\licenses\LICENSE.txt
   Compressing: C:\Users\Administrator\Documents\projects\SCDossier\dist\SCDossier\_internal\numpy-2.5.2.dist-info\licenses\numpy\fft\pocketfft\LICENSE.md
   Compressing: C:\Users\Administrator\Documents\projects\SCDossier\dist\SCDossier\_internal\numpy-2.5.2.dist-info\licenses\numpy\linalg\lapack_lite\LICENSE.txt
   Compressing: C:\Users\Administrator\Documents\projects\SCDossier\dist\SCDossier\_internal\numpy-2.5.2.dist-info\licenses\numpy\ma\LICENSE
   Compressing: C:\Users\Administrator\Documents\projects\SCDossier\dist\SCDossier\_internal\numpy-2.5.2.dist-info\licenses\numpy\random\LICENSE.md
   Compressing: C:\Users\Administrator\Documents\projects\SCDossier\dist\SCDossier\_internal\numpy-2.5.2.dist-info\licenses\numpy\random\src\distributions\LICENSE.md
   Compressing: C:\Users\Administrator\Documents\projects\SCDossier\dist\SCDossier\_internal\numpy-2.5.2.dist-info\licenses\numpy\random\src\mt19937\LICENSE.md
   Compressing: C:\Users\Administrator\Documents\projects\SCDossier\dist\SCDossier\_internal\numpy-2.5.2.dist-info\licenses\numpy\random\src\pcg64\LICENSE.md
   Compressing: C:\Users\Administrator\Documents\projects\SCDossier\dist\SCDossier\_internal\numpy-2.5.2.dist-info\licenses\numpy\random\src\philox\LICENSE.md
   Compressing: C:\Users\Administrator\Documents\projects\SCDossier\dist\SCDossier\_internal\numpy-2.5.2.dist-info\licenses\numpy\random\src\sfc64\LICENSE.md
   Compressing: C:\Users\Administrator\Documents\projects\SCDossier\dist\SCDossier\_internal\numpy-2.5.2.dist-info\licenses\numpy\random\src\splitmix64\LICENSE.md
   Compressing: C:\Users\Administrator\Documents\projects\SCDossier\dist\SCDossier\_internal\numpy-2.5.2.dist-info\licenses\numpy\_core\include\numpy\libdivide\LICENSE.txt
   Compressing: C:\Users\Administrator\Documents\projects\SCDossier\dist\SCDossier\_internal\numpy-2.5.2.dist-info\licenses\numpy\_core\src\common\pythoncapi-compat\COPYING
   Compressing: C:\Users\Administrator\Documents\projects\SCDossier\dist\SCDossier\_internal\numpy-2.5.2.dist-info\licenses\numpy\_core\src\highway\LICENSE
   Compressing: C:\Users\Administrator\Documents\projects\SCDossier\dist\SCDossier\_internal\numpy-2.5.2.dist-info\licenses\numpy\_core\src\multiarray\dragon4_LICENSE.txt
   Compressing: C:\Users\Administrator\Documents\projects\SCDossier\dist\SCDossier\_internal\numpy-2.5.2.dist-info\licenses\numpy\_core\src\npysort\x86-simd-sort\LICENSE.md
   Compressing: C:\Users\Administrator\Documents\projects\SCDossier\dist\SCDossier\_internal\numpy-2.5.2.dist-info\licenses\numpy\_core\src\umath\svml\LICENSE
   Compressing: C:\Users\Administrator\Documents\projects\SCDossier\dist\SCDossier\_internal\numpy.libs\libscipy_openblas64_-327b2e0bcffce2882e0dc04cdeb4eaa6.dll
   Compressing: C:\Users\Administrator\Documents\projects\SCDossier\dist\SCDossier\_internal\numpy.libs\msvcp140-a4c2229bdc2a2a630acdc095b4d86008.dll
   Compressing: C:\Users\Administrator\Documents\projects\SCDossier\dist\SCDossier\_internal\onnxruntime\LICENSE
   Compressing: C:\Users\Administrator\Documents\projects\SCDossier\dist\SCDossier\_internal\onnxruntime\Privacy.md
   Compressing: C:\Users\Administrator\Documents\projects\SCDossier\dist\SCDossier\_internal\onnxruntime\ThirdPartyNotices.txt
   Compressing: C:\Users\Administrator\Documents\projects\SCDossier\dist\SCDossier\_internal\onnxruntime\__init__.py
   Compressing: C:\Users\Administrator\Documents\projects\SCDossier\dist\SCDossier\_internal\onnxruntime\backend\backend.py
   Compressing: C:\Users\Administrator\Documents\projects\SCDossier\dist\SCDossier\_internal\onnxruntime\backend\backend_rep.py
   Compressing: C:\Users\Administrator\Documents\projects\SCDossier\dist\SCDossier\_internal\onnxruntime\backend\__init__.py
   Compressing: C:\Users\Administrator\Documents\projects\SCDossier\dist\SCDossier\_internal\onnxruntime\capi\build_and_package_info.py
   Compressing: C:\Users\Administrator\Documents\projects\SCDossier\dist\SCDossier\_internal\onnxruntime\capi\convert_npz_to_onnx_adapter.py
   Compressing: C:\Users\Administrator\Documents\projects\SCDossier\dist\SCDossier\_internal\onnxruntime\capi\onnxruntime.dll
   Compressing: C:\Users\Administrator\Documents\projects\SCDossier\dist\SCDossier\_internal\onnxruntime\capi\onnxruntime_collect_build_info.py
   Compressing: C:\Users\Administrator\Documents\projects\SCDossier\dist\SCDossier\_internal\onnxruntime\capi\onnxruntime_inference_collection.py
   Compressing: C:\Users\Administrator\Documents\projects\SCDossier\dist\SCDossier\_internal\onnxruntime\capi\onnxruntime_providers_shared.dll
   Compressing: C:\Users\Administrator\Documents\projects\SCDossier\dist\SCDossier\_internal\onnxruntime\capi\onnxruntime_pybind11_state.pyd
   Compressing: C:\Users\Administrator\Documents\projects\SCDossier\dist\SCDossier\_internal\onnxruntime\capi\onnxruntime_validation.py
   Compressing: C:\Users\Administrator\Documents\projects\SCDossier\dist\SCDossier\_internal\onnxruntime\capi\version_info.py
   Compressing: C:\Users\Administrator\Documents\projects\SCDossier\dist\SCDossier\_internal\onnxruntime\capi\_ld_preload.py
   Compressing: C:\Users\Administrator\Documents\projects\SCDossier\dist\SCDossier\_internal\onnxruntime\capi\_pybind_state.py
   Compressing: C:\Users\Administrator\Documents\projects\SCDossier\dist\SCDossier\_internal\onnxruntime\capi\__init__.py
   Compressing: C:\Users\Administrator\Documents\projects\SCDossier\dist\SCDossier\_internal\onnxruntime\datasets\logreg_iris.onnx
   Compressing: C:\Users\Administrator\Documents\projects\SCDossier\dist\SCDossier\_internal\onnxruntime\datasets\mul_1.onnx
   Compressing: C:\Users\Administrator\Documents\projects\SCDossier\dist\SCDossier\_internal\onnxruntime\datasets\sigmoid.onnx
   Compressing: C:\Users\Administrator\Documents\projects\SCDossier\dist\SCDossier\_internal\onnxruntime\datasets\__init__.py
   Compressing: C:\Users\Administrator\Documents\projects\SCDossier\dist\SCDossier\_internal\onnxruntime\quantization\base_quantizer.py
   Compressing: C:\Users\Administrator\Documents\projects\SCDossier\dist\SCDossier\_internal\onnxruntime\quantization\calibrate.py
   Compressing: C:\Users\Administrator\Documents\projects\SCDossier\dist\SCDossier\_internal\onnxruntime\quantization\cuda_quantizer.py
   Compressing: C:\Users\Administrator\Documents\projects\SCDossier\dist\SCDossier\_internal\onnxruntime\quantization\matmul_bnb4_quantizer.py
   Compressing: C:\Users\Administrator\Documents\projects\SCDossier\dist\SCDossier\_internal\onnxruntime\quantization\matmul_nbits_quantizer.py
   Compressing: C:\Users\Administrator\Documents\projects\SCDossier\dist\SCDossier\_internal\onnxruntime\quantization\onnx_model.py
   Compressing: C:\Users\Administrator\Documents\projects\SCDossier\dist\SCDossier\_internal\onnxruntime\quantization\onnx_quantizer.py
   Compressing: C:\Users\Administrator\Documents\projects\SCDossier\dist\SCDossier\_internal\onnxruntime\quantization\preprocess.py
   Compressing: C:\Users\Administrator\Documents\projects\SCDossier\dist\SCDossier\_internal\onnxruntime\quantization\qdq_loss_debug.py
   Compressing: C:\Users\Administrator\Documents\projects\SCDossier\dist\SCDossier\_internal\onnxruntime\quantization\qdq_quantizer.py
   Compressing: C:\Users\Administrator\Documents\projects\SCDossier\dist\SCDossier\_internal\onnxruntime\quantization\quantize.py
   Compressing: C:\Users\Administrator\Documents\projects\SCDossier\dist\SCDossier\_internal\onnxruntime\quantization\quant_utils.py
   Compressing: C:\Users\Administrator\Documents\projects\SCDossier\dist\SCDossier\_internal\onnxruntime\quantization\registry.py
   Compressing: C:\Users\Administrator\Documents\projects\SCDossier\dist\SCDossier\_internal\onnxruntime\quantization\shape_inference.py
   Compressing: C:\Users\Administrator\Documents\projects\SCDossier\dist\SCDossier\_internal\onnxruntime\quantization\static_quantize_runner.py
   Compressing: C:\Users\Administrator\Documents\projects\SCDossier\dist\SCDossier\_internal\onnxruntime\quantization\tensor_quant_overrides.py
   Compressing: C:\Users\Administrator\Documents\projects\SCDossier\dist\SCDossier\_internal\onnxruntime\quantization\__init__.py
   Compressing: C:\Users\Administrator\Documents\projects\SCDossier\dist\SCDossier\_internal\onnxruntime\quantization\CalTableFlatBuffers\KeyValue.py
   Compressing: C:\Users\Administrator\Documents\projects\SCDossier\dist\SCDossier\_internal\onnxruntime\quantization\CalTableFlatBuffers\TrtTable.py
   Compressing: C:\Users\Administrator\Documents\projects\SCDossier\dist\SCDossier\_internal\onnxruntime\quantization\CalTableFlatBuffers\__init__.py
   Compressing: C:\Users\Administrator\Documents\projects\SCDossier\dist\SCDossier\_internal\onnxruntime\quantization\execution_providers\qnn\fusion_lpnorm.py
   Compressing: C:\Users\Administrator\Documents\projects\SCDossier\dist\SCDossier\_internal\onnxruntime\quantization\execution_providers\qnn\fusion_spacetodepth.py
   Compressing: C:\Users\Administrator\Documents\projects\SCDossier\dist\SCDossier\_internal\onnxruntime\quantization\execution_providers\qnn\mixed_precision_overrides_utils.py
   Compressing: C:\Users\Administrator\Documents\projects\SCDossier\dist\SCDossier\_internal\onnxruntime\quantization\execution_providers\qnn\preprocess.py
   Compressing: C:\Users\Administrator\Documents\projects\SCDossier\dist\SCDossier\_internal\onnxruntime\quantization\execution_providers\qnn\quant_config.py
   Compressing: C:\Users\Administrator\Documents\projects\SCDossier\dist\SCDossier\_internal\onnxruntime\quantization\execution_providers\qnn\__init__.py
   Compressing: C:\Users\Administrator\Documents\projects\SCDossier\dist\SCDossier\_internal\onnxruntime\quantization\fusions\fusion.py
   Compressing: C:\Users\Administrator\Documents\projects\SCDossier\dist\SCDossier\_internal\onnxruntime\quantization\fusions\fusion_gelu.py
   Compressing: C:\Users\Administrator\Documents\projects\SCDossier\dist\SCDossier\_internal\onnxruntime\quantization\fusions\fusion_layernorm.py
   Compressing: C:\Users\Administrator\Documents\projects\SCDossier\dist\SCDossier\_internal\onnxruntime\quantization\fusions\replace_upsample_with_resize.py
   Compressing: C:\Users\Administrator\Documents\projects\SCDossier\dist\SCDossier\_internal\onnxruntime\quantization\fusions\__init__.py
   Compressing: C:\Users\Administrator\Documents\projects\SCDossier\dist\SCDossier\_internal\onnxruntime\quantization\neural_compressor\onnx_model.py
   Compressing: C:\Users\Administrator\Documents\projects\SCDossier\dist\SCDossier\_internal\onnxruntime\quantization\neural_compressor\util.py
   Compressing: C:\Users\Administrator\Documents\projects\SCDossier\dist\SCDossier\_internal\onnxruntime\quantization\neural_compressor\weight_only.py
   Compressing: C:\Users\Administrator\Documents\projects\SCDossier\dist\SCDossier\_internal\onnxruntime\quantization\neural_compressor\__init__.py
   Compressing: C:\Users\Administrator\Documents\projects\SCDossier\dist\SCDossier\_internal\onnxruntime\quantization\operators\activation.py
   Compressing: C:\Users\Administrator\Documents\projects\SCDossier\dist\SCDossier\_internal\onnxruntime\quantization\operators\argmax.py
   Compressing: C:\Users\Administrator\Documents\projects\SCDossier\dist\SCDossier\_internal\onnxruntime\quantization\operators\attention.py
   Compressing: C:\Users\Administrator\Documents\projects\SCDossier\dist\SCDossier\_internal\onnxruntime\quantization\operators\base_operator.py
   Compressing: C:\Users\Administrator\Documents\projects\SCDossier\dist\SCDossier\_internal\onnxruntime\quantization\operators\binary_op.py
   Compressing: C:\Users\Administrator\Documents\projects\SCDossier\dist\SCDossier\_internal\onnxruntime\quantization\operators\concat.py
   Compressing: C:\Users\Administrator\Documents\projects\SCDossier\dist\SCDossier\_internal\onnxruntime\quantization\operators\conv.py
   Compressing: C:\Users\Administrator\Documents\projects\SCDossier\dist\SCDossier\_internal\onnxruntime\quantization\operators\direct_q8.py
   Compressing: C:\Users\Administrator\Documents\projects\SCDossier\dist\SCDossier\_internal\onnxruntime\quantization\operators\embed_layernorm.py
   Compressing: C:\Users\Administrator\Documents\projects\SCDossier\dist\SCDossier\_internal\onnxruntime\quantization\operators\gather.py
   Compressing: C:\Users\Administrator\Documents\projects\SCDossier\dist\SCDossier\_internal\onnxruntime\quantization\operators\gavgpool.py
   Compressing: C:\Users\Administrator\Documents\projects\SCDossier\dist\SCDossier\_internal\onnxruntime\quantization\operators\gemm.py
   Compressing: C:\Users\Administrator\Documents\projects\SCDossier\dist\SCDossier\_internal\onnxruntime\quantization\operators\lstm.py
   Compressing: C:\Users\Administrator\Documents\projects\SCDossier\dist\SCDossier\_internal\onnxruntime\quantization\operators\matmul.py
   Compressing: C:\Users\Administrator\Documents\projects\SCDossier\dist\SCDossier\_internal\onnxruntime\quantization\operators\maxpool.py
   Compressing: C:\Users\Administrator\Documents\projects\SCDossier\dist\SCDossier\_internal\onnxruntime\quantization\operators\norm.py
   Compressing: C:\Users\Administrator\Documents\projects\SCDossier\dist\SCDossier\_internal\onnxruntime\quantization\operators\pad.py
   Compressing: C:\Users\Administrator\Documents\projects\SCDossier\dist\SCDossier\_internal\onnxruntime\quantization\operators\pooling.py
   Compressing: C:\Users\Administrator\Documents\projects\SCDossier\dist\SCDossier\_internal\onnxruntime\quantization\operators\qdq_base_operator.py
   Compressing: C:\Users\Administrator\Documents\projects\SCDossier\dist\SCDossier\_internal\onnxruntime\quantization\operators\resize.py
   Compressing: C:\Users\Administrator\Documents\projects\SCDossier\dist\SCDossier\_internal\onnxruntime\quantization\operators\softmax.py
   Compressing: C:\Users\Administrator\Documents\projects\SCDossier\dist\SCDossier\_internal\onnxruntime\quantization\operators\split.py
   Compressing: C:\Users\Administrator\Documents\projects\SCDossier\dist\SCDossier\_internal\onnxruntime\quantization\operators\where.py
   Compressing: C:\Users\Administrator\Documents\projects\SCDossier\dist\SCDossier\_internal\onnxruntime\quantization\operators\__init__.py
   Compressing: C:\Users\Administrator\Documents\projects\SCDossier\dist\SCDossier\_internal\onnxruntime\tools\check_onnx_model_mobile_usability.py
   Compressing: C:\Users\Administrator\Documents\projects\SCDossier\dist\SCDossier\_internal\onnxruntime\tools\convert_onnx_models_to_ort.py
   Compressing: C:\Users\Administrator\Documents\projects\SCDossier\dist\SCDossier\_internal\onnxruntime\tools\file_utils.py
   Compressing: C:\Users\Administrator\Documents\projects\SCDossier\dist\SCDossier\_internal\onnxruntime\tools\logger.py
   Compressing: C:\Users\Administrator\Documents\projects\SCDossier\dist\SCDossier\_internal\onnxruntime\tools\make_dynamic_shape_fixed.py
   Compressing: C:\Users\Administrator\Documents\projects\SCDossier\dist\SCDossier\_internal\onnxruntime\tools\offline_tuning.py
   Compressing: C:\Users\Administrator\Documents\projects\SCDossier\dist\SCDossier\_internal\onnxruntime\tools\onnxruntime_test.py
   Compressing: C:\Users\Administrator\Documents\projects\SCDossier\dist\SCDossier\_internal\onnxruntime\tools\onnx_model_utils.py
   Compressing: C:\Users\Administrator\Documents\projects\SCDossier\dist\SCDossier\_internal\onnxruntime\tools\onnx_randomizer.py
   Compressing: C:\Users\Administrator\Documents\projects\SCDossier\dist\SCDossier\_internal\onnxruntime\tools\optimize_onnx_model.py
   Compressing: C:\Users\Administrator\Documents\projects\SCDossier\dist\SCDossier\_internal\onnxruntime\tools\pytorch_export_contrib_ops.py
   Compressing: C:\Users\Administrator\Documents\projects\SCDossier\dist\SCDossier\_internal\onnxruntime\tools\pytorch_export_helpers.py
   Compressing: C:\Users\Administrator\Documents\projects\SCDossier\dist\SCDossier\_internal\onnxruntime\tools\reduced_build_config_parser.py
   Compressing: C:\Users\Administrator\Documents\projects\SCDossier\dist\SCDossier\_internal\onnxruntime\tools\remove_initializer_from_input.py
   Compressing: C:\Users\Administrator\Documents\projects\SCDossier\dist\SCDossier\_internal\onnxruntime\tools\symbolic_shape_infer.py
   Compressing: C:\Users\Administrator\Documents\projects\SCDossier\dist\SCDossier\_internal\onnxruntime\tools\update_onnx_opset.py
   Compressing: C:\Users\Administrator\Documents\projects\SCDossier\dist\SCDossier\_internal\onnxruntime\tools\__init__.py
   Compressing: C:\Users\Administrator\Documents\projects\SCDossier\dist\SCDossier\_internal\onnxruntime\tools\mobile_helpers\coreml_supported_mlprogram_ops.md
   Compressing: C:\Users\Administrator\Documents\projects\SCDossier\dist\SCDossier\_internal\onnxruntime\tools\mobile_helpers\coreml_supported_neuralnetwork_ops.md
   Compressing: C:\Users\Administrator\Documents\projects\SCDossier\dist\SCDossier\_internal\onnxruntime\tools\mobile_helpers\nnapi_supported_ops.md
   Compressing: C:\Users\Administrator\Documents\projects\SCDossier\dist\SCDossier\_internal\onnxruntime\tools\mobile_helpers\usability_checker.py
   Compressing: C:\Users\Administrator\Documents\projects\SCDossier\dist\SCDossier\_internal\onnxruntime\tools\mobile_helpers\__init__.py
   Compressing: C:\Users\Administrator\Documents\projects\SCDossier\dist\SCDossier\_internal\onnxruntime\tools\ort_format_model\operator_type_usage_processors.py
   Compressing: C:\Users\Administrator\Documents\projects\SCDossier\dist\SCDossier\_internal\onnxruntime\tools\ort_format_model\ort_model_processor.py
   Compressing: C:\Users\Administrator\Documents\projects\SCDossier\dist\SCDossier\_internal\onnxruntime\tools\ort_format_model\types.py
   Compressing: C:\Users\Administrator\Documents\projects\SCDossier\dist\SCDossier\_internal\onnxruntime\tools\ort_format_model\utils.py
   Compressing: C:\Users\Administrator\Documents\projects\SCDossier\dist\SCDossier\_internal\onnxruntime\tools\ort_format_model\__init__.py
   Compressing: C:\Users\Administrator\Documents\projects\SCDossier\dist\SCDossier\_internal\onnxruntime\tools\ort_format_model\ort_flatbuffers_py\__init__.py
   Compressing: C:\Users\Administrator\Documents\projects\SCDossier\dist\SCDossier\_internal\onnxruntime\tools\ort_format_model\ort_flatbuffers_py\fbs\ArgType.py
   Compressing: C:\Users\Administrator\Documents\projects\SCDossier\dist\SCDossier\_internal\onnxruntime\tools\ort_format_model\ort_flatbuffers_py\fbs\ArgTypeAndIndex.py
   Compressing: C:\Users\Administrator\Documents\projects\SCDossier\dist\SCDossier\_internal\onnxruntime\tools\ort_format_model\ort_flatbuffers_py\fbs\Attribute.py
   Compressing: C:\Users\Administrator\Documents\projects\SCDossier\dist\SCDossier\_internal\onnxruntime\tools\ort_format_model\ort_flatbuffers_py\fbs\AttributeType.py
   Compressing: C:\Users\Administrator\Documents\projects\SCDossier\dist\SCDossier\_internal\onnxruntime\tools\ort_format_model\ort_flatbuffers_py\fbs\Checkpoint.py
   Compressing: C:\Users\Administrator\Documents\projects\SCDossier\dist\SCDossier\_internal\onnxruntime\tools\ort_format_model\ort_flatbuffers_py\fbs\DeprecatedKernelCreateInfos.py
   Compressing: C:\Users\Administrator\Documents\projects\SCDossier\dist\SCDossier\_internal\onnxruntime\tools\ort_format_model\ort_flatbuffers_py\fbs\DeprecatedNodeIndexAndKernelDefHash.py
   Compressing: C:\Users\Administrator\Documents\projects\SCDossier\dist\SCDossier\_internal\onnxruntime\tools\ort_format_model\ort_flatbuffers_py\fbs\DeprecatedSessionState.py
   Compressing: C:\Users\Administrator\Documents\projects\SCDossier\dist\SCDossier\_internal\onnxruntime\tools\ort_format_model\ort_flatbuffers_py\fbs\DeprecatedSubGraphSessionState.py
   Compressing: C:\Users\Administrator\Documents\projects\SCDossier\dist\SCDossier\_internal\onnxruntime\tools\ort_format_model\ort_flatbuffers_py\fbs\Dimension.py
   Compressing: C:\Users\Administrator\Documents\projects\SCDossier\dist\SCDossier\_internal\onnxruntime\tools\ort_format_model\ort_flatbuffers_py\fbs\DimensionValue.py
   Compressing: C:\Users\Administrator\Documents\projects\SCDossier\dist\SCDossier\_internal\onnxruntime\tools\ort_format_model\ort_flatbuffers_py\fbs\DimensionValueType.py
   Compressing: C:\Users\Administrator\Documents\projects\SCDossier\dist\SCDossier\_internal\onnxruntime\tools\ort_format_model\ort_flatbuffers_py\fbs\EdgeEnd.py
   Compressing: C:\Users\Administrator\Documents\projects\SCDossier\dist\SCDossier\_internal\onnxruntime\tools\ort_format_model\ort_flatbuffers_py\fbs\FloatProperty.py
   Compressing: C:\Users\Administrator\Documents\projects\SCDossier\dist\SCDossier\_internal\onnxruntime\tools\ort_format_model\ort_flatbuffers_py\fbs\Graph.py
   Compressing: C:\Users\Administrator\Documents\projects\SCDossier\dist\SCDossier\_internal\onnxruntime\tools\ort_format_model\ort_flatbuffers_py\fbs\InferenceSession.py
   Compressing: C:\Users\Administrator\Documents\projects\SCDossier\dist\SCDossier\_internal\onnxruntime\tools\ort_format_model\ort_flatbuffers_py\fbs\IntProperty.py
   Compressing: C:\Users\Administrator\Documents\projects\SCDossier\dist\SCDossier\_internal\onnxruntime\tools\ort_format_model\ort_flatbuffers_py\fbs\KernelTypeStrArgsEntry.py
   Compressing: C:\Users\Administrator\Documents\projects\SCDossier\dist\SCDossier\_internal\onnxruntime\tools\ort_format_model\ort_flatbuffers_py\fbs\KernelTypeStrResolver.py
   Compressing: C:\Users\Administrator\Documents\projects\SCDossier\dist\SCDossier\_internal\onnxruntime\tools\ort_format_model\ort_flatbuffers_py\fbs\MapType.py
   Compressing: C:\Users\Administrator\Documents\projects\SCDossier\dist\SCDossier\_internal\onnxruntime\tools\ort_format_model\ort_flatbuffers_py\fbs\Model.py
   Compressing: C:\Users\Administrator\Documents\projects\SCDossier\dist\SCDossier\_internal\onnxruntime\tools\ort_format_model\ort_flatbuffers_py\fbs\ModuleState.py
   Compressing: C:\Users\Administrator\Documents\projects\SCDossier\dist\SCDossier\_internal\onnxruntime\tools\ort_format_model\ort_flatbuffers_py\fbs\Node.py
   Compressing: C:\Users\Administrator\Documents\projects\SCDossier\dist\SCDossier\_internal\onnxruntime\tools\ort_format_model\ort_flatbuffers_py\fbs\NodeEdge.py
   Compressing: C:\Users\Administrator\Documents\projects\SCDossier\dist\SCDossier\_internal\onnxruntime\tools\ort_format_model\ort_flatbuffers_py\fbs\NodesToOptimizeIndices.py
   Compressing: C:\Users\Administrator\Documents\projects\SCDossier\dist\SCDossier\_internal\onnxruntime\tools\ort_format_model\ort_flatbuffers_py\fbs\NodeType.py
   Compressing: C:\Users\Administrator\Documents\projects\SCDossier\dist\SCDossier\_internal\onnxruntime\tools\ort_format_model\ort_flatbuffers_py\fbs\OperatorSetId.py
   Compressing: C:\Users\Administrator\Documents\projects\SCDossier\dist\SCDossier\_internal\onnxruntime\tools\ort_format_model\ort_flatbuffers_py\fbs\OpIdKernelTypeStrArgsEntry.py
   Compressing: C:\Users\Administrator\Documents\projects\SCDossier\dist\SCDossier\_internal\onnxruntime\tools\ort_format_model\ort_flatbuffers_py\fbs\OptimizerGroup.py
   Compressing: C:\Users\Administrator\Documents\projects\SCDossier\dist\SCDossier\_internal\onnxruntime\tools\ort_format_model\ort_flatbuffers_py\fbs\ParameterOptimizerState.py
   Compressing: C:\Users\Administrator\Documents\projects\SCDossier\dist\SCDossier\_internal\onnxruntime\tools\ort_format_model\ort_flatbuffers_py\fbs\PropertyBag.py
   Compressing: C:\Users\Administrator\Documents\projects\SCDossier\dist\SCDossier\_internal\onnxruntime\tools\ort_format_model\ort_flatbuffers_py\fbs\RuntimeOptimizationRecord.py
   Compressing: C:\Users\Administrator\Documents\projects\SCDossier\dist\SCDossier\_internal\onnxruntime\tools\ort_format_model\ort_flatbuffers_py\fbs\RuntimeOptimizationRecordContainerEntry.py
   Compressing: C:\Users\Administrator\Documents\projects\SCDossier\dist\SCDossier\_internal\onnxruntime\tools\ort_format_model\ort_flatbuffers_py\fbs\RuntimeOptimizations.py
   Compressing: C:\Users\Administrator\Documents\projects\SCDossier\dist\SCDossier\_internal\onnxruntime\tools\ort_format_model\ort_flatbuffers_py\fbs\SequenceType.py
   Compressing: C:\Users\Administrator\Documents\projects\SCDossier\dist\SCDossier\_internal\onnxruntime\tools\ort_format_model\ort_flatbuffers_py\fbs\Shape.py
   Compressing: C:\Users\Administrator\Documents\projects\SCDossier\dist\SCDossier\_internal\onnxruntime\tools\ort_format_model\ort_flatbuffers_py\fbs\SparseTensor.py
   Compressing: C:\Users\Administrator\Documents\projects\SCDossier\dist\SCDossier\_internal\onnxruntime\tools\ort_format_model\ort_flatbuffers_py\fbs\StringProperty.py
   Compressing: C:\Users\Administrator\Documents\projects\SCDossier\dist\SCDossier\_internal\onnxruntime\tools\ort_format_model\ort_flatbuffers_py\fbs\StringStringEntry.py
   Compressing: C:\Users\Administrator\Documents\projects\SCDossier\dist\SCDossier\_internal\onnxruntime\tools\ort_format_model\ort_flatbuffers_py\fbs\Tensor.py
   Compressing: C:\Users\Administrator\Documents\projects\SCDossier\dist\SCDossier\_internal\onnxruntime\tools\ort_format_model\ort_flatbuffers_py\fbs\TensorDataType.py
   Compressing: C:\Users\Administrator\Documents\projects\SCDossier\dist\SCDossier\_internal\onnxruntime\tools\ort_format_model\ort_flatbuffers_py\fbs\TensorTypeAndShape.py
   Compressing: C:\Users\Administrator\Documents\projects\SCDossier\dist\SCDossier\_internal\onnxruntime\tools\ort_format_model\ort_flatbuffers_py\fbs\TypeInfo.py
   Compressing: C:\Users\Administrator\Documents\projects\SCDossier\dist\SCDossier\_internal\onnxruntime\tools\ort_format_model\ort_flatbuffers_py\fbs\TypeInfoValue.py
   Compressing: C:\Users\Administrator\Documents\projects\SCDossier\dist\SCDossier\_internal\onnxruntime\tools\ort_format_model\ort_flatbuffers_py\fbs\ValueInfo.py
   Compressing: C:\Users\Administrator\Documents\projects\SCDossier\dist\SCDossier\_internal\onnxruntime\tools\ort_format_model\ort_flatbuffers_py\fbs\__init__.py
   Compressing: C:\Users\Administrator\Documents\projects\SCDossier\dist\SCDossier\_internal\onnxruntime\tools\qdq_helpers\optimize_qdq_model.py
   Compressing: C:\Users\Administrator\Documents\projects\SCDossier\dist\SCDossier\_internal\onnxruntime\tools\qdq_helpers\__init__.py
   Compressing: C:\Users\Administrator\Documents\projects\SCDossier\dist\SCDossier\_internal\onnxruntime\tools\qnn\add_trans_cast.py
   Compressing: C:\Users\Administrator\Documents\projects\SCDossier\dist\SCDossier\_internal\onnxruntime\tools\qnn\gen_qnn_ctx_onnx_model.py
   Compressing: C:\Users\Administrator\Documents\projects\SCDossier\dist\SCDossier\_internal\onnxruntime\tools\qnn\preprocess.py
   Compressing: C:\Users\Administrator\Documents\projects\SCDossier\dist\SCDossier\_internal\onnxruntime\transformers\affinity_helper.py
   Compressing: C:\Users\Administrator\Documents\projects\SCDossier\dist\SCDossier\_internal\onnxruntime\transformers\benchmark.py
   Compressing: C:\Users\Administrator\Documents\projects\SCDossier\dist\SCDossier\_internal\onnxruntime\transformers\benchmark_helper.py
   Compressing: C:\Users\Administrator\Documents\projects\SCDossier\dist\SCDossier\_internal\onnxruntime\transformers\bert_perf_test.py
   Compressing: C:\Users\Administrator\Documents\projects\SCDossier\dist\SCDossier\_internal\onnxruntime\transformers\bert_test_data.py
   Compressing: C:\Users\Administrator\Documents\projects\SCDossier\dist\SCDossier\_internal\onnxruntime\transformers\compare_bert_results.py
   Compressing: C:\Users\Administrator\Documents\projects\SCDossier\dist\SCDossier\_internal\onnxruntime\transformers\constants.py
   Compressing: C:\Users\Administrator\Documents\projects\SCDossier\dist\SCDossier\_internal\onnxruntime\transformers\convert_generation.py
   Compressing: C:\Users\Administrator\Documents\projects\SCDossier\dist\SCDossier\_internal\onnxruntime\transformers\convert_tf_models_to_pytorch.py
   Compressing: C:\Users\Administrator\Documents\projects\SCDossier\dist\SCDossier\_internal\onnxruntime\transformers\convert_to_packing_mode.py
   Compressing: C:\Users\Administrator\Documents\projects\SCDossier\dist\SCDossier\_internal\onnxruntime\transformers\dynamo_onnx_helper.py
   Compressing: C:\Users\Administrator\Documents\projects\SCDossier\dist\SCDossier\_internal\onnxruntime\transformers\float16.py
   Compressing: C:\Users\Administrator\Documents\projects\SCDossier\dist\SCDossier\_internal\onnxruntime\transformers\fusion_attention.py
   Compressing: C:\Users\Administrator\Documents\projects\SCDossier\dist\SCDossier\_internal\onnxruntime\transformers\fusion_attention_clip.py
   Compressing: C:\Users\Administrator\Documents\projects\SCDossier\dist\SCDossier\_internal\onnxruntime\transformers\fusion_attention_sam2.py
   Compressing: C:\Users\Administrator\Documents\projects\SCDossier\dist\SCDossier\_internal\onnxruntime\transformers\fusion_attention_unet.py
   Compressing: C:\Users\Administrator\Documents\projects\SCDossier\dist\SCDossier\_internal\onnxruntime\transformers\fusion_attention_vae.py
   Compressing: C:\Users\Administrator\Documents\projects\SCDossier\dist\SCDossier\_internal\onnxruntime\transformers\fusion_bart_attention.py
   Compressing: C:\Users\Administrator\Documents\projects\SCDossier\dist\SCDossier\_internal\onnxruntime\transformers\fusion_base.py
   Compressing: C:\Users\Administrator\Documents\projects\SCDossier\dist\SCDossier\_internal\onnxruntime\transformers\fusion_biasgelu.py
   Compressing: C:\Users\Administrator\Documents\projects\SCDossier\dist\SCDossier\_internal\onnxruntime\transformers\fusion_biassplitgelu.py
   Compressing: C:\Users\Administrator\Documents\projects\SCDossier\dist\SCDossier\_internal\onnxruntime\transformers\fusion_bias_add.py
   Compressing: C:\Users\Administrator\Documents\projects\SCDossier\dist\SCDossier\_internal\onnxruntime\transformers\fusion_conformer_attention.py
   Compressing: C:\Users\Administrator\Documents\projects\SCDossier\dist\SCDossier\_internal\onnxruntime\transformers\fusion_constant_fold.py
   Compressing: C:\Users\Administrator\Documents\projects\SCDossier\dist\SCDossier\_internal\onnxruntime\transformers\fusion_embedlayer.py
   Compressing: C:\Users\Administrator\Documents\projects\SCDossier\dist\SCDossier\_internal\onnxruntime\transformers\fusion_fastgelu.py
   Compressing: C:\Users\Administrator\Documents\projects\SCDossier\dist\SCDossier\_internal\onnxruntime\transformers\fusion_gelu.py
   Compressing: C:\Users\Administrator\Documents\projects\SCDossier\dist\SCDossier\_internal\onnxruntime\transformers\fusion_gelu_approximation.py
   Compressing: C:\Users\Administrator\Documents\projects\SCDossier\dist\SCDossier\_internal\onnxruntime\transformers\fusion_gemmfastgelu.py
   Compressing: C:\Users\Administrator\Documents\projects\SCDossier\dist\SCDossier\_internal\onnxruntime\transformers\fusion_gpt_attention.py
   Compressing: C:\Users\Administrator\Documents\projects\SCDossier\dist\SCDossier\_internal\onnxruntime\transformers\fusion_gpt_attention_megatron.py
   Compressing: C:\Users\Administrator\Documents\projects\SCDossier\dist\SCDossier\_internal\onnxruntime\transformers\fusion_gpt_attention_no_past.py
   Compressing: C:\Users\Administrator\Documents\projects\SCDossier\dist\SCDossier\_internal\onnxruntime\transformers\fusion_group_norm.py
   Compressing: C:\Users\Administrator\Documents\projects\SCDossier\dist\SCDossier\_internal\onnxruntime\transformers\fusion_layernorm.py
   Compressing: C:\Users\Administrator\Documents\projects\SCDossier\dist\SCDossier\_internal\onnxruntime\transformers\fusion_mha_dit.py
   Compressing: C:\Users\Administrator\Documents\projects\SCDossier\dist\SCDossier\_internal\onnxruntime\transformers\fusion_mha_mmdit.py
   Compressing: C:\Users\Administrator\Documents\projects\SCDossier\dist\SCDossier\_internal\onnxruntime\transformers\fusion_nhwc_conv.py
   Compressing: C:\Users\Administrator\Documents\projects\SCDossier\dist\SCDossier\_internal\onnxruntime\transformers\fusion_options.py
   Compressing: C:\Users\Administrator\Documents\projects\SCDossier\dist\SCDossier\_internal\onnxruntime\transformers\fusion_qordered_attention.py
   Compressing: C:\Users\Administrator\Documents\projects\SCDossier\dist\SCDossier\_internal\onnxruntime\transformers\fusion_qordered_gelu.py
   Compressing: C:\Users\Administrator\Documents\projects\SCDossier\dist\SCDossier\_internal\onnxruntime\transformers\fusion_qordered_layernorm.py
   Compressing: C:\Users\Administrator\Documents\projects\SCDossier\dist\SCDossier\_internal\onnxruntime\transformers\fusion_qordered_matmul.py
   Compressing: C:\Users\Administrator\Documents\projects\SCDossier\dist\SCDossier\_internal\onnxruntime\transformers\fusion_quickgelu.py
   Compressing: C:\Users\Administrator\Documents\projects\SCDossier\dist\SCDossier\_internal\onnxruntime\transformers\fusion_reshape.py
   Compressing: C:\Users\Administrator\Documents\projects\SCDossier\dist\SCDossier\_internal\onnxruntime\transformers\fusion_rotary_attention.py
   Compressing: C:\Users\Administrator\Documents\projects\SCDossier\dist\SCDossier\_internal\onnxruntime\transformers\fusion_shape.py
   Compressing: C:\Users\Administrator\Documents\projects\SCDossier\dist\SCDossier\_internal\onnxruntime\transformers\fusion_simplified_layernorm.py
   Compressing: C:\Users\Administrator\Documents\projects\SCDossier\dist\SCDossier\_internal\onnxruntime\transformers\fusion_skiplayernorm.py
   Compressing: C:\Users\Administrator\Documents\projects\SCDossier\dist\SCDossier\_internal\onnxruntime\transformers\fusion_skip_group_norm.py
   Compressing: C:\Users\Administrator\Documents\projects\SCDossier\dist\SCDossier\_internal\onnxruntime\transformers\fusion_transpose.py
   Compressing: C:\Users\Administrator\Documents\projects\SCDossier\dist\SCDossier\_internal\onnxruntime\transformers\fusion_utils.py
   Compressing: C:\Users\Administrator\Documents\projects\SCDossier\dist\SCDossier\_internal\onnxruntime\transformers\huggingface_models.py
   Compressing: C:\Users\Administrator\Documents\projects\SCDossier\dist\SCDossier\_internal\onnxruntime\transformers\import_utils.py
   Compressing: C:\Users\Administrator\Documents\projects\SCDossier\dist\SCDossier\_internal\onnxruntime\transformers\io_binding_helper.py
   Compressing: C:\Users\Administrator\Documents\projects\SCDossier\dist\SCDossier\_internal\onnxruntime\transformers\large_model_exporter.py
   Compressing: C:\Users\Administrator\Documents\projects\SCDossier\dist\SCDossier\_internal\onnxruntime\transformers\machine_info.py
   Compressing: C:\Users\Administrator\Documents\projects\SCDossier\dist\SCDossier\_internal\onnxruntime\transformers\metrics.py
   Compressing: C:\Users\Administrator\Documents\projects\SCDossier\dist\SCDossier\_internal\onnxruntime\transformers\onnx_exporter.py
   Compressing: C:\Users\Administrator\Documents\projects\SCDossier\dist\SCDossier\_internal\onnxruntime\transformers\onnx_model.py
   Compressing: C:\Users\Administrator\Documents\projects\SCDossier\dist\SCDossier\_internal\onnxruntime\transformers\onnx_model_bart.py
   Compressing: C:\Users\Administrator\Documents\projects\SCDossier\dist\SCDossier\_internal\onnxruntime\transformers\onnx_model_bert.py
   Compressing: C:\Users\Administrator\Documents\projects\SCDossier\dist\SCDossier\_internal\onnxruntime\transformers\onnx_model_bert_keras.py
   Compressing: C:\Users\Administrator\Documents\projects\SCDossier\dist\SCDossier\_internal\onnxruntime\transformers\onnx_model_bert_tf.py
   Compressing: C:\Users\Administrator\Documents\projects\SCDossier\dist\SCDossier\_internal\onnxruntime\transformers\onnx_model_clip.py
   Compressing: C:\Users\Administrator\Documents\projects\SCDossier\dist\SCDossier\_internal\onnxruntime\transformers\onnx_model_conformer.py
   Compressing: C:\Users\Administrator\Documents\projects\SCDossier\dist\SCDossier\_internal\onnxruntime\transformers\onnx_model_gpt2.py
   Compressing: C:\Users\Administrator\Documents\projects\SCDossier\dist\SCDossier\_internal\onnxruntime\transformers\onnx_model_mmdit.py
   Compressing: C:\Users\Administrator\Documents\projects\SCDossier\dist\SCDossier\_internal\onnxruntime\transformers\onnx_model_phi.py
   Compressing: C:\Users\Administrator\Documents\projects\SCDossier\dist\SCDossier\_internal\onnxruntime\transformers\onnx_model_sam2.py
   Compressing: C:\Users\Administrator\Documents\projects\SCDossier\dist\SCDossier\_internal\onnxruntime\transformers\onnx_model_t5.py
   Compressing: C:\Users\Administrator\Documents\projects\SCDossier\dist\SCDossier\_internal\onnxruntime\transformers\onnx_model_tnlr.py
   Compressing: C:\Users\Administrator\Documents\projects\SCDossier\dist\SCDossier\_internal\onnxruntime\transformers\onnx_model_unet.py
   Compressing: C:\Users\Administrator\Documents\projects\SCDossier\dist\SCDossier\_internal\onnxruntime\transformers\onnx_model_vae.py
   Compressing: C:\Users\Administrator\Documents\projects\SCDossier\dist\SCDossier\_internal\onnxruntime\transformers\onnx_utils.py
   Compressing: C:\Users\Administrator\Documents\projects\SCDossier\dist\SCDossier\_internal\onnxruntime\transformers\optimizer.py
   Compressing: C:\Users\Administrator\Documents\projects\SCDossier\dist\SCDossier\_internal\onnxruntime\transformers\past_helper.py
   Compressing: C:\Users\Administrator\Documents\projects\SCDossier\dist\SCDossier\_internal\onnxruntime\transformers\profiler.py
   Compressing: C:\Users\Administrator\Documents\projects\SCDossier\dist\SCDossier\_internal\onnxruntime\transformers\profile_result_processor.py
   Compressing: C:\Users\Administrator\Documents\projects\SCDossier\dist\SCDossier\_internal\onnxruntime\transformers\quantize_helper.py
   Compressing: C:\Users\Administrator\Documents\projects\SCDossier\dist\SCDossier\_internal\onnxruntime\transformers\shape_infer_helper.py
   Compressing: C:\Users\Administrator\Documents\projects\SCDossier\dist\SCDossier\_internal\onnxruntime\transformers\shape_optimizer.py
   Compressing: C:\Users\Administrator\Documents\projects\SCDossier\dist\SCDossier\_internal\onnxruntime\transformers\torch_onnx_export_helper.py
   Compressing: C:\Users\Administrator\Documents\projects\SCDossier\dist\SCDossier\_internal\onnxruntime\transformers\__init__.py
   Compressing: C:\Users\Administrator\Documents\projects\SCDossier\dist\SCDossier\_internal\onnxruntime\transformers\models\bart\export.py
   Compressing: C:\Users\Administrator\Documents\projects\SCDossier\dist\SCDossier\_internal\onnxruntime\transformers\models\bart\__init__.py
   Compressing: C:\Users\Administrator\Documents\projects\SCDossier\dist\SCDossier\_internal\onnxruntime\transformers\models\bert\eval_squad.py
   Compressing: C:\Users\Administrator\Documents\projects\SCDossier\dist\SCDossier\_internal\onnxruntime\transformers\models\bert\__init__.py
   Compressing: C:\Users\Administrator\Documents\projects\SCDossier\dist\SCDossier\_internal\onnxruntime\transformers\models\gpt2\benchmark_gpt2.py
   Compressing: C:\Users\Administrator\Documents\projects\SCDossier\dist\SCDossier\_internal\onnxruntime\transformers\models\gpt2\convert_to_onnx.py
   Compressing: C:\Users\Administrator\Documents\projects\SCDossier\dist\SCDossier\_internal\onnxruntime\transformers\models\gpt2\gpt2_helper.py
   Compressing: C:\Users\Administrator\Documents\projects\SCDossier\dist\SCDossier\_internal\onnxruntime\transformers\models\gpt2\gpt2_parity.py
   Compressing: C:\Users\Administrator\Documents\projects\SCDossier\dist\SCDossier\_internal\onnxruntime\transformers\models\gpt2\gpt2_tester.py
   Compressing: C:\Users\Administrator\Documents\projects\SCDossier\dist\SCDossier\_internal\onnxruntime\transformers\models\gpt2\parity_check_helper.py
   Compressing: C:\Users\Administrator\Documents\projects\SCDossier\dist\SCDossier\_internal\onnxruntime\transformers\models\gpt2\__init__.py
   Compressing: C:\Users\Administrator\Documents\projects\SCDossier\dist\SCDossier\_internal\onnxruntime\transformers\models\llama\benchmark.py
   Compressing: C:\Users\Administrator\Documents\projects\SCDossier\dist\SCDossier\_internal\onnxruntime\transformers\models\llama\benchmark_all.py
   Compressing: C:\Users\Administrator\Documents\projects\SCDossier\dist\SCDossier\_internal\onnxruntime\transformers\models\llama\benchmark_e2e.py
   Compressing: C:\Users\Administrator\Documents\projects\SCDossier\dist\SCDossier\_internal\onnxruntime\transformers\models\llama\convert_to_onnx.py
   Compressing: C:\Users\Administrator\Documents\projects\SCDossier\dist\SCDossier\_internal\onnxruntime\transformers\models\llama\dist_settings.py
   Compressing: C:\Users\Administrator\Documents\projects\SCDossier\dist\SCDossier\_internal\onnxruntime\transformers\models\llama\llama_inputs.py
   Compressing: C:\Users\Administrator\Documents\projects\SCDossier\dist\SCDossier\_internal\onnxruntime\transformers\models\llama\llama_parity.py
   Compressing: C:\Users\Administrator\Documents\projects\SCDossier\dist\SCDossier\_internal\onnxruntime\transformers\models\llama\llama_torch.py
   Compressing: C:\Users\Administrator\Documents\projects\SCDossier\dist\SCDossier\_internal\onnxruntime\transformers\models\llama\quant_kv_dataloader.py
   Compressing: C:\Users\Administrator\Documents\projects\SCDossier\dist\SCDossier\_internal\onnxruntime\transformers\models\llama\__init__.py
   Compressing: C:\Users\Administrator\Documents\projects\SCDossier\dist\SCDossier\_internal\onnxruntime\transformers\models\longformer\benchmark_longformer.py
   Compressing: C:\Users\Administrator\Documents\projects\SCDossier\dist\SCDossier\_internal\onnxruntime\transformers\models\longformer\convert_to_onnx.py
   Compressing: C:\Users\Administrator\Documents\projects\SCDossier\dist\SCDossier\_internal\onnxruntime\transformers\models\longformer\generate_test_data.py
   Compressing: C:\Users\Administrator\Documents\projects\SCDossier\dist\SCDossier\_internal\onnxruntime\transformers\models\longformer\longformer_helper.py
   Compressing: C:\Users\Administrator\Documents\projects\SCDossier\dist\SCDossier\_internal\onnxruntime\transformers\models\longformer\__init__.py
   Compressing: C:\Users\Administrator\Documents\projects\SCDossier\dist\SCDossier\_internal\onnxruntime\transformers\models\phi2\convert_to_onnx.py
   Compressing: C:\Users\Administrator\Documents\projects\SCDossier\dist\SCDossier\_internal\onnxruntime\transformers\models\phi2\inference_example.py
   Compressing: C:\Users\Administrator\Documents\projects\SCDossier\dist\SCDossier\_internal\onnxruntime\transformers\models\phi2\__init__.py
   Compressing: C:\Users\Administrator\Documents\projects\SCDossier\dist\SCDossier\_internal\onnxruntime\transformers\models\sam2\benchmark_sam2.py
   Compressing: C:\Users\Administrator\Documents\projects\SCDossier\dist\SCDossier\_internal\onnxruntime\transformers\models\sam2\convert_to_onnx.py
   Compressing: C:\Users\Administrator\Documents\projects\SCDossier\dist\SCDossier\_internal\onnxruntime\transformers\models\sam2\image_decoder.py
   Compressing: C:\Users\Administrator\Documents\projects\SCDossier\dist\SCDossier\_internal\onnxruntime\transformers\models\sam2\image_encoder.py
   Compressing: C:\Users\Administrator\Documents\projects\SCDossier\dist\SCDossier\_internal\onnxruntime\transformers\models\sam2\mask_decoder.py
   Compressing: C:\Users\Administrator\Documents\projects\SCDossier\dist\SCDossier\_internal\onnxruntime\transformers\models\sam2\nvtx_helper.py
   Compressing: C:\Users\Administrator\Documents\projects\SCDossier\dist\SCDossier\_internal\onnxruntime\transformers\models\sam2\prompt_encoder.py
   Compressing: C:\Users\Administrator\Documents\projects\SCDossier\dist\SCDossier\_internal\onnxruntime\transformers\models\sam2\sam2_demo.py
   Compressing: C:\Users\Administrator\Documents\projects\SCDossier\dist\SCDossier\_internal\onnxruntime\transformers\models\sam2\sam2_image_onnx_predictor.py
   Compressing: C:\Users\Administrator\Documents\projects\SCDossier\dist\SCDossier\_internal\onnxruntime\transformers\models\sam2\sam2_utils.py
   Compressing: C:\Users\Administrator\Documents\projects\SCDossier\dist\SCDossier\_internal\onnxruntime\transformers\models\sam2\__init__.py
   Compressing: C:\Users\Administrator\Documents\projects\SCDossier\dist\SCDossier\_internal\onnxruntime\transformers\models\stable_diffusion\benchmark.py
   Compressing: C:\Users\Administrator\Documents\projects\SCDossier\dist\SCDossier\_internal\onnxruntime\transformers\models\stable_diffusion\benchmark_controlnet.py
   Compressing: C:\Users\Administrator\Documents\projects\SCDossier\dist\SCDossier\_internal\onnxruntime\transformers\models\stable_diffusion\demo_txt2img.py
   Compressing: C:\Users\Administrator\Documents\projects\SCDossier\dist\SCDossier\_internal\onnxruntime\transformers\models\stable_diffusion\demo_txt2img_xl.py
   Compressing: C:\Users\Administrator\Documents\projects\SCDossier\dist\SCDossier\_internal\onnxruntime\transformers\models\stable_diffusion\demo_utils.py
   Compressing: C:\Users\Administrator\Documents\projects\SCDossier\dist\SCDossier\_internal\onnxruntime\transformers\models\stable_diffusion\diffusion_models.py
   Compressing: C:\Users\Administrator\Documents\projects\SCDossier\dist\SCDossier\_internal\onnxruntime\transformers\models\stable_diffusion\diffusion_schedulers.py
   Compressing: C:\Users\Administrator\Documents\projects\SCDossier\dist\SCDossier\_internal\onnxruntime\transformers\models\stable_diffusion\engine_builder.py
   Compressing: C:\Users\Administrator\Documents\projects\SCDossier\dist\SCDossier\_internal\onnxruntime\transformers\models\stable_diffusion\engine_builder_ort_cuda.py
   Compressing: C:\Users\Administrator\Documents\projects\SCDossier\dist\SCDossier\_internal\onnxruntime\transformers\models\stable_diffusion\engine_builder_ort_trt.py
   Compressing: C:\Users\Administrator\Documents\projects\SCDossier\dist\SCDossier\_internal\onnxruntime\transformers\models\stable_diffusion\engine_builder_tensorrt.py
   Compressing: C:\Users\Administrator\Documents\projects\SCDossier\dist\SCDossier\_internal\onnxruntime\transformers\models\stable_diffusion\engine_builder_torch.py
   Compressing: C:\Users\Administrator\Documents\projects\SCDossier\dist\SCDossier\_internal\onnxruntime\transformers\models\stable_diffusion\optimize_pipeline.py
   Compressing: C:\Users\Administrator\Documents\projects\SCDossier\dist\SCDossier\_internal\onnxruntime\transformers\models\stable_diffusion\ort_optimizer.py
   Compressing: C:\Users\Administrator\Documents\projects\SCDossier\dist\SCDossier\_internal\onnxruntime\transformers\models\stable_diffusion\pipeline_stable_diffusion.py
   Compressing: C:\Users\Administrator\Documents\projects\SCDossier\dist\SCDossier\_internal\onnxruntime\transformers\models\stable_diffusion\trt_utilities.py
   Compressing: C:\Users\Administrator\Documents\projects\SCDossier\dist\SCDossier\_internal\onnxruntime\transformers\models\stable_diffusion\__init__.py
   Compressing: C:\Users\Administrator\Documents\projects\SCDossier\dist\SCDossier\_internal\onnxruntime\transformers\models\t5\convert_to_onnx.py
   Compressing: C:\Users\Administrator\Documents\projects\SCDossier\dist\SCDossier\_internal\onnxruntime\transformers\models\t5\t5_decoder.py
   Compressing: C:\Users\Administrator\Documents\projects\SCDossier\dist\SCDossier\_internal\onnxruntime\transformers\models\t5\t5_encoder.py
   Compressing: C:\Users\Administrator\Documents\projects\SCDossier\dist\SCDossier\_internal\onnxruntime\transformers\models\t5\t5_encoder_decoder_init.py
   Compressing: C:\Users\Administrator\Documents\projects\SCDossier\dist\SCDossier\_internal\onnxruntime\transformers\models\t5\t5_helper.py
   Compressing: C:\Users\Administrator\Documents\projects\SCDossier\dist\SCDossier\_internal\onnxruntime\transformers\models\t5\__init__.py
   Compressing: C:\Users\Administrator\Documents\projects\SCDossier\dist\SCDossier\_internal\onnxruntime\transformers\models\whisper\benchmark.py
   Compressing: C:\Users\Administrator\Documents\projects\SCDossier\dist\SCDossier\_internal\onnxruntime\transformers\models\whisper\benchmark_all.py
   Compressing: C:\Users\Administrator\Documents\projects\SCDossier\dist\SCDossier\_internal\onnxruntime\transformers\models\whisper\convert_to_onnx.py
   Compressing: C:\Users\Administrator\Documents\projects\SCDossier\dist\SCDossier\_internal\onnxruntime\transformers\models\whisper\whisper_chain.py
   Compressing: C:\Users\Administrator\Documents\projects\SCDossier\dist\SCDossier\_internal\onnxruntime\transformers\models\whisper\whisper_decoder.py
   Compressing: C:\Users\Administrator\Documents\projects\SCDossier\dist\SCDossier\_internal\onnxruntime\transformers\models\whisper\whisper_encoder.py
   Compressing: C:\Users\Administrator\Documents\projects\SCDossier\dist\SCDossier\_internal\onnxruntime\transformers\models\whisper\whisper_encoder_decoder_init.py
   Compressing: C:\Users\Administrator\Documents\projects\SCDossier\dist\SCDossier\_internal\onnxruntime\transformers\models\whisper\whisper_helper.py
   Compressing: C:\Users\Administrator\Documents\projects\SCDossier\dist\SCDossier\_internal\onnxruntime\transformers\models\whisper\whisper_inputs.py
   Compressing: C:\Users\Administrator\Documents\projects\SCDossier\dist\SCDossier\_internal\onnxruntime\transformers\models\whisper\whisper_jump_times.py
   Compressing: C:\Users\Administrator\Documents\projects\SCDossier\dist\SCDossier\_internal\onnxruntime\transformers\models\whisper\__init__.py
   Compressing: C:\Users\Administrator\Documents\projects\SCDossier\dist\SCDossier\_internal\onnxruntime-1.29.0.dist-info\entry_points.txt
   Compressing: C:\Users\Administrator\Documents\projects\SCDossier\dist\SCDossier\_internal\onnxruntime-1.29.0.dist-info\INSTALLER
   Compressing: C:\Users\Administrator\Documents\projects\SCDossier\dist\SCDossier\_internal\onnxruntime-1.29.0.dist-info\METADATA
   Compressing: C:\Users\Administrator\Documents\projects\SCDossier\dist\SCDossier\_internal\onnxruntime-1.29.0.dist-info\RECORD
   Compressing: C:\Users\Administrator\Documents\projects\SCDossier\dist\SCDossier\_internal\onnxruntime-1.29.0.dist-info\top_level.txt
   Compressing: C:\Users\Administrator\Documents\projects\SCDossier\dist\SCDossier\_internal\onnxruntime-1.29.0.dist-info\WHEEL
   Compressing: C:\Users\Administrator\Documents\projects\SCDossier\dist\SCDossier\_internal\PIL\_avif.cp313-win_amd64.pyd
   Compressing: C:\Users\Administrator\Documents\projects\SCDossier\dist\SCDossier\_internal\PIL\_imaging.cp313-win_amd64.pyd
   Compressing: C:\Users\Administrator\Documents\projects\SCDossier\dist\SCDossier\_internal\PIL\_imagingcms.cp313-win_amd64.pyd
   Compressing: C:\Users\Administrator\Documents\projects\SCDossier\dist\SCDossier\_internal\PIL\_imagingmath.cp313-win_amd64.pyd
   Compressing: C:\Users\Administrator\Documents\projects\SCDossier\dist\SCDossier\_internal\PIL\_imagingtk.cp313-win_amd64.pyd
   Compressing: C:\Users\Administrator\Documents\projects\SCDossier\dist\SCDossier\_internal\PIL\_webp.cp313-win_amd64.pyd
   Compressing: C:\Users\Administrator\Documents\projects\SCDossier\dist\SCDossier\_internal\propcache\_helpers_c.cp313-win_amd64.pyd
   Compressing: C:\Users\Administrator\Documents\projects\SCDossier\dist\SCDossier\_internal\pyclipper\_pyclipper.cp313-win_amd64.pyd
   Compressing: C:\Users\Administrator\Documents\projects\SCDossier\dist\SCDossier\_internal\pydantic-2.13.4.dist-info\INSTALLER
   Compressing: C:\Users\Administrator\Documents\projects\SCDossier\dist\SCDossier\_internal\pydantic-2.13.4.dist-info\METADATA
   Compressing: C:\Users\Administrator\Documents\projects\SCDossier\dist\SCDossier\_internal\pydantic-2.13.4.dist-info\RECORD
   Compressing: C:\Users\Administrator\Documents\projects\SCDossier\dist\SCDossier\_internal\pydantic-2.13.4.dist-info\WHEEL
   Compressing: C:\Users\Administrator\Documents\projects\SCDossier\dist\SCDossier\_internal\pydantic-2.13.4.dist-info\licenses\LICENSE
   Compressing: C:\Users\Administrator\Documents\projects\SCDossier\dist\SCDossier\_internal\pydantic_core\_pydantic_core.cp313-win_amd64.pyd
   Compressing: C:\Users\Administrator\Documents\projects\SCDossier\dist\SCDossier\_internal\PyQt6\QtCore.pyd
   Compressing: C:\Users\Administrator\Documents\projects\SCDossier\dist\SCDossier\_internal\PyQt6\QtGui.pyd
   Compressing: C:\Users\Administrator\Documents\projects\SCDossier\dist\SCDossier\_internal\PyQt6\QtSvg.pyd
   Compressing: C:\Users\Administrator\Documents\projects\SCDossier\dist\SCDossier\_internal\PyQt6\QtWidgets.pyd
   Compressing: C:\Users\Administrator\Documents\projects\SCDossier\dist\SCDossier\_internal\PyQt6\sip.cp313-win_amd64.pyd
   Compressing: C:\Users\Administrator\Documents\projects\SCDossier\dist\SCDossier\_internal\PyQt6\Qt6\bin\MSVCP140.dll
   Compressing: C:\Users\Administrator\Documents\projects\SCDossier\dist\SCDossier\_internal\PyQt6\Qt6\bin\MSVCP140_1.dll
   Compressing: C:\Users\Administrator\Documents\projects\SCDossier\dist\SCDossier\_internal\PyQt6\Qt6\bin\MSVCP140_2.dll
   Compressing: C:\Users\Administrator\Documents\projects\SCDossier\dist\SCDossier\_internal\PyQt6\Qt6\bin\opengl32sw.dll
   Compressing: C:\Users\Administrator\Documents\projects\SCDossier\dist\SCDossier\_internal\PyQt6\Qt6\bin\Qt6Core.dll
   Compressing: C:\Users\Administrator\Documents\projects\SCDossier\dist\SCDossier\_internal\PyQt6\Qt6\bin\Qt6Gui.dll
   Compressing: C:\Users\Administrator\Documents\projects\SCDossier\dist\SCDossier\_internal\PyQt6\Qt6\bin\Qt6Network.dll
   Compressing: C:\Users\Administrator\Documents\projects\SCDossier\dist\SCDossier\_internal\PyQt6\Qt6\bin\Qt6Pdf.dll
   Compressing: C:\Users\Administrator\Documents\projects\SCDossier\dist\SCDossier\_internal\PyQt6\Qt6\bin\Qt6Svg.dll
   Compressing: C:\Users\Administrator\Documents\projects\SCDossier\dist\SCDossier\_internal\PyQt6\Qt6\bin\Qt6Widgets.dll
   Compressing: C:\Users\Administrator\Documents\projects\SCDossier\dist\SCDossier\_internal\PyQt6\Qt6\bin\VCRUNTIME140.dll
   Compressing: C:\Users\Administrator\Documents\projects\SCDossier\dist\SCDossier\_internal\PyQt6\Qt6\bin\VCRUNTIME140_1.dll
   Compressing: C:\Users\Administrator\Documents\projects\SCDossier\dist\SCDossier\_internal\PyQt6\Qt6\plugins\generic\qtuiotouchplugin.dll
   Compressing: C:\Users\Administrator\Documents\projects\SCDossier\dist\SCDossier\_internal\PyQt6\Qt6\plugins\iconengines\qsvgicon.dll
   Compressing: C:\Users\Administrator\Documents\projects\SCDossier\dist\SCDossier\_internal\PyQt6\Qt6\plugins\imageformats\qgif.dll
   Compressing: C:\Users\Administrator\Documents\projects\SCDossier\dist\SCDossier\_internal\PyQt6\Qt6\plugins\imageformats\qicns.dll
   Compressing: C:\Users\Administrator\Documents\projects\SCDossier\dist\SCDossier\_internal\PyQt6\Qt6\plugins\imageformats\qico.dll
   Compressing: C:\Users\Administrator\Documents\projects\SCDossier\dist\SCDossier\_internal\PyQt6\Qt6\plugins\imageformats\qjpeg.dll
   Compressing: C:\Users\Administrator\Documents\projects\SCDossier\dist\SCDossier\_internal\PyQt6\Qt6\plugins\imageformats\qpdf.dll
   Compressing: C:\Users\Administrator\Documents\projects\SCDossier\dist\SCDossier\_internal\PyQt6\Qt6\plugins\imageformats\qsvg.dll
   Compressing: C:\Users\Administrator\Documents\projects\SCDossier\dist\SCDossier\_internal\PyQt6\Qt6\plugins\imageformats\qtga.dll
   Compressing: C:\Users\Administrator\Documents\projects\SCDossier\dist\SCDossier\_internal\PyQt6\Qt6\plugins\imageformats\qtiff.dll
   Compressing: C:\Users\Administrator\Documents\projects\SCDossier\dist\SCDossier\_internal\PyQt6\Qt6\plugins\imageformats\qwbmp.dll
   Compressing: C:\Users\Administrator\Documents\projects\SCDossier\dist\SCDossier\_internal\PyQt6\Qt6\plugins\imageformats\qwebp.dll
   Compressing: C:\Users\Administrator\Documents\projects\SCDossier\dist\SCDossier\_internal\PyQt6\Qt6\plugins\platforms\qminimal.dll
   Compressing: C:\Users\Administrator\Documents\projects\SCDossier\dist\SCDossier\_internal\PyQt6\Qt6\plugins\platforms\qoffscreen.dll
   Compressing: C:\Users\Administrator\Documents\projects\SCDossier\dist\SCDossier\_internal\PyQt6\Qt6\plugins\platforms\qwindows.dll
   Compressing: C:\Users\Administrator\Documents\projects\SCDossier\dist\SCDossier\_internal\PyQt6\Qt6\plugins\styles\qmodernwindowsstyle.dll
   Compressing: C:\Users\Administrator\Documents\projects\SCDossier\dist\SCDossier\_internal\PyQt6\Qt6\translations\qtbase_ar.qm
   Compressing: C:\Users\Administrator\Documents\projects\SCDossier\dist\SCDossier\_internal\PyQt6\Qt6\translations\qtbase_bg.qm
   Compressing: C:\Users\Administrator\Documents\projects\SCDossier\dist\SCDossier\_internal\PyQt6\Qt6\translations\qtbase_ca.qm
   Compressing: C:\Users\Administrator\Documents\projects\SCDossier\dist\SCDossier\_internal\PyQt6\Qt6\translations\qtbase_cs.qm
   Compressing: C:\Users\Administrator\Documents\projects\SCDossier\dist\SCDossier\_internal\PyQt6\Qt6\translations\qtbase_da.qm
   Compressing: C:\Users\Administrator\Documents\projects\SCDossier\dist\SCDossier\_internal\PyQt6\Qt6\translations\qtbase_de.qm
   Compressing: C:\Users\Administrator\Documents\projects\SCDossier\dist\SCDossier\_internal\PyQt6\Qt6\translations\qtbase_en.qm
   Compressing: C:\Users\Administrator\Documents\projects\SCDossier\dist\SCDossier\_internal\PyQt6\Qt6\translations\qtbase_es.qm
   Compressing: C:\Users\Administrator\Documents\projects\SCDossier\dist\SCDossier\_internal\PyQt6\Qt6\translations\qtbase_fa.qm
   Compressing: C:\Users\Administrator\Documents\projects\SCDossier\dist\SCDossier\_internal\PyQt6\Qt6\translations\qtbase_fi.qm
   Compressing: C:\Users\Administrator\Documents\projects\SCDossier\dist\SCDossier\_internal\PyQt6\Qt6\translations\qtbase_fr.qm
   Compressing: C:\Users\Administrator\Documents\projects\SCDossier\dist\SCDossier\_internal\PyQt6\Qt6\translations\qtbase_gd.qm
   Compressing: C:\Users\Administrator\Documents\projects\SCDossier\dist\SCDossier\_internal\PyQt6\Qt6\translations\qtbase_he.qm
   Compressing: C:\Users\Administrator\Documents\projects\SCDossier\dist\SCDossier\_internal\PyQt6\Qt6\translations\qtbase_hr.qm
   Compressing: C:\Users\Administrator\Documents\projects\SCDossier\dist\SCDossier\_internal\PyQt6\Qt6\translations\qtbase_hu.qm
   Compressing: C:\Users\Administrator\Documents\projects\SCDossier\dist\SCDossier\_internal\PyQt6\Qt6\translations\qtbase_it.qm
   Compressing: C:\Users\Administrator\Documents\projects\SCDossier\dist\SCDossier\_internal\PyQt6\Qt6\translations\qtbase_ja.qm
   Compressing: C:\Users\Administrator\Documents\projects\SCDossier\dist\SCDossier\_internal\PyQt6\Qt6\translations\qtbase_ka.qm
   Compressing: C:\Users\Administrator\Documents\projects\SCDossier\dist\SCDossier\_internal\PyQt6\Qt6\translations\qtbase_ko.qm
   Compressing: C:\Users\Administrator\Documents\projects\SCDossier\dist\SCDossier\_internal\PyQt6\Qt6\translations\qtbase_lg.qm
   Compressing: C:\Users\Administrator\Documents\projects\SCDossier\dist\SCDossier\_internal\PyQt6\Qt6\translations\qtbase_lv.qm
   Compressing: C:\Users\Administrator\Documents\projects\SCDossier\dist\SCDossier\_internal\PyQt6\Qt6\translations\qtbase_nl.qm
   Compressing: C:\Users\Administrator\Documents\projects\SCDossier\dist\SCDossier\_internal\PyQt6\Qt6\translations\qtbase_nn.qm
   Compressing: C:\Users\Administrator\Documents\projects\SCDossier\dist\SCDossier\_internal\PyQt6\Qt6\translations\qtbase_pl.qm
   Compressing: C:\Users\Administrator\Documents\projects\SCDossier\dist\SCDossier\_internal\PyQt6\Qt6\translations\qtbase_pt_BR.qm
   Compressing: C:\Users\Administrator\Documents\projects\SCDossier\dist\SCDossier\_internal\PyQt6\Qt6\translations\qtbase_ru.qm
   Compressing: C:\Users\Administrator\Documents\projects\SCDossier\dist\SCDossier\_internal\PyQt6\Qt6\translations\qtbase_sk.qm
   Compressing: C:\Users\Administrator\Documents\projects\SCDossier\dist\SCDossier\_internal\PyQt6\Qt6\translations\qtbase_sv.qm
   Compressing: C:\Users\Administrator\Documents\projects\SCDossier\dist\SCDossier\_internal\PyQt6\Qt6\translations\qtbase_tr.qm
   Compressing: C:\Users\Administrator\Documents\projects\SCDossier\dist\SCDossier\_internal\PyQt6\Qt6\translations\qtbase_uk.qm
   Compressing: C:\Users\Administrator\Documents\projects\SCDossier\dist\SCDossier\_internal\PyQt6\Qt6\translations\qtbase_zh_CN.qm
   Compressing: C:\Users\Administrator\Documents\projects\SCDossier\dist\SCDossier\_internal\PyQt6\Qt6\translations\qtbase_zh_TW.qm
   Compressing: C:\Users\Administrator\Documents\projects\SCDossier\dist\SCDossier\_internal\PyQt6\Qt6\translations\qt_ar.qm
   Compressing: C:\Users\Administrator\Documents\projects\SCDossier\dist\SCDossier\_internal\PyQt6\Qt6\translations\qt_bg.qm
   Compressing: C:\Users\Administrator\Documents\projects\SCDossier\dist\SCDossier\_internal\PyQt6\Qt6\translations\qt_ca.qm
   Compressing: C:\Users\Administrator\Documents\projects\SCDossier\dist\SCDossier\_internal\PyQt6\Qt6\translations\qt_cs.qm
   Compressing: C:\Users\Administrator\Documents\projects\SCDossier\dist\SCDossier\_internal\PyQt6\Qt6\translations\qt_da.qm
   Compressing: C:\Users\Administrator\Documents\projects\SCDossier\dist\SCDossier\_internal\PyQt6\Qt6\translations\qt_de.qm
   Compressing: C:\Users\Administrator\Documents\projects\SCDossier\dist\SCDossier\_internal\PyQt6\Qt6\translations\qt_en.qm
   Compressing: C:\Users\Administrator\Documents\projects\SCDossier\dist\SCDossier\_internal\PyQt6\Qt6\translations\qt_es.qm
   Compressing: C:\Users\Administrator\Documents\projects\SCDossier\dist\SCDossier\_internal\PyQt6\Qt6\translations\qt_fa.qm
   Compressing: C:\Users\Administrator\Documents\projects\SCDossier\dist\SCDossier\_internal\PyQt6\Qt6\translations\qt_fi.qm
   Compressing: C:\Users\Administrator\Documents\projects\SCDossier\dist\SCDossier\_internal\PyQt6\Qt6\translations\qt_fr.qm
   Compressing: C:\Users\Administrator\Documents\projects\SCDossier\dist\SCDossier\_internal\PyQt6\Qt6\translations\qt_gd.qm
   Compressing: C:\Users\Administrator\Documents\projects\SCDossier\dist\SCDossier\_internal\PyQt6\Qt6\translations\qt_gl.qm
   Compressing: C:\Users\Administrator\Documents\projects\SCDossier\dist\SCDossier\_internal\PyQt6\Qt6\translations\qt_he.qm
   Compressing: C:\Users\Administrator\Documents\projects\SCDossier\dist\SCDossier\_internal\PyQt6\Qt6\translations\qt_help_ar.qm
   Compressing: C:\Users\Administrator\Documents\projects\SCDossier\dist\SCDossier\_internal\PyQt6\Qt6\translations\qt_help_bg.qm
   Compressing: C:\Users\Administrator\Documents\projects\SCDossier\dist\SCDossier\_internal\PyQt6\Qt6\translations\qt_help_ca.qm
   Compressing: C:\Users\Administrator\Documents\projects\SCDossier\dist\SCDossier\_internal\PyQt6\Qt6\translations\qt_help_cs.qm
   Compressing: C:\Users\Administrator\Documents\projects\SCDossier\dist\SCDossier\_internal\PyQt6\Qt6\translations\qt_help_da.qm
   Compressing: C:\Users\Administrator\Documents\projects\SCDossier\dist\SCDossier\_internal\PyQt6\Qt6\translations\qt_help_de.qm
   Compressing: C:\Users\Administrator\Documents\projects\SCDossier\dist\SCDossier\_internal\PyQt6\Qt6\translations\qt_help_en.qm
   Compressing: C:\Users\Administrator\Documents\projects\SCDossier\dist\SCDossier\_internal\PyQt6\Qt6\translations\qt_help_es.qm
   Compressing: C:\Users\Administrator\Documents\projects\SCDossier\dist\SCDossier\_internal\PyQt6\Qt6\translations\qt_help_fr.qm
   Compressing: C:\Users\Administrator\Documents\projects\SCDossier\dist\SCDossier\_internal\PyQt6\Qt6\translations\qt_help_gl.qm
   Compressing: C:\Users\Administrator\Documents\projects\SCDossier\dist\SCDossier\_internal\PyQt6\Qt6\translations\qt_help_hr.qm
   Compressing: C:\Users\Administrator\Documents\projects\SCDossier\dist\SCDossier\_internal\PyQt6\Qt6\translations\qt_help_hu.qm
   Compressing: C:\Users\Administrator\Documents\projects\SCDossier\dist\SCDossier\_internal\PyQt6\Qt6\translations\qt_help_it.qm
   Compressing: C:\Users\Administrator\Documents\projects\SCDossier\dist\SCDossier\_internal\PyQt6\Qt6\translations\qt_help_ja.qm
   Compressing: C:\Users\Administrator\Documents\projects\SCDossier\dist\SCDossier\_internal\PyQt6\Qt6\translations\qt_help_ka.qm
   Compressing: C:\Users\Administrator\Documents\projects\SCDossier\dist\SCDossier\_internal\PyQt6\Qt6\translations\qt_help_ko.qm
   Compressing: C:\Users\Administrator\Documents\projects\SCDossier\dist\SCDossier\_internal\PyQt6\Qt6\translations\qt_help_nl.qm
   Compressing: C:\Users\Administrator\Documents\projects\SCDossier\dist\SCDossier\_internal\PyQt6\Qt6\translations\qt_help_nn.qm
   Compressing: C:\Users\Administrator\Documents\projects\SCDossier\dist\SCDossier\_internal\PyQt6\Qt6\translations\qt_help_pl.qm
   Compressing: C:\Users\Administrator\Documents\projects\SCDossier\dist\SCDossier\_internal\PyQt6\Qt6\translations\qt_help_pt_BR.qm
   Compressing: C:\Users\Administrator\Documents\projects\SCDossier\dist\SCDossier\_internal\PyQt6\Qt6\translations\qt_help_ru.qm
   Compressing: C:\Users\Administrator\Documents\projects\SCDossier\dist\SCDossier\_internal\PyQt6\Qt6\translations\qt_help_sk.qm
   Compressing: C:\Users\Administrator\Documents\projects\SCDossier\dist\SCDossier\_internal\PyQt6\Qt6\translations\qt_help_sl.qm
   Compressing: C:\Users\Administrator\Documents\projects\SCDossier\dist\SCDossier\_internal\PyQt6\Qt6\translations\qt_help_sv.qm
   Compressing: C:\Users\Administrator\Documents\projects\SCDossier\dist\SCDossier\_internal\PyQt6\Qt6\translations\qt_help_tr.qm
   Compressing: C:\Users\Administrator\Documents\projects\SCDossier\dist\SCDossier\_internal\PyQt6\Qt6\translations\qt_help_uk.qm
   Compressing: C:\Users\Administrator\Documents\projects\SCDossier\dist\SCDossier\_internal\PyQt6\Qt6\translations\qt_help_zh_CN.qm
   Compressing: C:\Users\Administrator\Documents\projects\SCDossier\dist\SCDossier\_internal\PyQt6\Qt6\translations\qt_help_zh_TW.qm
   Compressing: C:\Users\Administrator\Documents\projects\SCDossier\dist\SCDossier\_internal\PyQt6\Qt6\translations\qt_hr.qm
   Compressing: C:\Users\Administrator\Documents\projects\SCDossier\dist\SCDossier\_internal\PyQt6\Qt6\translations\qt_hu.qm
   Compressing: C:\Users\Administrator\Documents\projects\SCDossier\dist\SCDossier\_internal\PyQt6\Qt6\translations\qt_it.qm
   Compressing: C:\Users\Administrator\Documents\projects\SCDossier\dist\SCDossier\_internal\PyQt6\Qt6\translations\qt_ja.qm
   Compressing: C:\Users\Administrator\Documents\projects\SCDossier\dist\SCDossier\_internal\PyQt6\Qt6\translations\qt_ka.qm
   Compressing: C:\Users\Administrator\Documents\projects\SCDossier\dist\SCDossier\_internal\PyQt6\Qt6\translations\qt_ko.qm
   Compressing: C:\Users\Administrator\Documents\projects\SCDossier\dist\SCDossier\_internal\PyQt6\Qt6\translations\qt_lg.qm
   Compressing: C:\Users\Administrator\Documents\projects\SCDossier\dist\SCDossier\_internal\PyQt6\Qt6\translations\qt_lt.qm
   Compressing: C:\Users\Administrator\Documents\projects\SCDossier\dist\SCDossier\_internal\PyQt6\Qt6\translations\qt_lv.qm
   Compressing: C:\Users\Administrator\Documents\projects\SCDossier\dist\SCDossier\_internal\PyQt6\Qt6\translations\qt_nl.qm
   Compressing: C:\Users\Administrator\Documents\projects\SCDossier\dist\SCDossier\_internal\PyQt6\Qt6\translations\qt_nn.qm
   Compressing: C:\Users\Administrator\Documents\projects\SCDossier\dist\SCDossier\_internal\PyQt6\Qt6\translations\qt_pl.qm
   Compressing: C:\Users\Administrator\Documents\projects\SCDossier\dist\SCDossier\_internal\PyQt6\Qt6\translations\qt_pt_BR.qm
   Compressing: C:\Users\Administrator\Documents\projects\SCDossier\dist\SCDossier\_internal\PyQt6\Qt6\translations\qt_pt_PT.qm
   Compressing: C:\Users\Administrator\Documents\projects\SCDossier\dist\SCDossier\_internal\PyQt6\Qt6\translations\qt_ru.qm
   Compressing: C:\Users\Administrator\Documents\projects\SCDossier\dist\SCDossier\_internal\PyQt6\Qt6\translations\qt_sk.qm
   Compressing: C:\Users\Administrator\Documents\projects\SCDossier\dist\SCDossier\_internal\PyQt6\Qt6\translations\qt_sl.qm
   Compressing: C:\Users\Administrator\Documents\projects\SCDossier\dist\SCDossier\_internal\PyQt6\Qt6\translations\qt_sv.qm
   Compressing: C:\Users\Administrator\Documents\projects\SCDossier\dist\SCDossier\_internal\PyQt6\Qt6\translations\qt_tr.qm
   Compressing: C:\Users\Administrator\Documents\projects\SCDossier\dist\SCDossier\_internal\PyQt6\Qt6\translations\qt_uk.qm
   Compressing: C:\Users\Administrator\Documents\projects\SCDossier\dist\SCDossier\_internal\PyQt6\Qt6\translations\qt_zh_CN.qm
   Compressing: C:\Users\Administrator\Documents\projects\SCDossier\dist\SCDossier\_internal\PyQt6\Qt6\translations\qt_zh_TW.qm
   Compressing: C:\Users\Administrator\Documents\projects\SCDossier\dist\SCDossier\_internal\rapidocr_onnxruntime\config.yaml
   Compressing: C:\Users\Administrator\Documents\projects\SCDossier\dist\SCDossier\_internal\rapidocr_onnxruntime\rapid_ocr_api.py
   Compressing: C:\Users\Administrator\Documents\projects\SCDossier\dist\SCDossier\_internal\rapidocr_onnxruntime\utils.py
   Compressing: C:\Users\Administrator\Documents\projects\SCDossier\dist\SCDossier\_internal\rapidocr_onnxruntime\__init__.py
   Compressing: C:\Users\Administrator\Documents\projects\SCDossier\dist\SCDossier\_internal\rapidocr_onnxruntime\ch_ppocr_v2_cls\config.yaml
   Compressing: C:\Users\Administrator\Documents\projects\SCDossier\dist\SCDossier\_internal\rapidocr_onnxruntime\ch_ppocr_v2_cls\text_cls.py
   Compressing: C:\Users\Administrator\Documents\projects\SCDossier\dist\SCDossier\_internal\rapidocr_onnxruntime\ch_ppocr_v2_cls\utils.py
   Compressing: C:\Users\Administrator\Documents\projects\SCDossier\dist\SCDossier\_internal\rapidocr_onnxruntime\ch_ppocr_v2_cls\__init__.py
   Compressing: C:\Users\Administrator\Documents\projects\SCDossier\dist\SCDossier\_internal\rapidocr_onnxruntime\ch_ppocr_v3_det\config.yaml
   Compressing: C:\Users\Administrator\Documents\projects\SCDossier\dist\SCDossier\_internal\rapidocr_onnxruntime\ch_ppocr_v3_det\text_detect.py
   Compressing: C:\Users\Administrator\Documents\projects\SCDossier\dist\SCDossier\_internal\rapidocr_onnxruntime\ch_ppocr_v3_det\utils.py
   Compressing: C:\Users\Administrator\Documents\projects\SCDossier\dist\SCDossier\_internal\rapidocr_onnxruntime\ch_ppocr_v3_det\__init__.py
   Compressing: C:\Users\Administrator\Documents\projects\SCDossier\dist\SCDossier\_internal\rapidocr_onnxruntime\ch_ppocr_v3_rec\config.yaml
   Compressing: C:\Users\Administrator\Documents\projects\SCDossier\dist\SCDossier\_internal\rapidocr_onnxruntime\ch_ppocr_v3_rec\text_recognize.py
   Compressing: C:\Users\Administrator\Documents\projects\SCDossier\dist\SCDossier\_internal\rapidocr_onnxruntime\ch_ppocr_v3_rec\utils.py
   Compressing: C:\Users\Administrator\Documents\projects\SCDossier\dist\SCDossier\_internal\rapidocr_onnxruntime\ch_ppocr_v3_rec\__init__.py
   Compressing: C:\Users\Administrator\Documents\projects\SCDossier\dist\SCDossier\_internal\rapidocr_onnxruntime\models\ch_PP-OCRv3_det_infer.onnx
   Compressing: C:\Users\Administrator\Documents\projects\SCDossier\dist\SCDossier\_internal\rapidocr_onnxruntime\models\ch_PP-OCRv3_rec_infer.onnx
   Compressing: C:\Users\Administrator\Documents\projects\SCDossier\dist\SCDossier\_internal\rapidocr_onnxruntime\models\ch_ppocr_mobile_v2.0_cls_infer.onnx
   Compressing: C:\Users\Administrator\Documents\projects\SCDossier\dist\SCDossier\_internal\rapidocr_onnxruntime-1.2.3.dist-info\entry_points.txt
   Compressing: C:\Users\Administrator\Documents\projects\SCDossier\dist\SCDossier\_internal\rapidocr_onnxruntime-1.2.3.dist-info\INSTALLER
   Compressing: C:\Users\Administrator\Documents\projects\SCDossier\dist\SCDossier\_internal\rapidocr_onnxruntime-1.2.3.dist-info\METADATA
   Compressing: C:\Users\Administrator\Documents\projects\SCDossier\dist\SCDossier\_internal\rapidocr_onnxruntime-1.2.3.dist-info\RECORD
   Compressing: C:\Users\Administrator\Documents\projects\SCDossier\dist\SCDossier\_internal\rapidocr_onnxruntime-1.2.3.dist-info\REQUESTED
   Compressing: C:\Users\Administrator\Documents\projects\SCDossier\dist\SCDossier\_internal\rapidocr_onnxruntime-1.2.3.dist-info\top_level.txt
   Compressing: C:\Users\Administrator\Documents\projects\SCDossier\dist\SCDossier\_internal\rapidocr_onnxruntime-1.2.3.dist-info\WHEEL
   Compressing: C:\Users\Administrator\Documents\projects\SCDossier\dist\SCDossier\_internal\setuptools\_vendor\importlib_metadata-8.7.1.dist-info\INSTALLER
   Compressing: C:\Users\Administrator\Documents\projects\SCDossier\dist\SCDossier\_internal\setuptools\_vendor\importlib_metadata-8.7.1.dist-info\METADATA
   Compressing: C:\Users\Administrator\Documents\projects\SCDossier\dist\SCDossier\_internal\setuptools\_vendor\importlib_metadata-8.7.1.dist-info\RECORD
   Compressing: C:\Users\Administrator\Documents\projects\SCDossier\dist\SCDossier\_internal\setuptools\_vendor\importlib_metadata-8.7.1.dist-info\REQUESTED
   Compressing: C:\Users\Administrator\Documents\projects\SCDossier\dist\SCDossier\_internal\setuptools\_vendor\importlib_metadata-8.7.1.dist-info\top_level.txt
   Compressing: C:\Users\Administrator\Documents\projects\SCDossier\dist\SCDossier\_internal\setuptools\_vendor\importlib_metadata-8.7.1.dist-info\WHEEL
   Compressing: C:\Users\Administrator\Documents\projects\SCDossier\dist\SCDossier\_internal\setuptools\_vendor\importlib_metadata-8.7.1.dist-info\licenses\LICENSE
   Compressing: C:\Users\Administrator\Documents\projects\SCDossier\dist\SCDossier\_internal\setuptools\_vendor\jaraco\text\Lorem ipsum.txt
   Compressing: C:\Users\Administrator\Documents\projects\SCDossier\dist\SCDossier\_internal\shapely\lib.cp313-win_amd64.pyd
   Compressing: C:\Users\Administrator\Documents\projects\SCDossier\dist\SCDossier\_internal\shapely\_geometry_helpers.cp313-win_amd64.pyd
   Compressing: C:\Users\Administrator\Documents\projects\SCDossier\dist\SCDossier\_internal\shapely\_geos.cp313-win_amd64.pyd
   Compressing: C:\Users\Administrator\Documents\projects\SCDossier\dist\SCDossier\_internal\Shapely.libs\geos-ae6efa0782962b98e358f10ea539ae5f.dll
   Compressing: C:\Users\Administrator\Documents\projects\SCDossier\dist\SCDossier\_internal\Shapely.libs\geos_c-072b7a9224d16d3e4ab2395bb855b2d3.dll
   Compressing: C:\Users\Administrator\Documents\projects\SCDossier\dist\SCDossier\_internal\Shapely.libs\msvcp140-90bc62d4947a5878f1dc1057312f3be2.dll
   Compressing: C:\Users\Administrator\Documents\projects\SCDossier\dist\SCDossier\_internal\src\assets\appicon.ico
   Compressing: C:\Users\Administrator\Documents\projects\SCDossier\dist\SCDossier\_internal\src\assets\appicon.png
   Compressing: C:\Users\Administrator\Documents\projects\SCDossier\dist\SCDossier\_internal\src\assets\social_preview.png
   Compressing: C:\Users\Administrator\Documents\projects\SCDossier\dist\SCDossier\_internal\src\assets\splashlogo.png
   Compressing: C:\Users\Administrator\Documents\projects\SCDossier\dist\SCDossier\_internal\src\assets\__init__.py
   Compressing: C:\Users\Administrator\Documents\projects\SCDossier\dist\SCDossier\_internal\src\assets\buttons\bmc-idle.png
   Compressing: C:\Users\Administrator\Documents\projects\SCDossier\dist\SCDossier\_internal\src\assets\buttons\bmc-onclick.png
   Compressing: C:\Users\Administrator\Documents\projects\SCDossier\dist\SCDossier\_internal\src\assets\buttons\bmc-onhover.png
   Compressing: C:\Users\Administrator\Documents\projects\SCDossier\dist\SCDossier\_internal\src\assets\fonts\Inter-Bold.ttf
   Compressing: C:\Users\Administrator\Documents\projects\SCDossier\dist\SCDossier\_internal\src\assets\fonts\Inter-Medium.ttf
   Compressing: C:\Users\Administrator\Documents\projects\SCDossier\dist\SCDossier\_internal\src\assets\fonts\Inter-Regular.ttf
   Compressing: C:\Users\Administrator\Documents\projects\SCDossier\dist\SCDossier\_internal\src\assets\fonts\Inter-SemiBold.ttf
   Compressing: C:\Users\Administrator\Documents\projects\SCDossier\dist\SCDossier\_internal\src\assets\fonts\JetBrainsMono-Bold.ttf
   Compressing: C:\Users\Administrator\Documents\projects\SCDossier\dist\SCDossier\_internal\src\assets\fonts\JetBrainsMono-Medium.ttf
   Compressing: C:\Users\Administrator\Documents\projects\SCDossier\dist\SCDossier\_internal\src\assets\fonts\JetBrainsMono-Regular.ttf
   Compressing: C:\Users\Administrator\Documents\projects\SCDossier\dist\SCDossier\_internal\src\assets\fonts\Sora-Bold.ttf
   Compressing: C:\Users\Administrator\Documents\projects\SCDossier\dist\SCDossier\_internal\src\assets\fonts\Sora-Medium.ttf
   Compressing: C:\Users\Administrator\Documents\projects\SCDossier\dist\SCDossier\_internal\src\assets\fonts\Sora-Regular.ttf
   Compressing: C:\Users\Administrator\Documents\projects\SCDossier\dist\SCDossier\_internal\src\assets\fonts\Sora-SemiBold.ttf
   Compressing: C:\Users\Administrator\Documents\projects\SCDossier\dist\SCDossier\_internal\src\assets\fonts\__init__.py
   Compressing: C:\Users\Administrator\Documents\projects\SCDossier\dist\SCDossier\_internal\src\assets\fonts\__pycache__\__init__.cpython-312.pyc
   Compressing: C:\Users\Administrator\Documents\projects\SCDossier\dist\SCDossier\_internal\src\assets\icons\capture.svg
   Compressing: C:\Users\Administrator\Documents\projects\SCDossier\dist\SCDossier\_internal\src\assets\icons\expand.svg
   Compressing: C:\Users\Administrator\Documents\projects\SCDossier\dist\SCDossier\_internal\src\assets\icons\hide.svg
   Compressing: C:\Users\Administrator\Documents\projects\SCDossier\dist\SCDossier\_internal\src\assets\icons\pin.svg
   Compressing: C:\Users\Administrator\Documents\projects\SCDossier\dist\SCDossier\_internal\src\assets\icons\tray.svg
   Compressing: C:\Users\Administrator\Documents\projects\SCDossier\dist\SCDossier\_internal\src\assets\icons\__init__.py
   Compressing: C:\Users\Administrator\Documents\projects\SCDossier\dist\SCDossier\_internal\src\assets\icons\brand-icons\sc-icon-battery.svg
   Compressing: C:\Users\Administrator\Documents\projects\SCDossier\dist\SCDossier\_internal\src\assets\icons\brand-icons\sc-icon-brand-acdo.svg
   Compressing: C:\Users\Administrator\Documents\projects\SCDossier\dist\SCDossier\_internal\src\assets\icons\brand-icons\sc-icon-brand-acom.svg
   Compressing: C:\Users\Administrator\Documents\projects\SCDossier\dist\SCDossier\_internal\src\assets\icons\brand-icons\sc-icon-brand-aegs.svg
   Compressing: C:\Users\Administrator\Documents\projects\SCDossier\dist\SCDossier\_internal\src\assets\icons\brand-icons\sc-icon-brand-anvl.svg
   Compressing: C:\Users\Administrator\Documents\projects\SCDossier\dist\SCDossier\_internal\src\assets\icons\brand-icons\sc-icon-brand-arcc.svg
   Compressing: C:\Users\Administrator\Documents\projects\SCDossier\dist\SCDossier\_internal\src\assets\icons\brand-icons\sc-icon-brand-argo.svg
   Compressing: C:\Users\Administrator\Documents\projects\SCDossier\dist\SCDossier\_internal\src\assets\icons\brand-icons\sc-icon-brand-asas.svg
   Compressing: C:\Users\Administrator\Documents\projects\SCDossier\dist\SCDossier\_internal\src\assets\icons\brand-icons\sc-icon-brand-banu.svg
   Compressing: C:\Users\Administrator\Documents\projects\SCDossier\dist\SCDossier\_internal\src\assets\icons\brand-icons\sc-icon-brand-cnou.svg
   Compressing: C:\Users\Administrator\Documents\projects\SCDossier\dist\SCDossier\_internal\src\assets\icons\brand-icons\sc-icon-brand-crlf.svg
   Compressing: C:\Users\Administrator\Documents\projects\SCDossier\dist\SCDossier\_internal\src\assets\icons\brand-icons\sc-icon-brand-crus.svg
   Compressing: C:\Users\Administrator\Documents\projects\SCDossier\dist\SCDossier\_internal\src\assets\icons\brand-icons\sc-icon-brand-drak.svg
   Compressing: C:\Users\Administrator\Documents\projects\SCDossier\dist\SCDossier\_internal\src\assets\icons\brand-icons\sc-icon-brand-espr.svg
   Compressing: C:\Users\Administrator\Documents\projects\SCDossier\dist\SCDossier\_internal\src\assets\icons\brand-icons\sc-icon-brand-gama.svg
   Compressing: C:\Users\Administrator\Documents\projects\SCDossier\dist\SCDossier\_internal\src\assets\icons\brand-icons\sc-icon-brand-glsn.svg
   Compressing: C:\Users\Administrator\Documents\projects\SCDossier\dist\SCDossier\_internal\src\assets\icons\brand-icons\sc-icon-brand-grin.svg
   Compressing: C:\Users\Administrator\Documents\projects\SCDossier\dist\SCDossier\_internal\src\assets\icons\brand-icons\sc-icon-brand-hrst.svg
   Compressing: C:\Users\Administrator\Documents\projects\SCDossier\dist\SCDossier\_internal\src\assets\icons\brand-icons\sc-icon-brand-krig.svg
   Compressing: C:\Users\Administrator\Documents\projects\SCDossier\dist\SCDossier\_internal\src\assets\icons\brand-icons\sc-icon-brand-misc.svg
   Compressing: C:\Users\Administrator\Documents\projects\SCDossier\dist\SCDossier\_internal\src\assets\icons\brand-icons\sc-icon-brand-mite.svg
   Compressing: C:\Users\Administrator\Documents\projects\SCDossier\dist\SCDossier\_internal\src\assets\icons\brand-icons\sc-icon-brand-mrai.svg
   Compressing: C:\Users\Administrator\Documents\projects\SCDossier\dist\SCDossier\_internal\src\assets\icons\brand-icons\sc-icon-brand-nvy.svg
   Compressing: C:\Users\Administrator\Documents\projects\SCDossier\dist\SCDossier\_internal\src\assets\icons\brand-icons\sc-icon-brand-orig.svg
   Compressing: C:\Users\Administrator\Documents\projects\SCDossier\dist\SCDossier\_internal\src\assets\icons\brand-icons\sc-icon-brand-rsi.svg
   Compressing: C:\Users\Administrator\Documents\projects\SCDossier\dist\SCDossier\_internal\src\assets\icons\brand-icons\sc-icon-brand-shin.svg
   Compressing: C:\Users\Administrator\Documents\projects\SCDossier\dist\SCDossier\_internal\src\assets\icons\brand-icons\sc-icon-brand-tmbl.svg
   Compressing: C:\Users\Administrator\Documents\projects\SCDossier\dist\SCDossier\_internal\src\assets\icons\brand-icons\sc-icon-brand-uee.svg
   Compressing: C:\Users\Administrator\Documents\projects\SCDossier\dist\SCDossier\_internal\src\assets\icons\brand-icons\sc-icon-brand-vncl.svg
   Compressing: C:\Users\Administrator\Documents\projects\SCDossier\dist\SCDossier\_internal\src\assets\icons\brand-icons\sc-icon-brand-xnaa.svg
   Compressing: C:\Users\Administrator\Documents\projects\SCDossier\dist\SCDossier\_internal\src\assets\icons\brand-icons\sc-icon-cargogrid.svg
   Compressing: C:\Users\Administrator\Documents\projects\SCDossier\dist\SCDossier\_internal\src\assets\icons\brand-icons\sc-icon-computer.svg
   Compressing: C:\Users\Administrator\Documents\projects\SCDossier\dist\SCDossier\_internal\src\assets\icons\brand-icons\sc-icon-container.svg
   Compressing: C:\Users\Administrator\Documents\projects\SCDossier\dist\SCDossier\_internal\src\assets\icons\brand-icons\sc-icon-cooler.svg
   Compressing: C:\Users\Administrator\Documents\projects\SCDossier\dist\SCDossier\_internal\src\assets\icons\brand-icons\sc-icon-crosssection.svg
   Compressing: C:\Users\Administrator\Documents\projects\SCDossier\dist\SCDossier\_internal\src\assets\icons\brand-icons\sc-icon-door.svg
   Compressing: C:\Users\Administrator\Documents\projects\SCDossier\dist\SCDossier\_internal\src\assets\icons\brand-icons\sc-icon-electromagnetic.svg
   Compressing: C:\Users\Administrator\Documents\projects\SCDossier\dist\SCDossier\_internal\src\assets\icons\brand-icons\sc-icon-emp.svg
   Compressing: C:\Users\Administrator\Documents\projects\SCDossier\dist\SCDossier\_internal\src\assets\icons\brand-icons\sc-icon-fireextinguisher.svg
   Compressing: C:\Users\Administrator\Documents\projects\SCDossier\dist\SCDossier\_internal\src\assets\icons\brand-icons\sc-icon-fuelintake.svg
   Compressing: C:\Users\Administrator\Documents\projects\SCDossier\dist\SCDossier\_internal\src\assets\icons\brand-icons\sc-icon-fuelnozzle.svg
   Compressing: C:\Users\Administrator\Documents\projects\SCDossier\dist\SCDossier\_internal\src\assets\icons\brand-icons\sc-icon-fueltank.svg
   Compressing: C:\Users\Administrator\Documents\projects\SCDossier\dist\SCDossier\_internal\src\assets\icons\brand-icons\sc-icon-gravitygenerator.svg
   Compressing: C:\Users\Administrator\Documents\projects\SCDossier\dist\SCDossier\_internal\src\assets\icons\brand-icons\sc-icon-infrared.svg
   Compressing: C:\Users\Administrator\Documents\projects\SCDossier\dist\SCDossier\_internal\src\assets\icons\brand-icons\sc-icon-jumpdrive.svg
   Compressing: C:\Users\Administrator\Documents\projects\SCDossier\dist\SCDossier\_internal\src\assets\icons\brand-icons\sc-icon-lifesupport.svg
   Compressing: C:\Users\Administrator\Documents\projects\SCDossier\dist\SCDossier\_internal\src\assets\icons\brand-icons\sc-icon-mainthruster.svg
   Compressing: C:\Users\Administrator\Documents\projects\SCDossier\dist\SCDossier\_internal\src\assets\icons\brand-icons\sc-icon-maneuveringthruster.svg
   Compressing: C:\Users\Administrator\Documents\projects\SCDossier\dist\SCDossier\_internal\src\assets\icons\brand-icons\sc-icon-mininglaser.svg
   Compressing: C:\Users\Administrator\Documents\projects\SCDossier\dist\SCDossier\_internal\src\assets\icons\brand-icons\sc-icon-missile.svg
   Compressing: C:\Users\Administrator\Documents\projects\SCDossier\dist\SCDossier\_internal\src\assets\icons\brand-icons\sc-icon-missilerack.svg
   Compressing: C:\Users\Administrator\Documents\projects\SCDossier\dist\SCDossier\_internal\src\assets\icons\brand-icons\sc-icon-pistol-coda.svg
   Compressing: C:\Users\Administrator\Documents\projects\SCDossier\dist\SCDossier\_internal\src\assets\icons\brand-icons\sc-icon-pistol-s38.svg
   Compressing: C:\Users\Administrator\Documents\projects\SCDossier\dist\SCDossier\_internal\src\assets\icons\brand-icons\sc-icon-powerplant.svg
   Compressing: C:\Users\Administrator\Documents\projects\SCDossier\dist\SCDossier\_internal\src\assets\icons\brand-icons\sc-icon-qed.svg
   Compressing: C:\Users\Administrator\Documents\projects\SCDossier\dist\SCDossier\_internal\src\assets\icons\brand-icons\sc-icon-quantumdrive.svg
   Compressing: C:\Users\Administrator\Documents\projects\SCDossier\dist\SCDossier\_internal\src\assets\icons\brand-icons\sc-icon-quantumfueltank.svg
   Compressing: C:\Users\Administrator\Documents\projects\SCDossier\dist\SCDossier\_internal\src\assets\icons\brand-icons\sc-icon-radar.svg
   Compressing: C:\Users\Administrator\Documents\projects\SCDossier\dist\SCDossier\_internal\src\assets\icons\brand-icons\sc-icon-rifle-karna.svg
   Compressing: C:\Users\Administrator\Documents\projects\SCDossier\dist\SCDossier\_internal\src\assets\icons\brand-icons\sc-icon-rifle-p8ar.svg
   Compressing: C:\Users\Administrator\Documents\projects\SCDossier\dist\SCDossier\_internal\src\assets\icons\brand-icons\sc-icon-scanner.svg
   Compressing: C:\Users\Administrator\Documents\projects\SCDossier\dist\SCDossier\_internal\src\assets\icons\brand-icons\sc-icon-selfdestruct.svg
   Compressing: C:\Users\Administrator\Documents\projects\SCDossier\dist\SCDossier\_internal\src\assets\icons\brand-icons\sc-icon-shieldgenerator.svg
   Compressing: C:\Users\Administrator\Documents\projects\SCDossier\dist\SCDossier\_internal\src\assets\icons\brand-icons\sc-icon-sniperrifle-scalpel.svg
   Compressing: C:\Users\Administrator\Documents\projects\SCDossier\dist\SCDossier\_internal\src\assets\icons\brand-icons\sc-icon-tractorbeam.svg
   Compressing: C:\Users\Administrator\Documents\projects\SCDossier\dist\SCDossier\_internal\src\assets\icons\brand-icons\sc-icon-turret.svg
   Compressing: C:\Users\Administrator\Documents\projects\SCDossier\dist\SCDossier\_internal\src\assets\icons\brand-icons\sc-icon-uec.svg
   Compressing: C:\Users\Administrator\Documents\projects\SCDossier\dist\SCDossier\_internal\src\assets\icons\brand-icons\sc-icon-utility.svg
   Compressing: C:\Users\Administrator\Documents\projects\SCDossier\dist\SCDossier\_internal\src\assets\icons\brand-icons\sc-icon-weapon.svg
   Compressing: C:\Users\Administrator\Documents\projects\SCDossier\dist\SCDossier\_internal\src\assets\icons\brand-icons\sc-icon-weaponbarrel.svg
   Compressing: C:\Users\Administrator\Documents\projects\SCDossier\dist\SCDossier\_internal\src\assets\icons\brand-icons\sc-icon-weaponoptic.svg
   Compressing: C:\Users\Administrator\Documents\projects\SCDossier\dist\SCDossier\_internal\src\assets\icons\brand-icons\sc-icon-weaponunderbarrel.svg
   Compressing: C:\Users\Administrator\Documents\projects\SCDossier\dist\SCDossier\_internal\src\assets\icons\Icons\!.png
   Compressing: C:\Users\Administrator\Documents\projects\SCDossier\dist\SCDossier\_internal\src\assets\icons\Icons\+.png
   Compressing: C:\Users\Administrator\Documents\projects\SCDossier\dist\SCDossier\_internal\src\assets\icons\Icons\-.png
   Compressing: C:\Users\Administrator\Documents\projects\SCDossier\dist\SCDossier\_internal\src\assets\icons\Icons\AUDIO.png
   Compressing: C:\Users\Administrator\Documents\projects\SCDossier\dist\SCDossier\_internal\src\assets\icons\Icons\AUDIO_END.png
   Compressing: C:\Users\Administrator\Documents\projects\SCDossier\dist\SCDossier\_internal\src\assets\icons\Icons\AUTO_TARGET.png
   Compressing: C:\Users\Administrator\Documents\projects\SCDossier\dist\SCDossier\_internal\src\assets\icons\Icons\Backpack.png
   Compressing: C:\Users\Administrator\Documents\projects\SCDossier\dist\SCDossier\_internal\src\assets\icons\Icons\BALLISTICS.png
   Compressing: C:\Users\Administrator\Documents\projects\SCDossier\dist\SCDossier\_internal\src\assets\icons\Icons\Battery.png
   Compressing: C:\Users\Administrator\Documents\projects\SCDossier\dist\SCDossier\_internal\src\assets\icons\Icons\BEAM.png
   Compressing: C:\Users\Administrator\Documents\projects\SCDossier\dist\SCDossier\_internal\src\assets\icons\Icons\BULLET.png
   Compressing: C:\Users\Administrator\Documents\projects\SCDossier\dist\SCDossier\_internal\src\assets\icons\Icons\CAMERA.png
   Compressing: C:\Users\Administrator\Documents\projects\SCDossier\dist\SCDossier\_internal\src\assets\icons\Icons\CargoBay.png
   Compressing: C:\Users\Administrator\Documents\projects\SCDossier\dist\SCDossier\_internal\src\assets\icons\Icons\Caution.png
   Compressing: C:\Users\Administrator\Documents\projects\SCDossier\dist\SCDossier\_internal\src\assets\icons\Icons\Caution_Bars.png
   Compressing: C:\Users\Administrator\Documents\projects\SCDossier\dist\SCDossier\_internal\src\assets\icons\Icons\Close.png
   Compressing: C:\Users\Administrator\Documents\projects\SCDossier\dist\SCDossier\_internal\src\assets\icons\Icons\COMMS.png
   Compressing: C:\Users\Administrator\Documents\projects\SCDossier\dist\SCDossier\_internal\src\assets\icons\Icons\COOL.png
   Compressing: C:\Users\Administrator\Documents\projects\SCDossier\dist\SCDossier\_internal\src\assets\icons\Icons\CS.png
   Compressing: C:\Users\Administrator\Documents\projects\SCDossier\dist\SCDossier\_internal\src\assets\icons\Icons\DOWN.png
   Compressing: C:\Users\Administrator\Documents\projects\SCDossier\dist\SCDossier\_internal\src\assets\icons\Icons\ELEVATOR.png
   Compressing: C:\Users\Administrator\Documents\projects\SCDossier\dist\SCDossier\_internal\src\assets\icons\Icons\EM.png
   Compressing: C:\Users\Administrator\Documents\projects\SCDossier\dist\SCDossier\_internal\src\assets\icons\Icons\ENERGY.png
   Compressing: C:\Users\Administrator\Documents\projects\SCDossier\dist\SCDossier\_internal\src\assets\icons\Icons\EXIT.png
   Compressing: C:\Users\Administrator\Documents\projects\SCDossier\dist\SCDossier\_internal\src\assets\icons\Icons\FIREMODE_1.png
   Compressing: C:\Users\Administrator\Documents\projects\SCDossier\dist\SCDossier\_internal\src\assets\icons\Icons\FIREMODE_2.png
   Compressing: C:\Users\Administrator\Documents\projects\SCDossier\dist\SCDossier\_internal\src\assets\icons\Icons\FIREMODE_3.png
   Compressing: C:\Users\Administrator\Documents\projects\SCDossier\dist\SCDossier\_internal\src\assets\icons\Icons\FOIP.png
   Compressing: C:\Users\Administrator\Documents\projects\SCDossier\dist\SCDossier\_internal\src\assets\icons\Icons\GEAR.png
   Compressing: C:\Users\Administrator\Documents\projects\SCDossier\dist\SCDossier\_internal\src\assets\icons\Icons\GRENADE.png
   Compressing: C:\Users\Administrator\Documents\projects\SCDossier\dist\SCDossier\_internal\src\assets\icons\Icons\HEALTH.png
   Compressing: C:\Users\Administrator\Documents\projects\SCDossier\dist\SCDossier\_internal\src\assets\icons\Icons\HEALTH_2.png
   Compressing: C:\Users\Administrator\Documents\projects\SCDossier\dist\SCDossier\_internal\src\assets\icons\Icons\HEART.png
   Compressing: C:\Users\Administrator\Documents\projects\SCDossier\dist\SCDossier\_internal\src\assets\icons\Icons\HIGH_VOLTAGE.png
   Compressing: C:\Users\Administrator\Documents\projects\SCDossier\dist\SCDossier\_internal\src\assets\icons\Icons\HOME.png
   Compressing: C:\Users\Administrator\Documents\projects\SCDossier\dist\SCDossier\_internal\src\assets\icons\Icons\Hydrogen.png
   Compressing: C:\Users\Administrator\Documents\projects\SCDossier\dist\SCDossier\_internal\src\assets\icons\Icons\i.png
   Compressing: C:\Users\Administrator\Documents\projects\SCDossier\dist\SCDossier\_internal\src\assets\icons\Icons\INV.png
   Compressing: C:\Users\Administrator\Documents\projects\SCDossier\dist\SCDossier\_internal\src\assets\icons\Icons\IR.png
   Compressing: C:\Users\Administrator\Documents\projects\SCDossier\dist\SCDossier\_internal\src\assets\icons\Icons\JOURNAL.png
   Compressing: C:\Users\Administrator\Documents\projects\SCDossier\dist\SCDossier\_internal\src\assets\icons\Icons\LAW.png
   Compressing: C:\Users\Administrator\Documents\projects\SCDossier\dist\SCDossier\_internal\src\assets\icons\Icons\LEFT.png
   Compressing: C:\Users\Administrator\Documents\projects\SCDossier\dist\SCDossier\_internal\src\assets\icons\Icons\Lights.png
   Compressing: C:\Users\Administrator\Documents\projects\SCDossier\dist\SCDossier\_internal\src\assets\icons\Icons\LOCK.png
   Compressing: C:\Users\Administrator\Documents\projects\SCDossier\dist\SCDossier\_internal\src\assets\icons\Icons\Mag.png
   Compressing: C:\Users\Administrator\Documents\projects\SCDossier\dist\SCDossier\_internal\src\assets\icons\Icons\Mag_Repack.png
   Compressing: C:\Users\Administrator\Documents\projects\SCDossier\dist\SCDossier\_internal\src\assets\icons\Icons\MAPS.png
   Compressing: C:\Users\Administrator\Documents\projects\SCDossier\dist\SCDossier\_internal\src\assets\icons\Icons\MED.png
   Compressing: C:\Users\Administrator\Documents\projects\SCDossier\dist\SCDossier\_internal\src\assets\icons\Icons\MediPen.png
   Compressing: C:\Users\Administrator\Documents\projects\SCDossier\dist\SCDossier\_internal\src\assets\icons\Icons\Microphone.png
   Compressing: C:\Users\Administrator\Documents\projects\SCDossier\dist\SCDossier\_internal\src\assets\icons\Icons\Microphone_Mute.png
   Compressing: C:\Users\Administrator\Documents\projects\SCDossier\dist\SCDossier\_internal\src\assets\icons\Icons\MOBIGLAS.png
   Compressing: C:\Users\Administrator\Documents\projects\SCDossier\dist\SCDossier\_internal\src\assets\icons\Icons\NAV.png
   Compressing: C:\Users\Administrator\Documents\projects\SCDossier\dist\SCDossier\_internal\src\assets\icons\Icons\No_Access.png
   Compressing: C:\Users\Administrator\Documents\projects\SCDossier\dist\SCDossier\_internal\src\assets\icons\Icons\OUTPUT.png
   Compressing: C:\Users\Administrator\Documents\projects\SCDossier\dist\SCDossier\_internal\src\assets\icons\Icons\PHOTO.png
   Compressing: C:\Users\Administrator\Documents\projects\SCDossier\dist\SCDossier\_internal\src\assets\icons\Icons\PING.png
   Compressing: C:\Users\Administrator\Documents\projects\SCDossier\dist\SCDossier\_internal\src\assets\icons\Icons\Quantum.png
   Compressing: C:\Users\Administrator\Documents\projects\SCDossier\dist\SCDossier\_internal\src\assets\icons\Icons\RECORD.png
   Compressing: C:\Users\Administrator\Documents\projects\SCDossier\dist\SCDossier\_internal\src\assets\icons\Icons\Refresh.png
   Compressing: C:\Users\Administrator\Documents\projects\SCDossier\dist\SCDossier\_internal\src\assets\icons\Icons\Return.png
   Compressing: C:\Users\Administrator\Documents\projects\SCDossier\dist\SCDossier\_internal\src\assets\icons\Icons\RIGHT.png
   Compressing: C:\Users\Administrator\Documents\projects\SCDossier\dist\SCDossier\_internal\src\assets\icons\Icons\SCM_GUN.png
   Compressing: C:\Users\Administrator\Documents\projects\SCDossier\dist\SCDossier\_internal\src\assets\icons\Icons\SCM_MSL.png
   Compressing: C:\Users\Administrator\Documents\projects\SCDossier\dist\SCDossier\_internal\src\assets\icons\Icons\SCM_SCN.png
   Compressing: C:\Users\Administrator\Documents\projects\SCDossier\dist\SCDossier\_internal\src\assets\icons\Icons\SHILDS_+.png
   Compressing: C:\Users\Administrator\Documents\projects\SCDossier\dist\SCDossier\_internal\src\assets\icons\Icons\SHILDS_MIDDLE.png
   Compressing: C:\Users\Administrator\Documents\projects\SCDossier\dist\SCDossier\_internal\src\assets\icons\Icons\SHIP.png
   Compressing: C:\Users\Administrator\Documents\projects\SCDossier\dist\SCDossier\_internal\src\assets\icons\Icons\SHLD.png
   Compressing: C:\Users\Administrator\Documents\projects\SCDossier\dist\SCDossier\_internal\src\assets\icons\Icons\SHLD_SYSTEM.png
   Compressing: C:\Users\Administrator\Documents\projects\SCDossier\dist\SCDossier\_internal\src\assets\icons\Icons\SIGNEL.png
   Compressing: C:\Users\Administrator\Documents\projects\SCDossier\dist\SCDossier\_internal\src\assets\icons\Icons\Systems_QTM.png
   Compressing: C:\Users\Administrator\Documents\projects\SCDossier\dist\SCDossier\_internal\src\assets\icons\Icons\TARGET_LOCK.png
   Compressing: C:\Users\Administrator\Documents\projects\SCDossier\dist\SCDossier\_internal\src\assets\icons\Icons\THR.png
   Compressing: C:\Users\Administrator\Documents\projects\SCDossier\dist\SCDossier\_internal\src\assets\icons\Icons\Thruster.png
   Compressing: C:\Users\Administrator\Documents\projects\SCDossier\dist\SCDossier\_internal\src\assets\icons\Icons\Thruster_VTOL.png
   Compressing: C:\Users\Administrator\Documents\projects\SCDossier\dist\SCDossier\_internal\src\assets\icons\Icons\Tick.png
   Compressing: C:\Users\Administrator\Documents\projects\SCDossier\dist\SCDossier\_internal\src\assets\icons\Icons\Tractor_Beam.png
   Compressing: C:\Users\Administrator\Documents\projects\SCDossier\dist\SCDossier\_internal\src\assets\icons\Icons\UEC.png
   Compressing: C:\Users\Administrator\Documents\projects\SCDossier\dist\SCDossier\_internal\src\assets\icons\Icons\UNLOCK.png
   Compressing: C:\Users\Administrator\Documents\projects\SCDossier\dist\SCDossier\_internal\src\assets\icons\Icons\UP.png
   Compressing: C:\Users\Administrator\Documents\projects\SCDossier\dist\SCDossier\_internal\src\assets\icons\Icons\USER.png
   Compressing: C:\Users\Administrator\Documents\projects\SCDossier\dist\SCDossier\_internal\src\assets\icons\Icons\VEHICLE BAY.png
   Compressing: C:\Users\Administrator\Documents\projects\SCDossier\dist\SCDossier\_internal\src\assets\icons\Icons\WATCH.png
   Compressing: C:\Users\Administrator\Documents\projects\SCDossier\dist\SCDossier\_internal\src\assets\icons\Icons\WPN.png
   Compressing: C:\Users\Administrator\Documents\projects\SCDossier\dist\SCDossier\_internal\src\assets\icons\Icons\anvil\+.png
   Compressing: C:\Users\Administrator\Documents\projects\SCDossier\dist\SCDossier\_internal\src\assets\icons\Icons\anvil\-.png
   Compressing: C:\Users\Administrator\Documents\projects\SCDossier\dist\SCDossier\_internal\src\assets\icons\Icons\anvil\0.png
   Compressing: C:\Users\Administrator\Documents\projects\SCDossier\dist\SCDossier\_internal\src\assets\icons\Icons\anvil\1.png
   Compressing: C:\Users\Administrator\Documents\projects\SCDossier\dist\SCDossier\_internal\src\assets\icons\Icons\anvil\2.png
   Compressing: C:\Users\Administrator\Documents\projects\SCDossier\dist\SCDossier\_internal\src\assets\icons\Icons\anvil\3.png
   Compressing: C:\Users\Administrator\Documents\projects\SCDossier\dist\SCDossier\_internal\src\assets\icons\Icons\anvil\4.png
   Compressing: C:\Users\Administrator\Documents\projects\SCDossier\dist\SCDossier\_internal\src\assets\icons\Icons\anvil\5.png
   Compressing: C:\Users\Administrator\Documents\projects\SCDossier\dist\SCDossier\_internal\src\assets\icons\Icons\anvil\6.png
   Compressing: C:\Users\Administrator\Documents\projects\SCDossier\dist\SCDossier\_internal\src\assets\icons\Icons\anvil\7.png
   Compressing: C:\Users\Administrator\Documents\projects\SCDossier\dist\SCDossier\_internal\src\assets\icons\Icons\anvil\8.png
   Compressing: C:\Users\Administrator\Documents\projects\SCDossier\dist\SCDossier\_internal\src\assets\icons\Icons\anvil\9.png
   Compressing: C:\Users\Administrator\Documents\projects\SCDossier\dist\SCDossier\_internal\src\assets\icons\Icons\anvil\Ammo.png
   Compressing: C:\Users\Administrator\Documents\projects\SCDossier\dist\SCDossier\_internal\src\assets\icons\Icons\anvil\Ammo_Repack.png
   Compressing: C:\Users\Administrator\Documents\projects\SCDossier\dist\SCDossier\_internal\src\assets\icons\Icons\anvil\Arrow_Down.png
   Compressing: C:\Users\Administrator\Documents\projects\SCDossier\dist\SCDossier\_internal\src\assets\icons\Icons\anvil\Arrow_Left.png
   Compressing: C:\Users\Administrator\Documents\projects\SCDossier\dist\SCDossier\_internal\src\assets\icons\Icons\anvil\Arrow_Right.png
   Compressing: C:\Users\Administrator\Documents\projects\SCDossier\dist\SCDossier\_internal\src\assets\icons\Icons\anvil\Arrow_Up.png
   Compressing: C:\Users\Administrator\Documents\projects\SCDossier\dist\SCDossier\_internal\src\assets\icons\Icons\anvil\ATC_Text.png
   Compressing: C:\Users\Administrator\Documents\projects\SCDossier\dist\SCDossier\_internal\src\assets\icons\Icons\anvil\Attention.png
   Compressing: C:\Users\Administrator\Documents\projects\SCDossier\dist\SCDossier\_internal\src\assets\icons\Icons\anvil\Backpack.png
   Compressing: C:\Users\Administrator\Documents\projects\SCDossier\dist\SCDossier\_internal\src\assets\icons\Icons\anvil\Ballistics.png
   Compressing: C:\Users\Administrator\Documents\projects\SCDossier\dist\SCDossier\_internal\src\assets\icons\Icons\anvil\Battery.png
   Compressing: C:\Users\Administrator\Documents\projects\SCDossier\dist\SCDossier\_internal\src\assets\icons\Icons\anvil\Beam.png
   Compressing: C:\Users\Administrator\Documents\projects\SCDossier\dist\SCDossier\_internal\src\assets\icons\Icons\anvil\Bullet.png
   Compressing: C:\Users\Administrator\Documents\projects\SCDossier\dist\SCDossier\_internal\src\assets\icons\Icons\anvil\Button.png
   Compressing: C:\Users\Administrator\Documents\projects\SCDossier\dist\SCDossier\_internal\src\assets\icons\Icons\anvil\Button_Frame.png
   Compressing: C:\Users\Administrator\Documents\projects\SCDossier\dist\SCDossier\_internal\src\assets\icons\Icons\anvil\Call.png
   Compressing: C:\Users\Administrator\Documents\projects\SCDossier\dist\SCDossier\_internal\src\assets\icons\Icons\anvil\Camera.png
   Compressing: C:\Users\Administrator\Documents\projects\SCDossier\dist\SCDossier\_internal\src\assets\icons\Icons\anvil\Cargo Bay.png
   Compressing: C:\Users\Administrator\Documents\projects\SCDossier\dist\SCDossier\_internal\src\assets\icons\Icons\anvil\Caution.png
   Compressing: C:\Users\Administrator\Documents\projects\SCDossier\dist\SCDossier\_internal\src\assets\icons\Icons\anvil\Caution_Bars.png
   Compressing: C:\Users\Administrator\Documents\projects\SCDossier\dist\SCDossier\_internal\src\assets\icons\Icons\anvil\Close.png
   Compressing: C:\Users\Administrator\Documents\projects\SCDossier\dist\SCDossier\_internal\src\assets\icons\Icons\anvil\CLOSE_Text.png
   Compressing: C:\Users\Administrator\Documents\projects\SCDossier\dist\SCDossier\_internal\src\assets\icons\Icons\anvil\Comms.png
   Compressing: C:\Users\Administrator\Documents\projects\SCDossier\dist\SCDossier\_internal\src\assets\icons\Icons\anvil\COOL_Text.png
   Compressing: C:\Users\Administrator\Documents\projects\SCDossier\dist\SCDossier\_internal\src\assets\icons\Icons\anvil\CPLD_Text.png
   Compressing: C:\Users\Administrator\Documents\projects\SCDossier\dist\SCDossier\_internal\src\assets\icons\Icons\anvil\EJECT_Text.png
   Compressing: C:\Users\Administrator\Documents\projects\SCDossier\dist\SCDossier\_internal\src\assets\icons\Icons\anvil\Elevator.png
   Compressing: C:\Users\Administrator\Documents\projects\SCDossier\dist\SCDossier\_internal\src\assets\icons\Icons\anvil\End Call.png
   Compressing: C:\Users\Administrator\Documents\projects\SCDossier\dist\SCDossier\_internal\src\assets\icons\Icons\anvil\Energy.png
   Compressing: C:\Users\Administrator\Documents\projects\SCDossier\dist\SCDossier\_internal\src\assets\icons\Icons\anvil\ESP_Text.png
   Compressing: C:\Users\Administrator\Documents\projects\SCDossier\dist\SCDossier\_internal\src\assets\icons\Icons\anvil\Exit.png
   Compressing: C:\Users\Administrator\Documents\projects\SCDossier\dist\SCDossier\_internal\src\assets\icons\Icons\anvil\EXTEND_Text.png
   Compressing: C:\Users\Administrator\Documents\projects\SCDossier\dist\SCDossier\_internal\src\assets\icons\Icons\anvil\FiringMode_1.png
   Compressing: C:\Users\Administrator\Documents\projects\SCDossier\dist\SCDossier\_internal\src\assets\icons\Icons\anvil\FiringMode_2.png
   Compressing: C:\Users\Administrator\Documents\projects\SCDossier\dist\SCDossier\_internal\src\assets\icons\Icons\anvil\FiringMode_3.png
   Compressing: C:\Users\Administrator\Documents\projects\SCDossier\dist\SCDossier\_internal\src\assets\icons\Icons\anvil\FOIP.png
   Compressing: C:\Users\Administrator\Documents\projects\SCDossier\dist\SCDossier\_internal\src\assets\icons\Icons\anvil\GEAR_Text.png
   Compressing: C:\Users\Administrator\Documents\projects\SCDossier\dist\SCDossier\_internal\src\assets\icons\Icons\anvil\Grenade.png
   Compressing: C:\Users\Administrator\Documents\projects\SCDossier\dist\SCDossier\_internal\src\assets\icons\Icons\anvil\GSAF_Text.png
   Compressing: C:\Users\Administrator\Documents\projects\SCDossier\dist\SCDossier\_internal\src\assets\icons\Icons\anvil\Health_1.png
   Compressing: C:\Users\Administrator\Documents\projects\SCDossier\dist\SCDossier\_internal\src\assets\icons\Icons\anvil\Health_2.png
   Compressing: C:\Users\Administrator\Documents\projects\SCDossier\dist\SCDossier\_internal\src\assets\icons\Icons\anvil\Health_3.png
   Compressing: C:\Users\Administrator\Documents\projects\SCDossier\dist\SCDossier\_internal\src\assets\icons\Icons\anvil\Heart.png
   Compressing: C:\Users\Administrator\Documents\projects\SCDossier\dist\SCDossier\_internal\src\assets\icons\Icons\anvil\High Voltage.png
   Compressing: C:\Users\Administrator\Documents\projects\SCDossier\dist\SCDossier\_internal\src\assets\icons\Icons\anvil\HIT_Text.png
   Compressing: C:\Users\Administrator\Documents\projects\SCDossier\dist\SCDossier\_internal\src\assets\icons\Icons\anvil\Home.png
   Compressing: C:\Users\Administrator\Documents\projects\SCDossier\dist\SCDossier\_internal\src\assets\icons\Icons\anvil\Hydrogen.png
   Compressing: C:\Users\Administrator\Documents\projects\SCDossier\dist\SCDossier\_internal\src\assets\icons\Icons\anvil\Info.png
   Compressing: C:\Users\Administrator\Documents\projects\SCDossier\dist\SCDossier\_internal\src\assets\icons\Icons\anvil\Inventory.png
   Compressing: C:\Users\Administrator\Documents\projects\SCDossier\dist\SCDossier\_internal\src\assets\icons\Icons\anvil\JETT_Text.png
   Compressing: C:\Users\Administrator\Documents\projects\SCDossier\dist\SCDossier\_internal\src\assets\icons\Icons\anvil\Journal.png
   Compressing: C:\Users\Administrator\Documents\projects\SCDossier\dist\SCDossier\_internal\src\assets\icons\Icons\anvil\Landing Gear.png
   Compressing: C:\Users\Administrator\Documents\projects\SCDossier\dist\SCDossier\_internal\src\assets\icons\Icons\anvil\Law.png
   Compressing: C:\Users\Administrator\Documents\projects\SCDossier\dist\SCDossier\_internal\src\assets\icons\Icons\anvil\Lights.png
   Compressing: C:\Users\Administrator\Documents\projects\SCDossier\dist\SCDossier\_internal\src\assets\icons\Icons\anvil\Lock.png
   Compressing: C:\Users\Administrator\Documents\projects\SCDossier\dist\SCDossier\_internal\src\assets\icons\Icons\anvil\MediPen.png
   Compressing: C:\Users\Administrator\Documents\projects\SCDossier\dist\SCDossier\_internal\src\assets\icons\Icons\anvil\Microphone.png
   Compressing: C:\Users\Administrator\Documents\projects\SCDossier\dist\SCDossier\_internal\src\assets\icons\Icons\anvil\Microphone_Mute.png
   Compressing: C:\Users\Administrator\Documents\projects\SCDossier\dist\SCDossier\_internal\src\assets\icons\Icons\anvil\MISL_Text.png
   Compressing: C:\Users\Administrator\Documents\projects\SCDossier\dist\SCDossier\_internal\src\assets\icons\Icons\anvil\MobiGlas.png
   Compressing: C:\Users\Administrator\Documents\projects\SCDossier\dist\SCDossier\_internal\src\assets\icons\Icons\anvil\NAV & SCM_SCN.png
   Compressing: C:\Users\Administrator\Documents\projects\SCDossier\dist\SCDossier\_internal\src\assets\icons\Icons\anvil\NAV_FLT.png
   Compressing: C:\Users\Administrator\Documents\projects\SCDossier\dist\SCDossier\_internal\src\assets\icons\Icons\anvil\NAV_QT.png
   Compressing: C:\Users\Administrator\Documents\projects\SCDossier\dist\SCDossier\_internal\src\assets\icons\Icons\anvil\NAV_Text.png
   Compressing: C:\Users\Administrator\Documents\projects\SCDossier\dist\SCDossier\_internal\src\assets\icons\Icons\anvil\No Access.png
   Compressing: C:\Users\Administrator\Documents\projects\SCDossier\dist\SCDossier\_internal\src\assets\icons\Icons\anvil\NO_Text.png
   Compressing: C:\Users\Administrator\Documents\projects\SCDossier\dist\SCDossier\_internal\src\assets\icons\Icons\anvil\OK_Text.png
   Compressing: C:\Users\Administrator\Documents\projects\SCDossier\dist\SCDossier\_internal\src\assets\icons\Icons\anvil\OPEN-CLOSE_Text.png
   Compressing: C:\Users\Administrator\Documents\projects\SCDossier\dist\SCDossier\_internal\src\assets\icons\Icons\anvil\OPEN_Text.png
   Compressing: C:\Users\Administrator\Documents\projects\SCDossier\dist\SCDossier\_internal\src\assets\icons\Icons\anvil\Photo.png
   Compressing: C:\Users\Administrator\Documents\projects\SCDossier\dist\SCDossier\_internal\src\assets\icons\Icons\anvil\Pin.png
   Compressing: C:\Users\Administrator\Documents\projects\SCDossier\dist\SCDossier\_internal\src\assets\icons\Icons\anvil\Ping.png
   Compressing: C:\Users\Administrator\Documents\projects\SCDossier\dist\SCDossier\_internal\src\assets\icons\Icons\anvil\Power Output.png
   Compressing: C:\Users\Administrator\Documents\projects\SCDossier\dist\SCDossier\_internal\src\assets\icons\Icons\anvil\PROX_Text.png
   Compressing: C:\Users\Administrator\Documents\projects\SCDossier\dist\SCDossier\_internal\src\assets\icons\Icons\anvil\PWR_Text.png
   Compressing: C:\Users\Administrator\Documents\projects\SCDossier\dist\SCDossier\_internal\src\assets\icons\Icons\anvil\QTM_Text.png
   Compressing: C:\Users\Administrator\Documents\projects\SCDossier\dist\SCDossier\_internal\src\assets\icons\Icons\anvil\QT_Text.png
   Compressing: C:\Users\Administrator\Documents\projects\SCDossier\dist\SCDossier\_internal\src\assets\icons\Icons\anvil\Quantum.png
   Compressing: C:\Users\Administrator\Documents\projects\SCDossier\dist\SCDossier\_internal\src\assets\icons\Icons\anvil\RADR_Text.png
   Compressing: C:\Users\Administrator\Documents\projects\SCDossier\dist\SCDossier\_internal\src\assets\icons\Icons\anvil\Refresh.png
   Compressing: C:\Users\Administrator\Documents\projects\SCDossier\dist\SCDossier\_internal\src\assets\icons\Icons\anvil\RESET_Text.png
   Compressing: C:\Users\Administrator\Documents\projects\SCDossier\dist\SCDossier\_internal\src\assets\icons\Icons\anvil\RETRACT_TEXT.png
   Compressing: C:\Users\Administrator\Documents\projects\SCDossier\dist\SCDossier\_internal\src\assets\icons\Icons\anvil\Return.png
   Compressing: C:\Users\Administrator\Documents\projects\SCDossier\dist\SCDossier\_internal\src\assets\icons\Icons\anvil\SCM_GUN.png
   Compressing: C:\Users\Administrator\Documents\projects\SCDossier\dist\SCDossier\_internal\src\assets\icons\Icons\anvil\SCM_MSL.png
   Compressing: C:\Users\Administrator\Documents\projects\SCDossier\dist\SCDossier\_internal\src\assets\icons\Icons\anvil\Shield.png
   Compressing: C:\Users\Administrator\Documents\projects\SCDossier\dist\SCDossier\_internal\src\assets\icons\Icons\anvil\Shield_Down.png
   Compressing: C:\Users\Administrator\Documents\projects\SCDossier\dist\SCDossier\_internal\src\assets\icons\Icons\anvil\Shield_Frame_BottomLeft.png
   Compressing: C:\Users\Administrator\Documents\projects\SCDossier\dist\SCDossier\_internal\src\assets\icons\Icons\anvil\Shield_Frame_BottomRight.png
   Compressing: C:\Users\Administrator\Documents\projects\SCDossier\dist\SCDossier\_internal\src\assets\icons\Icons\anvil\Shield_Frame_TopLeft.png
   Compressing: C:\Users\Administrator\Documents\projects\SCDossier\dist\SCDossier\_internal\src\assets\icons\Icons\anvil\Shield_Frame_TopRight.png
   Compressing: C:\Users\Administrator\Documents\projects\SCDossier\dist\SCDossier\_internal\src\assets\icons\Icons\anvil\Shield_Left.png
   Compressing: C:\Users\Administrator\Documents\projects\SCDossier\dist\SCDossier\_internal\src\assets\icons\Icons\anvil\Shield_Middle.png
   Compressing: C:\Users\Administrator\Documents\projects\SCDossier\dist\SCDossier\_internal\src\assets\icons\Icons\anvil\Shield_Right.png
   Compressing: C:\Users\Administrator\Documents\projects\SCDossier\dist\SCDossier\_internal\src\assets\icons\Icons\anvil\Shield_Up.png
   Compressing: C:\Users\Administrator\Documents\projects\SCDossier\dist\SCDossier\_internal\src\assets\icons\Icons\anvil\Shield__Frame_Bottom.png
   Compressing: C:\Users\Administrator\Documents\projects\SCDossier\dist\SCDossier\_internal\src\assets\icons\Icons\anvil\Shield__Frame_Top.png
   Compressing: C:\Users\Administrator\Documents\projects\SCDossier\dist\SCDossier\_internal\src\assets\icons\Icons\anvil\Ship_CS.png
   Compressing: C:\Users\Administrator\Documents\projects\SCDossier\dist\SCDossier\_internal\src\assets\icons\Icons\anvil\Ship_EM.png
   Compressing: C:\Users\Administrator\Documents\projects\SCDossier\dist\SCDossier\_internal\src\assets\icons\Icons\anvil\Ship_IR.png
   Compressing: C:\Users\Administrator\Documents\projects\SCDossier\dist\SCDossier\_internal\src\assets\icons\Icons\anvil\SHLD_Text.png
   Compressing: C:\Users\Administrator\Documents\projects\SCDossier\dist\SCDossier\_internal\src\assets\icons\Icons\anvil\Signal.png
   Compressing: C:\Users\Administrator\Documents\projects\SCDossier\dist\SCDossier\_internal\src\assets\icons\Icons\anvil\START_Text.png
   Compressing: C:\Users\Administrator\Documents\projects\SCDossier\dist\SCDossier\_internal\src\assets\icons\Icons\anvil\Stopwatch.png
   Compressing: C:\Users\Administrator\Documents\projects\SCDossier\dist\SCDossier\_internal\src\assets\icons\Icons\anvil\STOP_Text.png
   Compressing: C:\Users\Administrator\Documents\projects\SCDossier\dist\SCDossier\_internal\src\assets\icons\Icons\anvil\Systems_Cooling.png
   Compressing: C:\Users\Administrator\Documents\projects\SCDossier\dist\SCDossier\_internal\src\assets\icons\Icons\anvil\Systems_QTM.png
   Compressing: C:\Users\Administrator\Documents\projects\SCDossier\dist\SCDossier\_internal\src\assets\icons\Icons\anvil\Systems_SHLD.png
   Compressing: C:\Users\Administrator\Documents\projects\SCDossier\dist\SCDossier\_internal\src\assets\icons\Icons\anvil\Systems_THR.png
   Compressing: C:\Users\Administrator\Documents\projects\SCDossier\dist\SCDossier\_internal\src\assets\icons\Icons\anvil\Systems_Tractor_Beam.png
   Compressing: C:\Users\Administrator\Documents\projects\SCDossier\dist\SCDossier\_internal\src\assets\icons\Icons\anvil\Systems_WPN.png
   Compressing: C:\Users\Administrator\Documents\projects\SCDossier\dist\SCDossier\_internal\src\assets\icons\Icons\anvil\Target_Auto.png
   Compressing: C:\Users\Administrator\Documents\projects\SCDossier\dist\SCDossier\_internal\src\assets\icons\Icons\anvil\Target_Lock.png
   Compressing: C:\Users\Administrator\Documents\projects\SCDossier\dist\SCDossier\_internal\src\assets\icons\Icons\anvil\Thruster.png
   Compressing: C:\Users\Administrator\Documents\projects\SCDossier\dist\SCDossier\_internal\src\assets\icons\Icons\anvil\Thruster_VTOL.png
   Compressing: C:\Users\Administrator\Documents\projects\SCDossier\dist\SCDossier\_internal\src\assets\icons\Icons\anvil\THR_Text.png
   Compressing: C:\Users\Administrator\Documents\projects\SCDossier\dist\SCDossier\_internal\src\assets\icons\Icons\anvil\Tick.png
   Compressing: C:\Users\Administrator\Documents\projects\SCDossier\dist\SCDossier\_internal\src\assets\icons\Icons\anvil\UEC.png
   Compressing: C:\Users\Administrator\Documents\projects\SCDossier\dist\SCDossier\_internal\src\assets\icons\Icons\anvil\Unlock.png
   Compressing: C:\Users\Administrator\Documents\projects\SCDossier\dist\SCDossier\_internal\src\assets\icons\Icons\anvil\User.png
   Compressing: C:\Users\Administrator\Documents\projects\SCDossier\dist\SCDossier\_internal\src\assets\icons\Icons\anvil\Vehicle Bay.png
   Compressing: C:\Users\Administrator\Documents\projects\SCDossier\dist\SCDossier\_internal\src\assets\icons\Icons\anvil\Video.png
   Compressing: C:\Users\Administrator\Documents\projects\SCDossier\dist\SCDossier\_internal\src\assets\icons\Icons\anvil\VTOL_Text.png
   Compressing: C:\Users\Administrator\Documents\projects\SCDossier\dist\SCDossier\_internal\src\assets\icons\Icons\anvil\WIND-FOLD_Text.png
   Compressing: C:\Users\Administrator\Documents\projects\SCDossier\dist\SCDossier\_internal\src\assets\icons\Icons\anvil\WPN_Text.png
   Compressing: C:\Users\Administrator\Documents\projects\SCDossier\dist\SCDossier\_internal\src\assets\icons\Icons\anvil\YES_Text.png
   Compressing: C:\Users\Administrator\Documents\projects\SCDossier\dist\SCDossier\_internal\src\assets\icons\Icons\default\+.png
   Compressing: C:\Users\Administrator\Documents\projects\SCDossier\dist\SCDossier\_internal\src\assets\icons\Icons\default\-.png
   Compressing: C:\Users\Administrator\Documents\projects\SCDossier\dist\SCDossier\_internal\src\assets\icons\Icons\default\0.png
   Compressing: C:\Users\Administrator\Documents\projects\SCDossier\dist\SCDossier\_internal\src\assets\icons\Icons\default\1.png
   Compressing: C:\Users\Administrator\Documents\projects\SCDossier\dist\SCDossier\_internal\src\assets\icons\Icons\default\2.png
   Compressing: C:\Users\Administrator\Documents\projects\SCDossier\dist\SCDossier\_internal\src\assets\icons\Icons\default\3.png
   Compressing: C:\Users\Administrator\Documents\projects\SCDossier\dist\SCDossier\_internal\src\assets\icons\Icons\default\4.png
   Compressing: C:\Users\Administrator\Documents\projects\SCDossier\dist\SCDossier\_internal\src\assets\icons\Icons\default\5.png
   Compressing: C:\Users\Administrator\Documents\projects\SCDossier\dist\SCDossier\_internal\src\assets\icons\Icons\default\6.png
   Compressing: C:\Users\Administrator\Documents\projects\SCDossier\dist\SCDossier\_internal\src\assets\icons\Icons\default\7.png
   Compressing: C:\Users\Administrator\Documents\projects\SCDossier\dist\SCDossier\_internal\src\assets\icons\Icons\default\8.png
   Compressing: C:\Users\Administrator\Documents\projects\SCDossier\dist\SCDossier\_internal\src\assets\icons\Icons\default\9.png
   Compressing: C:\Users\Administrator\Documents\projects\SCDossier\dist\SCDossier\_internal\src\assets\icons\Icons\default\Ammo.png
   Compressing: C:\Users\Administrator\Documents\projects\SCDossier\dist\SCDossier\_internal\src\assets\icons\Icons\default\Ammo_Repack.png
   Compressing: C:\Users\Administrator\Documents\projects\SCDossier\dist\SCDossier\_internal\src\assets\icons\Icons\default\Arrow_Down.png
   Compressing: C:\Users\Administrator\Documents\projects\SCDossier\dist\SCDossier\_internal\src\assets\icons\Icons\default\Arrow_Left.png
   Compressing: C:\Users\Administrator\Documents\projects\SCDossier\dist\SCDossier\_internal\src\assets\icons\Icons\default\Arrow_Right.png
   Compressing: C:\Users\Administrator\Documents\projects\SCDossier\dist\SCDossier\_internal\src\assets\icons\Icons\default\Arrow_Up.png
   Compressing: C:\Users\Administrator\Documents\projects\SCDossier\dist\SCDossier\_internal\src\assets\icons\Icons\default\ATC_Text.png
   Compressing: C:\Users\Administrator\Documents\projects\SCDossier\dist\SCDossier\_internal\src\assets\icons\Icons\default\Attention.png
   Compressing: C:\Users\Administrator\Documents\projects\SCDossier\dist\SCDossier\_internal\src\assets\icons\Icons\default\Backpack.png
   Compressing: C:\Users\Administrator\Documents\projects\SCDossier\dist\SCDossier\_internal\src\assets\icons\Icons\default\Ballistics.png
   Compressing: C:\Users\Administrator\Documents\projects\SCDossier\dist\SCDossier\_internal\src\assets\icons\Icons\default\Battery.png
   Compressing: C:\Users\Administrator\Documents\projects\SCDossier\dist\SCDossier\_internal\src\assets\icons\Icons\default\Beam.png
   Compressing: C:\Users\Administrator\Documents\projects\SCDossier\dist\SCDossier\_internal\src\assets\icons\Icons\default\Bullet.png
   Compressing: C:\Users\Administrator\Documents\projects\SCDossier\dist\SCDossier\_internal\src\assets\icons\Icons\default\Button.png
   Compressing: C:\Users\Administrator\Documents\projects\SCDossier\dist\SCDossier\_internal\src\assets\icons\Icons\default\Button_Frame.png
   Compressing: C:\Users\Administrator\Documents\projects\SCDossier\dist\SCDossier\_internal\src\assets\icons\Icons\default\Call.png
   Compressing: C:\Users\Administrator\Documents\projects\SCDossier\dist\SCDossier\_internal\src\assets\icons\Icons\default\Camera.png
   Compressing: C:\Users\Administrator\Documents\projects\SCDossier\dist\SCDossier\_internal\src\assets\icons\Icons\default\Cargo Bay.png
   Compressing: C:\Users\Administrator\Documents\projects\SCDossier\dist\SCDossier\_internal\src\assets\icons\Icons\default\Caution.png
   Compressing: C:\Users\Administrator\Documents\projects\SCDossier\dist\SCDossier\_internal\src\assets\icons\Icons\default\Caution_Bars.png
   Compressing: C:\Users\Administrator\Documents\projects\SCDossier\dist\SCDossier\_internal\src\assets\icons\Icons\default\Close.png
   Compressing: C:\Users\Administrator\Documents\projects\SCDossier\dist\SCDossier\_internal\src\assets\icons\Icons\default\CLOSE_Text.png
   Compressing: C:\Users\Administrator\Documents\projects\SCDossier\dist\SCDossier\_internal\src\assets\icons\Icons\default\Comms.png
   Compressing: C:\Users\Administrator\Documents\projects\SCDossier\dist\SCDossier\_internal\src\assets\icons\Icons\default\COOL_Text.png
   Compressing: C:\Users\Administrator\Documents\projects\SCDossier\dist\SCDossier\_internal\src\assets\icons\Icons\default\CPLD_Text.png
   Compressing: C:\Users\Administrator\Documents\projects\SCDossier\dist\SCDossier\_internal\src\assets\icons\Icons\default\EJECT_Text.png
   Compressing: C:\Users\Administrator\Documents\projects\SCDossier\dist\SCDossier\_internal\src\assets\icons\Icons\default\Elevator.png
   Compressing: C:\Users\Administrator\Documents\projects\SCDossier\dist\SCDossier\_internal\src\assets\icons\Icons\default\End Call.png
   Compressing: C:\Users\Administrator\Documents\projects\SCDossier\dist\SCDossier\_internal\src\assets\icons\Icons\default\Energy.png
   Compressing: C:\Users\Administrator\Documents\projects\SCDossier\dist\SCDossier\_internal\src\assets\icons\Icons\default\ESP_Text.png
   Compressing: C:\Users\Administrator\Documents\projects\SCDossier\dist\SCDossier\_internal\src\assets\icons\Icons\default\Exit.png
   Compressing: C:\Users\Administrator\Documents\projects\SCDossier\dist\SCDossier\_internal\src\assets\icons\Icons\default\EXTEND_Text.png
   Compressing: C:\Users\Administrator\Documents\projects\SCDossier\dist\SCDossier\_internal\src\assets\icons\Icons\default\FiringMode_1.png
   Compressing: C:\Users\Administrator\Documents\projects\SCDossier\dist\SCDossier\_internal\src\assets\icons\Icons\default\FiringMode_2.png
   Compressing: C:\Users\Administrator\Documents\projects\SCDossier\dist\SCDossier\_internal\src\assets\icons\Icons\default\FiringMode_3.png
   Compressing: C:\Users\Administrator\Documents\projects\SCDossier\dist\SCDossier\_internal\src\assets\icons\Icons\default\FOIP.png
   Compressing: C:\Users\Administrator\Documents\projects\SCDossier\dist\SCDossier\_internal\src\assets\icons\Icons\default\GEAR_Text.png
   Compressing: C:\Users\Administrator\Documents\projects\SCDossier\dist\SCDossier\_internal\src\assets\icons\Icons\default\Grenade.png
   Compressing: C:\Users\Administrator\Documents\projects\SCDossier\dist\SCDossier\_internal\src\assets\icons\Icons\default\GSAF_Text.png
   Compressing: C:\Users\Administrator\Documents\projects\SCDossier\dist\SCDossier\_internal\src\assets\icons\Icons\default\Health_1.png
   Compressing: C:\Users\Administrator\Documents\projects\SCDossier\dist\SCDossier\_internal\src\assets\icons\Icons\default\Health_2.png
   Compressing: C:\Users\Administrator\Documents\projects\SCDossier\dist\SCDossier\_internal\src\assets\icons\Icons\default\Health_3.png
   Compressing: C:\Users\Administrator\Documents\projects\SCDossier\dist\SCDossier\_internal\src\assets\icons\Icons\default\Heart.png
   Compressing: C:\Users\Administrator\Documents\projects\SCDossier\dist\SCDossier\_internal\src\assets\icons\Icons\default\High Voltage.png
   Compressing: C:\Users\Administrator\Documents\projects\SCDossier\dist\SCDossier\_internal\src\assets\icons\Icons\default\HIT_Text.png
   Compressing: C:\Users\Administrator\Documents\projects\SCDossier\dist\SCDossier\_internal\src\assets\icons\Icons\default\Home.png
   Compressing: C:\Users\Administrator\Documents\projects\SCDossier\dist\SCDossier\_internal\src\assets\icons\Icons\default\Hydrogen.png
   Compressing: C:\Users\Administrator\Documents\projects\SCDossier\dist\SCDossier\_internal\src\assets\icons\Icons\default\Info.png
   Compressing: C:\Users\Administrator\Documents\projects\SCDossier\dist\SCDossier\_internal\src\assets\icons\Icons\default\Inventory.png
   Compressing: C:\Users\Administrator\Documents\projects\SCDossier\dist\SCDossier\_internal\src\assets\icons\Icons\default\JETT_Text.png
   Compressing: C:\Users\Administrator\Documents\projects\SCDossier\dist\SCDossier\_internal\src\assets\icons\Icons\default\Journal.png
   Compressing: C:\Users\Administrator\Documents\projects\SCDossier\dist\SCDossier\_internal\src\assets\icons\Icons\default\Landing Gear.png
   Compressing: C:\Users\Administrator\Documents\projects\SCDossier\dist\SCDossier\_internal\src\assets\icons\Icons\default\Law.png
   Compressing: C:\Users\Administrator\Documents\projects\SCDossier\dist\SCDossier\_internal\src\assets\icons\Icons\default\Lights.png
   Compressing: C:\Users\Administrator\Documents\projects\SCDossier\dist\SCDossier\_internal\src\assets\icons\Icons\default\Lock.png
   Compressing: C:\Users\Administrator\Documents\projects\SCDossier\dist\SCDossier\_internal\src\assets\icons\Icons\default\MediPen.png
   Compressing: C:\Users\Administrator\Documents\projects\SCDossier\dist\SCDossier\_internal\src\assets\icons\Icons\default\Microphone.png
   Compressing: C:\Users\Administrator\Documents\projects\SCDossier\dist\SCDossier\_internal\src\assets\icons\Icons\default\Microphone_Mute.png
   Compressing: C:\Users\Administrator\Documents\projects\SCDossier\dist\SCDossier\_internal\src\assets\icons\Icons\default\MISL_Text.png
   Compressing: C:\Users\Administrator\Documents\projects\SCDossier\dist\SCDossier\_internal\src\assets\icons\Icons\default\MobiGlas.png
   Compressing: C:\Users\Administrator\Documents\projects\SCDossier\dist\SCDossier\_internal\src\assets\icons\Icons\default\NAV & SCM_SCN.png
   Compressing: C:\Users\Administrator\Documents\projects\SCDossier\dist\SCDossier\_internal\src\assets\icons\Icons\default\NAV_FLT.png
   Compressing: C:\Users\Administrator\Documents\projects\SCDossier\dist\SCDossier\_internal\src\assets\icons\Icons\default\NAV_QT.png
   Compressing: C:\Users\Administrator\Documents\projects\SCDossier\dist\SCDossier\_internal\src\assets\icons\Icons\default\NAV_Text.png
   Compressing: C:\Users\Administrator\Documents\projects\SCDossier\dist\SCDossier\_internal\src\assets\icons\Icons\default\No Access.png
   Compressing: C:\Users\Administrator\Documents\projects\SCDossier\dist\SCDossier\_internal\src\assets\icons\Icons\default\NO_Text.png
   Compressing: C:\Users\Administrator\Documents\projects\SCDossier\dist\SCDossier\_internal\src\assets\icons\Icons\default\OK_Text.png
   Compressing: C:\Users\Administrator\Documents\projects\SCDossier\dist\SCDossier\_internal\src\assets\icons\Icons\default\OPEN-CLOSE_Text.png
   Compressing: C:\Users\Administrator\Documents\projects\SCDossier\dist\SCDossier\_internal\src\assets\icons\Icons\default\OPEN_Text.png
   Compressing: C:\Users\Administrator\Documents\projects\SCDossier\dist\SCDossier\_internal\src\assets\icons\Icons\default\Photo.png
   Compressing: C:\Users\Administrator\Documents\projects\SCDossier\dist\SCDossier\_internal\src\assets\icons\Icons\default\Pin.png
   Compressing: C:\Users\Administrator\Documents\projects\SCDossier\dist\SCDossier\_internal\src\assets\icons\Icons\default\Ping.png
   Compressing: C:\Users\Administrator\Documents\projects\SCDossier\dist\SCDossier\_internal\src\assets\icons\Icons\default\Power Output.png
   Compressing: C:\Users\Administrator\Documents\projects\SCDossier\dist\SCDossier\_internal\src\assets\icons\Icons\default\PROX_Text.png
   Compressing: C:\Users\Administrator\Documents\projects\SCDossier\dist\SCDossier\_internal\src\assets\icons\Icons\default\PWR_Text.png
   Compressing: C:\Users\Administrator\Documents\projects\SCDossier\dist\SCDossier\_internal\src\assets\icons\Icons\default\QTM_Text.png
   Compressing: C:\Users\Administrator\Documents\projects\SCDossier\dist\SCDossier\_internal\src\assets\icons\Icons\default\QT_Text.png
   Compressing: C:\Users\Administrator\Documents\projects\SCDossier\dist\SCDossier\_internal\src\assets\icons\Icons\default\Quantum.png
   Compressing: C:\Users\Administrator\Documents\projects\SCDossier\dist\SCDossier\_internal\src\assets\icons\Icons\default\RADR_Text.png
   Compressing: C:\Users\Administrator\Documents\projects\SCDossier\dist\SCDossier\_internal\src\assets\icons\Icons\default\Refresh.png
   Compressing: C:\Users\Administrator\Documents\projects\SCDossier\dist\SCDossier\_internal\src\assets\icons\Icons\default\RESET_Text.png
   Compressing: C:\Users\Administrator\Documents\projects\SCDossier\dist\SCDossier\_internal\src\assets\icons\Icons\default\RETRACT_TEXT.png
   Compressing: C:\Users\Administrator\Documents\projects\SCDossier\dist\SCDossier\_internal\src\assets\icons\Icons\default\Return.png
   Compressing: C:\Users\Administrator\Documents\projects\SCDossier\dist\SCDossier\_internal\src\assets\icons\Icons\default\SCM_GUN.png
   Compressing: C:\Users\Administrator\Documents\projects\SCDossier\dist\SCDossier\_internal\src\assets\icons\Icons\default\SCM_MSL.png
   Compressing: C:\Users\Administrator\Documents\projects\SCDossier\dist\SCDossier\_internal\src\assets\icons\Icons\default\Shield.png
   Compressing: C:\Users\Administrator\Documents\projects\SCDossier\dist\SCDossier\_internal\src\assets\icons\Icons\default\Shield_Down.png
   Compressing: C:\Users\Administrator\Documents\projects\SCDossier\dist\SCDossier\_internal\src\assets\icons\Icons\default\Shield_Frame_BottomLeft.png
   Compressing: C:\Users\Administrator\Documents\projects\SCDossier\dist\SCDossier\_internal\src\assets\icons\Icons\default\Shield_Frame_BottomRight.png
   Compressing: C:\Users\Administrator\Documents\projects\SCDossier\dist\SCDossier\_internal\src\assets\icons\Icons\default\Shield_Frame_TopLeft.png
   Compressing: C:\Users\Administrator\Documents\projects\SCDossier\dist\SCDossier\_internal\src\assets\icons\Icons\default\Shield_Frame_TopRight.png
   Compressing: C:\Users\Administrator\Documents\projects\SCDossier\dist\SCDossier\_internal\src\assets\icons\Icons\default\Shield_Left.png
   Compressing: C:\Users\Administrator\Documents\projects\SCDossier\dist\SCDossier\_internal\src\assets\icons\Icons\default\Shield_Middle.png
   Compressing: C:\Users\Administrator\Documents\projects\SCDossier\dist\SCDossier\_internal\src\assets\icons\Icons\default\Shield_Right.png
   Compressing: C:\Users\Administrator\Documents\projects\SCDossier\dist\SCDossier\_internal\src\assets\icons\Icons\default\Shield_Up.png
   Compressing: C:\Users\Administrator\Documents\projects\SCDossier\dist\SCDossier\_internal\src\assets\icons\Icons\default\Shield__Frame_Bottom.png
   Compressing: C:\Users\Administrator\Documents\projects\SCDossier\dist\SCDossier\_internal\src\assets\icons\Icons\default\Shield__Frame_Top.png
   Compressing: C:\Users\Administrator\Documents\projects\SCDossier\dist\SCDossier\_internal\src\assets\icons\Icons\default\Ship_CS.png
   Compressing: C:\Users\Administrator\Documents\projects\SCDossier\dist\SCDossier\_internal\src\assets\icons\Icons\default\Ship_EM.png
   Compressing: C:\Users\Administrator\Documents\projects\SCDossier\dist\SCDossier\_internal\src\assets\icons\Icons\default\Ship_IR.png
   Compressing: C:\Users\Administrator\Documents\projects\SCDossier\dist\SCDossier\_internal\src\assets\icons\Icons\default\SHLD_Text.png
   Compressing: C:\Users\Administrator\Documents\projects\SCDossier\dist\SCDossier\_internal\src\assets\icons\Icons\default\Signal.png
   Compressing: C:\Users\Administrator\Documents\projects\SCDossier\dist\SCDossier\_internal\src\assets\icons\Icons\default\START_Text.png
   Compressing: C:\Users\Administrator\Documents\projects\SCDossier\dist\SCDossier\_internal\src\assets\icons\Icons\default\Stopwatch.png
   Compressing: C:\Users\Administrator\Documents\projects\SCDossier\dist\SCDossier\_internal\src\assets\icons\Icons\default\STOP_Text.png
   Compressing: C:\Users\Administrator\Documents\projects\SCDossier\dist\SCDossier\_internal\src\assets\icons\Icons\default\Systems_Cooling.png
   Compressing: C:\Users\Administrator\Documents\projects\SCDossier\dist\SCDossier\_internal\src\assets\icons\Icons\default\Systems_QTM.png
   Compressing: C:\Users\Administrator\Documents\projects\SCDossier\dist\SCDossier\_internal\src\assets\icons\Icons\default\Systems_SHLD.png
   Compressing: C:\Users\Administrator\Documents\projects\SCDossier\dist\SCDossier\_internal\src\assets\icons\Icons\default\Systems_THR.png
   Compressing: C:\Users\Administrator\Documents\projects\SCDossier\dist\SCDossier\_internal\src\assets\icons\Icons\default\Systems_Tractor_Beam.png
   Compressing: C:\Users\Administrator\Documents\projects\SCDossier\dist\SCDossier\_internal\src\assets\icons\Icons\default\Systems_WPN.png
   Compressing: C:\Users\Administrator\Documents\projects\SCDossier\dist\SCDossier\_internal\src\assets\icons\Icons\default\Target_Auto.png
   Compressing: C:\Users\Administrator\Documents\projects\SCDossier\dist\SCDossier\_internal\src\assets\icons\Icons\default\Target_Lock.png
   Compressing: C:\Users\Administrator\Documents\projects\SCDossier\dist\SCDossier\_internal\src\assets\icons\Icons\default\Thruster.png
   Compressing: C:\Users\Administrator\Documents\projects\SCDossier\dist\SCDossier\_internal\src\assets\icons\Icons\default\Thruster_VTOL.png
   Compressing: C:\Users\Administrator\Documents\projects\SCDossier\dist\SCDossier\_internal\src\assets\icons\Icons\default\THR_Text.png
   Compressing: C:\Users\Administrator\Documents\projects\SCDossier\dist\SCDossier\_internal\src\assets\icons\Icons\default\Tick.png
   Compressing: C:\Users\Administrator\Documents\projects\SCDossier\dist\SCDossier\_internal\src\assets\icons\Icons\default\UEC.png
   Compressing: C:\Users\Administrator\Documents\projects\SCDossier\dist\SCDossier\_internal\src\assets\icons\Icons\default\Unlock.png
   Compressing: C:\Users\Administrator\Documents\projects\SCDossier\dist\SCDossier\_internal\src\assets\icons\Icons\default\User.png
   Compressing: C:\Users\Administrator\Documents\projects\SCDossier\dist\SCDossier\_internal\src\assets\icons\Icons\default\Vehicle Bay.png
   Compressing: C:\Users\Administrator\Documents\projects\SCDossier\dist\SCDossier\_internal\src\assets\icons\Icons\default\Video.png
   Compressing: C:\Users\Administrator\Documents\projects\SCDossier\dist\SCDossier\_internal\src\assets\icons\Icons\default\VTOL_Text.png
   Compressing: C:\Users\Administrator\Documents\projects\SCDossier\dist\SCDossier\_internal\src\assets\icons\Icons\default\WIND-FOLD_Text.png
   Compressing: C:\Users\Administrator\Documents\projects\SCDossier\dist\SCDossier\_internal\src\assets\icons\Icons\default\WPN_Text.png
   Compressing: C:\Users\Administrator\Documents\projects\SCDossier\dist\SCDossier\_internal\src\assets\icons\Icons\default\YES_Text.png
   Compressing: C:\Users\Administrator\Documents\projects\SCDossier\dist\SCDossier\_internal\src\assets\icons\Icons\drake\+.png
   Compressing: C:\Users\Administrator\Documents\projects\SCDossier\dist\SCDossier\_internal\src\assets\icons\Icons\drake\-.png
   Compressing: C:\Users\Administrator\Documents\projects\SCDossier\dist\SCDossier\_internal\src\assets\icons\Icons\drake\0.png
   Compressing: C:\Users\Administrator\Documents\projects\SCDossier\dist\SCDossier\_internal\src\assets\icons\Icons\drake\1.png
   Compressing: C:\Users\Administrator\Documents\projects\SCDossier\dist\SCDossier\_internal\src\assets\icons\Icons\drake\2.png
   Compressing: C:\Users\Administrator\Documents\projects\SCDossier\dist\SCDossier\_internal\src\assets\icons\Icons\drake\3.png
   Compressing: C:\Users\Administrator\Documents\projects\SCDossier\dist\SCDossier\_internal\src\assets\icons\Icons\drake\4.png
   Compressing: C:\Users\Administrator\Documents\projects\SCDossier\dist\SCDossier\_internal\src\assets\icons\Icons\drake\5.png
   Compressing: C:\Users\Administrator\Documents\projects\SCDossier\dist\SCDossier\_internal\src\assets\icons\Icons\drake\6.png
   Compressing: C:\Users\Administrator\Documents\projects\SCDossier\dist\SCDossier\_internal\src\assets\icons\Icons\drake\7.png
   Compressing: C:\Users\Administrator\Documents\projects\SCDossier\dist\SCDossier\_internal\src\assets\icons\Icons\drake\8.png
   Compressing: C:\Users\Administrator\Documents\projects\SCDossier\dist\SCDossier\_internal\src\assets\icons\Icons\drake\9.png
   Compressing: C:\Users\Administrator\Documents\projects\SCDossier\dist\SCDossier\_internal\src\assets\icons\Icons\drake\Ammo.png
   Compressing: C:\Users\Administrator\Documents\projects\SCDossier\dist\SCDossier\_internal\src\assets\icons\Icons\drake\Ammo_Repack.png
   Compressing: C:\Users\Administrator\Documents\projects\SCDossier\dist\SCDossier\_internal\src\assets\icons\Icons\drake\Arrow_Down.png
   Compressing: C:\Users\Administrator\Documents\projects\SCDossier\dist\SCDossier\_internal\src\assets\icons\Icons\drake\Arrow_Left.png
   Compressing: C:\Users\Administrator\Documents\projects\SCDossier\dist\SCDossier\_internal\src\assets\icons\Icons\drake\Arrow_Right.png
   Compressing: C:\Users\Administrator\Documents\projects\SCDossier\dist\SCDossier\_internal\src\assets\icons\Icons\drake\Arrow_Up.png
   Compressing: C:\Users\Administrator\Documents\projects\SCDossier\dist\SCDossier\_internal\src\assets\icons\Icons\drake\ATC_Text.png
   Compressing: C:\Users\Administrator\Documents\projects\SCDossier\dist\SCDossier\_internal\src\assets\icons\Icons\drake\Attention.png
   Compressing: C:\Users\Administrator\Documents\projects\SCDossier\dist\SCDossier\_internal\src\assets\icons\Icons\drake\Backpack.png
   Compressing: C:\Users\Administrator\Documents\projects\SCDossier\dist\SCDossier\_internal\src\assets\icons\Icons\drake\Ballistics.png
   Compressing: C:\Users\Administrator\Documents\projects\SCDossier\dist\SCDossier\_internal\src\assets\icons\Icons\drake\Battery.png
   Compressing: C:\Users\Administrator\Documents\projects\SCDossier\dist\SCDossier\_internal\src\assets\icons\Icons\drake\Beam.png
   Compressing: C:\Users\Administrator\Documents\projects\SCDossier\dist\SCDossier\_internal\src\assets\icons\Icons\drake\Bullet.png
   Compressing: C:\Users\Administrator\Documents\projects\SCDossier\dist\SCDossier\_internal\src\assets\icons\Icons\drake\Button.png
   Compressing: C:\Users\Administrator\Documents\projects\SCDossier\dist\SCDossier\_internal\src\assets\icons\Icons\drake\Button_Frame.png
   Compressing: C:\Users\Administrator\Documents\projects\SCDossier\dist\SCDossier\_internal\src\assets\icons\Icons\drake\Call.png
   Compressing: C:\Users\Administrator\Documents\projects\SCDossier\dist\SCDossier\_internal\src\assets\icons\Icons\drake\Camera.png
   Compressing: C:\Users\Administrator\Documents\projects\SCDossier\dist\SCDossier\_internal\src\assets\icons\Icons\drake\Cargo Bay.png
   Compressing: C:\Users\Administrator\Documents\projects\SCDossier\dist\SCDossier\_internal\src\assets\icons\Icons\drake\Caution.png
   Compressing: C:\Users\Administrator\Documents\projects\SCDossier\dist\SCDossier\_internal\src\assets\icons\Icons\drake\Caution_Bars.png
   Compressing: C:\Users\Administrator\Documents\projects\SCDossier\dist\SCDossier\_internal\src\assets\icons\Icons\drake\Close.png
   Compressing: C:\Users\Administrator\Documents\projects\SCDossier\dist\SCDossier\_internal\src\assets\icons\Icons\drake\CLOSE_Text.png
   Compressing: C:\Users\Administrator\Documents\projects\SCDossier\dist\SCDossier\_internal\src\assets\icons\Icons\drake\Comms.png
   Compressing: C:\Users\Administrator\Documents\projects\SCDossier\dist\SCDossier\_internal\src\assets\icons\Icons\drake\COOL_Text.png
   Compressing: C:\Users\Administrator\Documents\projects\SCDossier\dist\SCDossier\_internal\src\assets\icons\Icons\drake\CPLD_Text.png
   Compressing: C:\Users\Administrator\Documents\projects\SCDossier\dist\SCDossier\_internal\src\assets\icons\Icons\drake\EJECT_Text.png
   Compressing: C:\Users\Administrator\Documents\projects\SCDossier\dist\SCDossier\_internal\src\assets\icons\Icons\drake\Elevator.png
   Compressing: C:\Users\Administrator\Documents\projects\SCDossier\dist\SCDossier\_internal\src\assets\icons\Icons\drake\End Call.png
   Compressing: C:\Users\Administrator\Documents\projects\SCDossier\dist\SCDossier\_internal\src\assets\icons\Icons\drake\Energy.png
   Compressing: C:\Users\Administrator\Documents\projects\SCDossier\dist\SCDossier\_internal\src\assets\icons\Icons\drake\ESP_Text.png
   Compressing: C:\Users\Administrator\Documents\projects\SCDossier\dist\SCDossier\_internal\src\assets\icons\Icons\drake\Exit.png
   Compressing: C:\Users\Administrator\Documents\projects\SCDossier\dist\SCDossier\_internal\src\assets\icons\Icons\drake\EXTEND_Text.png
   Compressing: C:\Users\Administrator\Documents\projects\SCDossier\dist\SCDossier\_internal\src\assets\icons\Icons\drake\FiringMode_1.png
   Compressing: C:\Users\Administrator\Documents\projects\SCDossier\dist\SCDossier\_internal\src\assets\icons\Icons\drake\FiringMode_2.png
   Compressing: C:\Users\Administrator\Documents\projects\SCDossier\dist\SCDossier\_internal\src\assets\icons\Icons\drake\FiringMode_3.png
   Compressing: C:\Users\Administrator\Documents\projects\SCDossier\dist\SCDossier\_internal\src\assets\icons\Icons\drake\FOIP.png
   Compressing: C:\Users\Administrator\Documents\projects\SCDossier\dist\SCDossier\_internal\src\assets\icons\Icons\drake\GEAR_Text.png
   Compressing: C:\Users\Administrator\Documents\projects\SCDossier\dist\SCDossier\_internal\src\assets\icons\Icons\drake\Grenade.png
   Compressing: C:\Users\Administrator\Documents\projects\SCDossier\dist\SCDossier\_internal\src\assets\icons\Icons\drake\GSAF_Text.png
   Compressing: C:\Users\Administrator\Documents\projects\SCDossier\dist\SCDossier\_internal\src\assets\icons\Icons\drake\Health_1.png
   Compressing: C:\Users\Administrator\Documents\projects\SCDossier\dist\SCDossier\_internal\src\assets\icons\Icons\drake\Health_2.png
   Compressing: C:\Users\Administrator\Documents\projects\SCDossier\dist\SCDossier\_internal\src\assets\icons\Icons\drake\Health_3.png
   Compressing: C:\Users\Administrator\Documents\projects\SCDossier\dist\SCDossier\_internal\src\assets\icons\Icons\drake\Heart.png
   Compressing: C:\Users\Administrator\Documents\projects\SCDossier\dist\SCDossier\_internal\src\assets\icons\Icons\drake\High Voltage.png
   Compressing: C:\Users\Administrator\Documents\projects\SCDossier\dist\SCDossier\_internal\src\assets\icons\Icons\drake\HIT_Text.png
   Compressing: C:\Users\Administrator\Documents\projects\SCDossier\dist\SCDossier\_internal\src\assets\icons\Icons\drake\Home.png
   Compressing: C:\Users\Administrator\Documents\projects\SCDossier\dist\SCDossier\_internal\src\assets\icons\Icons\drake\Hydrogen.png
   Compressing: C:\Users\Administrator\Documents\projects\SCDossier\dist\SCDossier\_internal\src\assets\icons\Icons\drake\Info.png
   Compressing: C:\Users\Administrator\Documents\projects\SCDossier\dist\SCDossier\_internal\src\assets\icons\Icons\drake\Inventory.png
   Compressing: C:\Users\Administrator\Documents\projects\SCDossier\dist\SCDossier\_internal\src\assets\icons\Icons\drake\JETT_Text.png
   Compressing: C:\Users\Administrator\Documents\projects\SCDossier\dist\SCDossier\_internal\src\assets\icons\Icons\drake\Journal.png
   Compressing: C:\Users\Administrator\Documents\projects\SCDossier\dist\SCDossier\_internal\src\assets\icons\Icons\drake\Landing Gear.png
   Compressing: C:\Users\Administrator\Documents\projects\SCDossier\dist\SCDossier\_internal\src\assets\icons\Icons\drake\Law.png
   Compressing: C:\Users\Administrator\Documents\projects\SCDossier\dist\SCDossier\_internal\src\assets\icons\Icons\drake\Lights.png
   Compressing: C:\Users\Administrator\Documents\projects\SCDossier\dist\SCDossier\_internal\src\assets\icons\Icons\drake\Lock.png
   Compressing: C:\Users\Administrator\Documents\projects\SCDossier\dist\SCDossier\_internal\src\assets\icons\Icons\drake\MediPen.png
   Compressing: C:\Users\Administrator\Documents\projects\SCDossier\dist\SCDossier\_internal\src\assets\icons\Icons\drake\Microphone.png
   Compressing: C:\Users\Administrator\Documents\projects\SCDossier\dist\SCDossier\_internal\src\assets\icons\Icons\drake\Microphone_Mute.png
   Compressing: C:\Users\Administrator\Documents\projects\SCDossier\dist\SCDossier\_internal\src\assets\icons\Icons\drake\MISL_Text.png
   Compressing: C:\Users\Administrator\Documents\projects\SCDossier\dist\SCDossier\_internal\src\assets\icons\Icons\drake\MobiGlas.png
   Compressing: C:\Users\Administrator\Documents\projects\SCDossier\dist\SCDossier\_internal\src\assets\icons\Icons\drake\NAV & SCM_SCN.png
   Compressing: C:\Users\Administrator\Documents\projects\SCDossier\dist\SCDossier\_internal\src\assets\icons\Icons\drake\NAV_FLT.png
   Compressing: C:\Users\Administrator\Documents\projects\SCDossier\dist\SCDossier\_internal\src\assets\icons\Icons\drake\NAV_QT.png
   Compressing: C:\Users\Administrator\Documents\projects\SCDossier\dist\SCDossier\_internal\src\assets\icons\Icons\drake\NAV_Text.png
   Compressing: C:\Users\Administrator\Documents\projects\SCDossier\dist\SCDossier\_internal\src\assets\icons\Icons\drake\No Access.png
   Compressing: C:\Users\Administrator\Documents\projects\SCDossier\dist\SCDossier\_internal\src\assets\icons\Icons\drake\NO_Text.png
   Compressing: C:\Users\Administrator\Documents\projects\SCDossier\dist\SCDossier\_internal\src\assets\icons\Icons\drake\OK_Text.png
   Compressing: C:\Users\Administrator\Documents\projects\SCDossier\dist\SCDossier\_internal\src\assets\icons\Icons\drake\OPEN-CLOSE_Text.png
   Compressing: C:\Users\Administrator\Documents\projects\SCDossier\dist\SCDossier\_internal\src\assets\icons\Icons\drake\OPEN_Text.png
   Compressing: C:\Users\Administrator\Documents\projects\SCDossier\dist\SCDossier\_internal\src\assets\icons\Icons\drake\Photo.png
   Compressing: C:\Users\Administrator\Documents\projects\SCDossier\dist\SCDossier\_internal\src\assets\icons\Icons\drake\Pin.png
   Compressing: C:\Users\Administrator\Documents\projects\SCDossier\dist\SCDossier\_internal\src\assets\icons\Icons\drake\Ping.png
   Compressing: C:\Users\Administrator\Documents\projects\SCDossier\dist\SCDossier\_internal\src\assets\icons\Icons\drake\Power Output.png
   Compressing: C:\Users\Administrator\Documents\projects\SCDossier\dist\SCDossier\_internal\src\assets\icons\Icons\drake\PROX_Text.png
   Compressing: C:\Users\Administrator\Documents\projects\SCDossier\dist\SCDossier\_internal\src\assets\icons\Icons\drake\PWR_Text.png
   Compressing: C:\Users\Administrator\Documents\projects\SCDossier\dist\SCDossier\_internal\src\assets\icons\Icons\drake\QTM_Text.png
   Compressing: C:\Users\Administrator\Documents\projects\SCDossier\dist\SCDossier\_internal\src\assets\icons\Icons\drake\QT_Text.png
   Compressing: C:\Users\Administrator\Documents\projects\SCDossier\dist\SCDossier\_internal\src\assets\icons\Icons\drake\Quantum.png
   Compressing: C:\Users\Administrator\Documents\projects\SCDossier\dist\SCDossier\_internal\src\assets\icons\Icons\drake\RADR_Text.png
   Compressing: C:\Users\Administrator\Documents\projects\SCDossier\dist\SCDossier\_internal\src\assets\icons\Icons\drake\Refresh.png
   Compressing: C:\Users\Administrator\Documents\projects\SCDossier\dist\SCDossier\_internal\src\assets\icons\Icons\drake\RESET_Text.png
   Compressing: C:\Users\Administrator\Documents\projects\SCDossier\dist\SCDossier\_internal\src\assets\icons\Icons\drake\RETRACT_TEXT.png
   Compressing: C:\Users\Administrator\Documents\projects\SCDossier\dist\SCDossier\_internal\src\assets\icons\Icons\drake\Return.png
   Compressing: C:\Users\Administrator\Documents\projects\SCDossier\dist\SCDossier\_internal\src\assets\icons\Icons\drake\SCM_GUN.png
   Compressing: C:\Users\Administrator\Documents\projects\SCDossier\dist\SCDossier\_internal\src\assets\icons\Icons\drake\SCM_MSL.png
   Compressing: C:\Users\Administrator\Documents\projects\SCDossier\dist\SCDossier\_internal\src\assets\icons\Icons\drake\Shield.png
   Compressing: C:\Users\Administrator\Documents\projects\SCDossier\dist\SCDossier\_internal\src\assets\icons\Icons\drake\Shield_Down.png
   Compressing: C:\Users\Administrator\Documents\projects\SCDossier\dist\SCDossier\_internal\src\assets\icons\Icons\drake\Shield_Frame_BottomLeft.png
   Compressing: C:\Users\Administrator\Documents\projects\SCDossier\dist\SCDossier\_internal\src\assets\icons\Icons\drake\Shield_Frame_BottomRight.png
   Compressing: C:\Users\Administrator\Documents\projects\SCDossier\dist\SCDossier\_internal\src\assets\icons\Icons\drake\Shield_Frame_TopLeft.png
   Compressing: C:\Users\Administrator\Documents\projects\SCDossier\dist\SCDossier\_internal\src\assets\icons\Icons\drake\Shield_Frame_TopRight.png
   Compressing: C:\Users\Administrator\Documents\projects\SCDossier\dist\SCDossier\_internal\src\assets\icons\Icons\drake\Shield_Left.png
   Compressing: C:\Users\Administrator\Documents\projects\SCDossier\dist\SCDossier\_internal\src\assets\icons\Icons\drake\Shield_Middle.png
   Compressing: C:\Users\Administrator\Documents\projects\SCDossier\dist\SCDossier\_internal\src\assets\icons\Icons\drake\Shield_Right.png
   Compressing: C:\Users\Administrator\Documents\projects\SCDossier\dist\SCDossier\_internal\src\assets\icons\Icons\drake\Shield_Up.png
   Compressing: C:\Users\Administrator\Documents\projects\SCDossier\dist\SCDossier\_internal\src\assets\icons\Icons\drake\Shield__Frame_Bottom.png
   Compressing: C:\Users\Administrator\Documents\projects\SCDossier\dist\SCDossier\_internal\src\assets\icons\Icons\drake\Shield__Frame_Top.png
   Compressing: C:\Users\Administrator\Documents\projects\SCDossier\dist\SCDossier\_internal\src\assets\icons\Icons\drake\Ship_CS.png
   Compressing: C:\Users\Administrator\Documents\projects\SCDossier\dist\SCDossier\_internal\src\assets\icons\Icons\drake\Ship_EM.png
   Compressing: C:\Users\Administrator\Documents\projects\SCDossier\dist\SCDossier\_internal\src\assets\icons\Icons\drake\Ship_IR.png
   Compressing: C:\Users\Administrator\Documents\projects\SCDossier\dist\SCDossier\_internal\src\assets\icons\Icons\drake\SHLD_Text.png
   Compressing: C:\Users\Administrator\Documents\projects\SCDossier\dist\SCDossier\_internal\src\assets\icons\Icons\drake\Signal.png
   Compressing: C:\Users\Administrator\Documents\projects\SCDossier\dist\SCDossier\_internal\src\assets\icons\Icons\drake\START_Text.png
   Compressing: C:\Users\Administrator\Documents\projects\SCDossier\dist\SCDossier\_internal\src\assets\icons\Icons\drake\Stopwatch.png
   Compressing: C:\Users\Administrator\Documents\projects\SCDossier\dist\SCDossier\_internal\src\assets\icons\Icons\drake\STOP_Text.png
   Compressing: C:\Users\Administrator\Documents\projects\SCDossier\dist\SCDossier\_internal\src\assets\icons\Icons\drake\Systems_Cooling.png
   Compressing: C:\Users\Administrator\Documents\projects\SCDossier\dist\SCDossier\_internal\src\assets\icons\Icons\drake\Systems_QTM.png
   Compressing: C:\Users\Administrator\Documents\projects\SCDossier\dist\SCDossier\_internal\src\assets\icons\Icons\drake\Systems_SHLD.png
   Compressing: C:\Users\Administrator\Documents\projects\SCDossier\dist\SCDossier\_internal\src\assets\icons\Icons\drake\Systems_THR.png
   Compressing: C:\Users\Administrator\Documents\projects\SCDossier\dist\SCDossier\_internal\src\assets\icons\Icons\drake\Systems_Tractor_Beam.png
   Compressing: C:\Users\Administrator\Documents\projects\SCDossier\dist\SCDossier\_internal\src\assets\icons\Icons\drake\Systems_WPN.png
   Compressing: C:\Users\Administrator\Documents\projects\SCDossier\dist\SCDossier\_internal\src\assets\icons\Icons\drake\Target_Auto.png
   Compressing: C:\Users\Administrator\Documents\projects\SCDossier\dist\SCDossier\_internal\src\assets\icons\Icons\drake\Target_Lock.png
   Compressing: C:\Users\Administrator\Documents\projects\SCDossier\dist\SCDossier\_internal\src\assets\icons\Icons\drake\Thruster.png
   Compressing: C:\Users\Administrator\Documents\projects\SCDossier\dist\SCDossier\_internal\src\assets\icons\Icons\drake\Thruster_VTOL.png
   Compressing: C:\Users\Administrator\Documents\projects\SCDossier\dist\SCDossier\_internal\src\assets\icons\Icons\drake\THR_Text.png
   Compressing: C:\Users\Administrator\Documents\projects\SCDossier\dist\SCDossier\_internal\src\assets\icons\Icons\drake\Tick.png
   Compressing: C:\Users\Administrator\Documents\projects\SCDossier\dist\SCDossier\_internal\src\assets\icons\Icons\drake\UEC.png
   Compressing: C:\Users\Administrator\Documents\projects\SCDossier\dist\SCDossier\_internal\src\assets\icons\Icons\drake\Unlock.png
   Compressing: C:\Users\Administrator\Documents\projects\SCDossier\dist\SCDossier\_internal\src\assets\icons\Icons\drake\User.png
   Compressing: C:\Users\Administrator\Documents\projects\SCDossier\dist\SCDossier\_internal\src\assets\icons\Icons\drake\Vehicle Bay.png
   Compressing: C:\Users\Administrator\Documents\projects\SCDossier\dist\SCDossier\_internal\src\assets\icons\Icons\drake\Video.png
   Compressing: C:\Users\Administrator\Documents\projects\SCDossier\dist\SCDossier\_internal\src\assets\icons\Icons\drake\VTOL_Text.png
   Compressing: C:\Users\Administrator\Documents\projects\SCDossier\dist\SCDossier\_internal\src\assets\icons\Icons\drake\WIND-FOLD_Text.png
   Compressing: C:\Users\Administrator\Documents\projects\SCDossier\dist\SCDossier\_internal\src\assets\icons\Icons\drake\WPN_Text.png
   Compressing: C:\Users\Administrator\Documents\projects\SCDossier\dist\SCDossier\_internal\src\assets\icons\Icons\drake\YES_Text.png
   Compressing: C:\Users\Administrator\Documents\projects\SCDossier\dist\SCDossier\_internal\src\assets\icons\Icons\rsi\+.png
   Compressing: C:\Users\Administrator\Documents\projects\SCDossier\dist\SCDossier\_internal\src\assets\icons\Icons\rsi\-.png
   Compressing: C:\Users\Administrator\Documents\projects\SCDossier\dist\SCDossier\_internal\src\assets\icons\Icons\rsi\0.png
   Compressing: C:\Users\Administrator\Documents\projects\SCDossier\dist\SCDossier\_internal\src\assets\icons\Icons\rsi\1.png
   Compressing: C:\Users\Administrator\Documents\projects\SCDossier\dist\SCDossier\_internal\src\assets\icons\Icons\rsi\2.png
   Compressing: C:\Users\Administrator\Documents\projects\SCDossier\dist\SCDossier\_internal\src\assets\icons\Icons\rsi\3.png
   Compressing: C:\Users\Administrator\Documents\projects\SCDossier\dist\SCDossier\_internal\src\assets\icons\Icons\rsi\4.png
   Compressing: C:\Users\Administrator\Documents\projects\SCDossier\dist\SCDossier\_internal\src\assets\icons\Icons\rsi\5.png
   Compressing: C:\Users\Administrator\Documents\projects\SCDossier\dist\SCDossier\_internal\src\assets\icons\Icons\rsi\6.png
   Compressing: C:\Users\Administrator\Documents\projects\SCDossier\dist\SCDossier\_internal\src\assets\icons\Icons\rsi\7.png
   Compressing: C:\Users\Administrator\Documents\projects\SCDossier\dist\SCDossier\_internal\src\assets\icons\Icons\rsi\8.png
   Compressing: C:\Users\Administrator\Documents\projects\SCDossier\dist\SCDossier\_internal\src\assets\icons\Icons\rsi\9.png
   Compressing: C:\Users\Administrator\Documents\projects\SCDossier\dist\SCDossier\_internal\src\assets\icons\Icons\rsi\Ammo.png
   Compressing: C:\Users\Administrator\Documents\projects\SCDossier\dist\SCDossier\_internal\src\assets\icons\Icons\rsi\Ammo_Repack.png
   Compressing: C:\Users\Administrator\Documents\projects\SCDossier\dist\SCDossier\_internal\src\assets\icons\Icons\rsi\Arrow_Down.png
   Compressing: C:\Users\Administrator\Documents\projects\SCDossier\dist\SCDossier\_internal\src\assets\icons\Icons\rsi\Arrow_Left.png
   Compressing: C:\Users\Administrator\Documents\projects\SCDossier\dist\SCDossier\_internal\src\assets\icons\Icons\rsi\Arrow_Right.png
   Compressing: C:\Users\Administrator\Documents\projects\SCDossier\dist\SCDossier\_internal\src\assets\icons\Icons\rsi\Arrow_Up.png
   Compressing: C:\Users\Administrator\Documents\projects\SCDossier\dist\SCDossier\_internal\src\assets\icons\Icons\rsi\ATC_Text.png
   Compressing: C:\Users\Administrator\Documents\projects\SCDossier\dist\SCDossier\_internal\src\assets\icons\Icons\rsi\Attention.png
   Compressing: C:\Users\Administrator\Documents\projects\SCDossier\dist\SCDossier\_internal\src\assets\icons\Icons\rsi\Backpack.png
   Compressing: C:\Users\Administrator\Documents\projects\SCDossier\dist\SCDossier\_internal\src\assets\icons\Icons\rsi\Ballistics.png
   Compressing: C:\Users\Administrator\Documents\projects\SCDossier\dist\SCDossier\_internal\src\assets\icons\Icons\rsi\Battery.png
   Compressing: C:\Users\Administrator\Documents\projects\SCDossier\dist\SCDossier\_internal\src\assets\icons\Icons\rsi\Beam.png
   Compressing: C:\Users\Administrator\Documents\projects\SCDossier\dist\SCDossier\_internal\src\assets\icons\Icons\rsi\Bullet.png
   Compressing: C:\Users\Administrator\Documents\projects\SCDossier\dist\SCDossier\_internal\src\assets\icons\Icons\rsi\Button.png
   Compressing: C:\Users\Administrator\Documents\projects\SCDossier\dist\SCDossier\_internal\src\assets\icons\Icons\rsi\Button_Frame.png
   Compressing: C:\Users\Administrator\Documents\projects\SCDossier\dist\SCDossier\_internal\src\assets\icons\Icons\rsi\Call.png
   Compressing: C:\Users\Administrator\Documents\projects\SCDossier\dist\SCDossier\_internal\src\assets\icons\Icons\rsi\Camera.png
   Compressing: C:\Users\Administrator\Documents\projects\SCDossier\dist\SCDossier\_internal\src\assets\icons\Icons\rsi\Cargo Bay.png
   Compressing: C:\Users\Administrator\Documents\projects\SCDossier\dist\SCDossier\_internal\src\assets\icons\Icons\rsi\Caution.png
   Compressing: C:\Users\Administrator\Documents\projects\SCDossier\dist\SCDossier\_internal\src\assets\icons\Icons\rsi\Caution_Bars.png
   Compressing: C:\Users\Administrator\Documents\projects\SCDossier\dist\SCDossier\_internal\src\assets\icons\Icons\rsi\Close.png
   Compressing: C:\Users\Administrator\Documents\projects\SCDossier\dist\SCDossier\_internal\src\assets\icons\Icons\rsi\CLOSE_Text.png
   Compressing: C:\Users\Administrator\Documents\projects\SCDossier\dist\SCDossier\_internal\src\assets\icons\Icons\rsi\Comms.png
   Compressing: C:\Users\Administrator\Documents\projects\SCDossier\dist\SCDossier\_internal\src\assets\icons\Icons\rsi\COOL_Text.png
   Compressing: C:\Users\Administrator\Documents\projects\SCDossier\dist\SCDossier\_internal\src\assets\icons\Icons\rsi\CPLD_Text.png
   Compressing: C:\Users\Administrator\Documents\projects\SCDossier\dist\SCDossier\_internal\src\assets\icons\Icons\rsi\EJECT_Text.png
   Compressing: C:\Users\Administrator\Documents\projects\SCDossier\dist\SCDossier\_internal\src\assets\icons\Icons\rsi\Elevator.png
   Compressing: C:\Users\Administrator\Documents\projects\SCDossier\dist\SCDossier\_internal\src\assets\icons\Icons\rsi\End Call.png
   Compressing: C:\Users\Administrator\Documents\projects\SCDossier\dist\SCDossier\_internal\src\assets\icons\Icons\rsi\Energy.png
   Compressing: C:\Users\Administrator\Documents\projects\SCDossier\dist\SCDossier\_internal\src\assets\icons\Icons\rsi\ESP_Text.png
   Compressing: C:\Users\Administrator\Documents\projects\SCDossier\dist\SCDossier\_internal\src\assets\icons\Icons\rsi\Exit.png
   Compressing: C:\Users\Administrator\Documents\projects\SCDossier\dist\SCDossier\_internal\src\assets\icons\Icons\rsi\EXTEND_Text.png
   Compressing: C:\Users\Administrator\Documents\projects\SCDossier\dist\SCDossier\_internal\src\assets\icons\Icons\rsi\FiringMode_1.png
   Compressing: C:\Users\Administrator\Documents\projects\SCDossier\dist\SCDossier\_internal\src\assets\icons\Icons\rsi\FiringMode_2.png
   Compressing: C:\Users\Administrator\Documents\projects\SCDossier\dist\SCDossier\_internal\src\assets\icons\Icons\rsi\FiringMode_3.png
   Compressing: C:\Users\Administrator\Documents\projects\SCDossier\dist\SCDossier\_internal\src\assets\icons\Icons\rsi\FOIP.png
   Compressing: C:\Users\Administrator\Documents\projects\SCDossier\dist\SCDossier\_internal\src\assets\icons\Icons\rsi\GEAR_Text.png
   Compressing: C:\Users\Administrator\Documents\projects\SCDossier\dist\SCDossier\_internal\src\assets\icons\Icons\rsi\Grenade.png
   Compressing: C:\Users\Administrator\Documents\projects\SCDossier\dist\SCDossier\_internal\src\assets\icons\Icons\rsi\GSAF_Text.png
   Compressing: C:\Users\Administrator\Documents\projects\SCDossier\dist\SCDossier\_internal\src\assets\icons\Icons\rsi\Health_1.png
   Compressing: C:\Users\Administrator\Documents\projects\SCDossier\dist\SCDossier\_internal\src\assets\icons\Icons\rsi\Health_2.png
   Compressing: C:\Users\Administrator\Documents\projects\SCDossier\dist\SCDossier\_internal\src\assets\icons\Icons\rsi\Health_3.png
   Compressing: C:\Users\Administrator\Documents\projects\SCDossier\dist\SCDossier\_internal\src\assets\icons\Icons\rsi\Heart.png
   Compressing: C:\Users\Administrator\Documents\projects\SCDossier\dist\SCDossier\_internal\src\assets\icons\Icons\rsi\High Voltage.png
   Compressing: C:\Users\Administrator\Documents\projects\SCDossier\dist\SCDossier\_internal\src\assets\icons\Icons\rsi\HIT_Text.png
   Compressing: C:\Users\Administrator\Documents\projects\SCDossier\dist\SCDossier\_internal\src\assets\icons\Icons\rsi\Home.png
   Compressing: C:\Users\Administrator\Documents\projects\SCDossier\dist\SCDossier\_internal\src\assets\icons\Icons\rsi\Hydrogen.png
   Compressing: C:\Users\Administrator\Documents\projects\SCDossier\dist\SCDossier\_internal\src\assets\icons\Icons\rsi\Info.png
   Compressing: C:\Users\Administrator\Documents\projects\SCDossier\dist\SCDossier\_internal\src\assets\icons\Icons\rsi\Inventory.png
   Compressing: C:\Users\Administrator\Documents\projects\SCDossier\dist\SCDossier\_internal\src\assets\icons\Icons\rsi\JETT_Text.png
   Compressing: C:\Users\Administrator\Documents\projects\SCDossier\dist\SCDossier\_internal\src\assets\icons\Icons\rsi\Journal.png
   Compressing: C:\Users\Administrator\Documents\projects\SCDossier\dist\SCDossier\_internal\src\assets\icons\Icons\rsi\Landing Gear.png
   Compressing: C:\Users\Administrator\Documents\projects\SCDossier\dist\SCDossier\_internal\src\assets\icons\Icons\rsi\Law.png
   Compressing: C:\Users\Administrator\Documents\projects\SCDossier\dist\SCDossier\_internal\src\assets\icons\Icons\rsi\Lights.png
   Compressing: C:\Users\Administrator\Documents\projects\SCDossier\dist\SCDossier\_internal\src\assets\icons\Icons\rsi\Lock.png
   Compressing: C:\Users\Administrator\Documents\projects\SCDossier\dist\SCDossier\_internal\src\assets\icons\Icons\rsi\MediPen.png
   Compressing: C:\Users\Administrator\Documents\projects\SCDossier\dist\SCDossier\_internal\src\assets\icons\Icons\rsi\Microphone.png
   Compressing: C:\Users\Administrator\Documents\projects\SCDossier\dist\SCDossier\_internal\src\assets\icons\Icons\rsi\Microphone_Mute.png
   Compressing: C:\Users\Administrator\Documents\projects\SCDossier\dist\SCDossier\_internal\src\assets\icons\Icons\rsi\MISL_Text.png
   Compressing: C:\Users\Administrator\Documents\projects\SCDossier\dist\SCDossier\_internal\src\assets\icons\Icons\rsi\MobiGlas.png
   Compressing: C:\Users\Administrator\Documents\projects\SCDossier\dist\SCDossier\_internal\src\assets\icons\Icons\rsi\NAV & SCM_SCN.png
   Compressing: C:\Users\Administrator\Documents\projects\SCDossier\dist\SCDossier\_internal\src\assets\icons\Icons\rsi\NAV_FLT.png
   Compressing: C:\Users\Administrator\Documents\projects\SCDossier\dist\SCDossier\_internal\src\assets\icons\Icons\rsi\NAV_QT.png
   Compressing: C:\Users\Administrator\Documents\projects\SCDossier\dist\SCDossier\_internal\src\assets\icons\Icons\rsi\NAV_Text.png
   Compressing: C:\Users\Administrator\Documents\projects\SCDossier\dist\SCDossier\_internal\src\assets\icons\Icons\rsi\No Access.png
   Compressing: C:\Users\Administrator\Documents\projects\SCDossier\dist\SCDossier\_internal\src\assets\icons\Icons\rsi\NO_Text.png
   Compressing: C:\Users\Administrator\Documents\projects\SCDossier\dist\SCDossier\_internal\src\assets\icons\Icons\rsi\OK_Text.png
   Compressing: C:\Users\Administrator\Documents\projects\SCDossier\dist\SCDossier\_internal\src\assets\icons\Icons\rsi\OPEN-CLOSE_Text.png
   Compressing: C:\Users\Administrator\Documents\projects\SCDossier\dist\SCDossier\_internal\src\assets\icons\Icons\rsi\OPEN_Text.png
   Compressing: C:\Users\Administrator\Documents\projects\SCDossier\dist\SCDossier\_internal\src\assets\icons\Icons\rsi\Photo.png
   Compressing: C:\Users\Administrator\Documents\projects\SCDossier\dist\SCDossier\_internal\src\assets\icons\Icons\rsi\Pin.png
   Compressing: C:\Users\Administrator\Documents\projects\SCDossier\dist\SCDossier\_internal\src\assets\icons\Icons\rsi\Ping.png
   Compressing: C:\Users\Administrator\Documents\projects\SCDossier\dist\SCDossier\_internal\src\assets\icons\Icons\rsi\Power Output.png
   Compressing: C:\Users\Administrator\Documents\projects\SCDossier\dist\SCDossier\_internal\src\assets\icons\Icons\rsi\PROX_Text.png
   Compressing: C:\Users\Administrator\Documents\projects\SCDossier\dist\SCDossier\_internal\src\assets\icons\Icons\rsi\PWR_Text.png
   Compressing: C:\Users\Administrator\Documents\projects\SCDossier\dist\SCDossier\_internal\src\assets\icons\Icons\rsi\QTM_Text.png
   Compressing: C:\Users\Administrator\Documents\projects\SCDossier\dist\SCDossier\_internal\src\assets\icons\Icons\rsi\QT_Text.png
   Compressing: C:\Users\Administrator\Documents\projects\SCDossier\dist\SCDossier\_internal\src\assets\icons\Icons\rsi\Quantum.png
   Compressing: C:\Users\Administrator\Documents\projects\SCDossier\dist\SCDossier\_internal\src\assets\icons\Icons\rsi\RADR_Text.png
   Compressing: C:\Users\Administrator\Documents\projects\SCDossier\dist\SCDossier\_internal\src\assets\icons\Icons\rsi\Refresh.png
   Compressing: C:\Users\Administrator\Documents\projects\SCDossier\dist\SCDossier\_internal\src\assets\icons\Icons\rsi\RESET_Text.png
   Compressing: C:\Users\Administrator\Documents\projects\SCDossier\dist\SCDossier\_internal\src\assets\icons\Icons\rsi\RETRACT_TEXT.png
   Compressing: C:\Users\Administrator\Documents\projects\SCDossier\dist\SCDossier\_internal\src\assets\icons\Icons\rsi\Return.png
   Compressing: C:\Users\Administrator\Documents\projects\SCDossier\dist\SCDossier\_internal\src\assets\icons\Icons\rsi\SCM_GUN.png
   Compressing: C:\Users\Administrator\Documents\projects\SCDossier\dist\SCDossier\_internal\src\assets\icons\Icons\rsi\SCM_MSL.png
   Compressing: C:\Users\Administrator\Documents\projects\SCDossier\dist\SCDossier\_internal\src\assets\icons\Icons\rsi\Shield.png
   Compressing: C:\Users\Administrator\Documents\projects\SCDossier\dist\SCDossier\_internal\src\assets\icons\Icons\rsi\Shield_Down.png
   Compressing: C:\Users\Administrator\Documents\projects\SCDossier\dist\SCDossier\_internal\src\assets\icons\Icons\rsi\Shield_Frame_BottomLeft.png
   Compressing: C:\Users\Administrator\Documents\projects\SCDossier\dist\SCDossier\_internal\src\assets\icons\Icons\rsi\Shield_Frame_BottomRight.png
   Compressing: C:\Users\Administrator\Documents\projects\SCDossier\dist\SCDossier\_internal\src\assets\icons\Icons\rsi\Shield_Frame_TopLeft.png
   Compressing: C:\Users\Administrator\Documents\projects\SCDossier\dist\SCDossier\_internal\src\assets\icons\Icons\rsi\Shield_Frame_TopRight.png
   Compressing: C:\Users\Administrator\Documents\projects\SCDossier\dist\SCDossier\_internal\src\assets\icons\Icons\rsi\Shield_Left.png
   Compressing: C:\Users\Administrator\Documents\projects\SCDossier\dist\SCDossier\_internal\src\assets\icons\Icons\rsi\Shield_Middle.png
   Compressing: C:\Users\Administrator\Documents\projects\SCDossier\dist\SCDossier\_internal\src\assets\icons\Icons\rsi\Shield_Right.png
   Compressing: C:\Users\Administrator\Documents\projects\SCDossier\dist\SCDossier\_internal\src\assets\icons\Icons\rsi\Shield_Up.png
   Compressing: C:\Users\Administrator\Documents\projects\SCDossier\dist\SCDossier\_internal\src\assets\icons\Icons\rsi\Shield__Frame_Bottom.png
   Compressing: C:\Users\Administrator\Documents\projects\SCDossier\dist\SCDossier\_internal\src\assets\icons\Icons\rsi\Shield__Frame_Top.png
   Compressing: C:\Users\Administrator\Documents\projects\SCDossier\dist\SCDossier\_internal\src\assets\icons\Icons\rsi\Ship_CS.png
   Compressing: C:\Users\Administrator\Documents\projects\SCDossier\dist\SCDossier\_internal\src\assets\icons\Icons\rsi\Ship_EM.png
   Compressing: C:\Users\Administrator\Documents\projects\SCDossier\dist\SCDossier\_internal\src\assets\icons\Icons\rsi\Ship_IR.png
   Compressing: C:\Users\Administrator\Documents\projects\SCDossier\dist\SCDossier\_internal\src\assets\icons\Icons\rsi\SHLD_Text.png
   Compressing: C:\Users\Administrator\Documents\projects\SCDossier\dist\SCDossier\_internal\src\assets\icons\Icons\rsi\Signal.png
   Compressing: C:\Users\Administrator\Documents\projects\SCDossier\dist\SCDossier\_internal\src\assets\icons\Icons\rsi\START_Text.png
   Compressing: C:\Users\Administrator\Documents\projects\SCDossier\dist\SCDossier\_internal\src\assets\icons\Icons\rsi\Stopwatch.png
   Compressing: C:\Users\Administrator\Documents\projects\SCDossier\dist\SCDossier\_internal\src\assets\icons\Icons\rsi\STOP_Text.png
   Compressing: C:\Users\Administrator\Documents\projects\SCDossier\dist\SCDossier\_internal\src\assets\icons\Icons\rsi\Systems_Cooling.png
   Compressing: C:\Users\Administrator\Documents\projects\SCDossier\dist\SCDossier\_internal\src\assets\icons\Icons\rsi\Systems_QTM.png
   Compressing: C:\Users\Administrator\Documents\projects\SCDossier\dist\SCDossier\_internal\src\assets\icons\Icons\rsi\Systems_SHLD.png
   Compressing: C:\Users\Administrator\Documents\projects\SCDossier\dist\SCDossier\_internal\src\assets\icons\Icons\rsi\Systems_THR.png
   Compressing: C:\Users\Administrator\Documents\projects\SCDossier\dist\SCDossier\_internal\src\assets\icons\Icons\rsi\Systems_Tractor_Beam.png
   Compressing: C:\Users\Administrator\Documents\projects\SCDossier\dist\SCDossier\_internal\src\assets\icons\Icons\rsi\Systems_WPN.png
   Compressing: C:\Users\Administrator\Documents\projects\SCDossier\dist\SCDossier\_internal\src\assets\icons\Icons\rsi\Target_Auto.png
   Compressing: C:\Users\Administrator\Documents\projects\SCDossier\dist\SCDossier\_internal\src\assets\icons\Icons\rsi\Target_Lock.png
   Compressing: C:\Users\Administrator\Documents\projects\SCDossier\dist\SCDossier\_internal\src\assets\icons\Icons\rsi\Thruster.png
   Compressing: C:\Users\Administrator\Documents\projects\SCDossier\dist\SCDossier\_internal\src\assets\icons\Icons\rsi\Thruster_VTOL.png
   Compressing: C:\Users\Administrator\Documents\projects\SCDossier\dist\SCDossier\_internal\src\assets\icons\Icons\rsi\THR_Text.png
   Compressing: C:\Users\Administrator\Documents\projects\SCDossier\dist\SCDossier\_internal\src\assets\icons\Icons\rsi\Tick.png
   Compressing: C:\Users\Administrator\Documents\projects\SCDossier\dist\SCDossier\_internal\src\assets\icons\Icons\rsi\UEC.png
   Compressing: C:\Users\Administrator\Documents\projects\SCDossier\dist\SCDossier\_internal\src\assets\icons\Icons\rsi\Unlock.png
   Compressing: C:\Users\Administrator\Documents\projects\SCDossier\dist\SCDossier\_internal\src\assets\icons\Icons\rsi\User.png
   Compressing: C:\Users\Administrator\Documents\projects\SCDossier\dist\SCDossier\_internal\src\assets\icons\Icons\rsi\Vehicle Bay.png
   Compressing: C:\Users\Administrator\Documents\projects\SCDossier\dist\SCDossier\_internal\src\assets\icons\Icons\rsi\Video.png
   Compressing: C:\Users\Administrator\Documents\projects\SCDossier\dist\SCDossier\_internal\src\assets\icons\Icons\rsi\VTOL_Text.png
   Compressing: C:\Users\Administrator\Documents\projects\SCDossier\dist\SCDossier\_internal\src\assets\icons\Icons\rsi\WIND-FOLD_Text.png
   Compressing: C:\Users\Administrator\Documents\projects\SCDossier\dist\SCDossier\_internal\src\assets\icons\Icons\rsi\WPN_Text.png
   Compressing: C:\Users\Administrator\Documents\projects\SCDossier\dist\SCDossier\_internal\src\assets\icons\Icons\rsi\YES_Text.png
   Compressing: C:\Users\Administrator\Documents\projects\SCDossier\dist\SCDossier\_internal\src\assets\icons\manufact-names\sc-logo-aegis.svg
   Compressing: C:\Users\Administrator\Documents\projects\SCDossier\dist\SCDossier\_internal\src\assets\icons\manufact-names\sc-logo-anvil-aerospace.svg
   Compressing: C:\Users\Administrator\Documents\projects\SCDossier\dist\SCDossier\_internal\src\assets\icons\manufact-names\sc-logo-aopoa.svg
   Compressing: C:\Users\Administrator\Documents\projects\SCDossier\dist\SCDossier\_internal\src\assets\icons\manufact-names\sc-logo-argo-astronautics.svg
   Compressing: C:\Users\Administrator\Documents\projects\SCDossier\dist\SCDossier\_internal\src\assets\icons\manufact-names\sc-logo-banu.svg
   Compressing: C:\Users\Administrator\Documents\projects\SCDossier\dist\SCDossier\_internal\src\assets\icons\manufact-names\sc-logo-consolidated-outland.svg
   Compressing: C:\Users\Administrator\Documents\projects\SCDossier\dist\SCDossier\_internal\src\assets\icons\manufact-names\sc-logo-crusader.svg
   Compressing: C:\Users\Administrator\Documents\projects\SCDossier\dist\SCDossier\_internal\src\assets\icons\manufact-names\sc-logo-drake.svg
   Compressing: C:\Users\Administrator\Documents\projects\SCDossier\dist\SCDossier\_internal\src\assets\icons\manufact-names\sc-logo-esperia.svg
   Compressing: C:\Users\Administrator\Documents\projects\SCDossier\dist\SCDossier\_internal\src\assets\icons\manufact-names\sc-logo-gatac.svg
   Compressing: C:\Users\Administrator\Documents\projects\SCDossier\dist\SCDossier\_internal\src\assets\icons\manufact-names\sc-logo-greycat.svg
   Compressing: C:\Users\Administrator\Documents\projects\SCDossier\dist\SCDossier\_internal\src\assets\icons\manufact-names\sc-logo-greys-market.svg
   Compressing: C:\Users\Administrator\Documents\projects\SCDossier\dist\SCDossier\_internal\src\assets\icons\manufact-names\sc-logo-kruger-intergalactic.svg
   Compressing: C:\Users\Administrator\Documents\projects\SCDossier\dist\SCDossier\_internal\src\assets\icons\manufact-names\sc-logo-mirai.svg
   Compressing: C:\Users\Administrator\Documents\projects\SCDossier\dist\SCDossier\_internal\src\assets\icons\manufact-names\sc-logo-misc.svg
   Compressing: C:\Users\Administrator\Documents\projects\SCDossier\dist\SCDossier\_internal\src\assets\icons\manufact-names\sc-logo-origin.svg
   Compressing: C:\Users\Administrator\Documents\projects\SCDossier\dist\SCDossier\_internal\src\assets\icons\manufact-names\sc-logo-rsi.svg
   Compressing: C:\Users\Administrator\Documents\projects\SCDossier\dist\SCDossier\_internal\src\assets\icons\manufact-names\sc-logo-shubin.svg
   Compressing: C:\Users\Administrator\Documents\projects\SCDossier\dist\SCDossier\_internal\src\assets\icons\manufact-names\sc-logo-tumbril.svg
   Compressing: C:\Users\Administrator\Documents\projects\SCDossier\dist\SCDossier\_internal\src\assets\icons\misc\active_menu.svg
   Compressing: C:\Users\Administrator\Documents\projects\SCDossier\dist\SCDossier\_internal\src\assets\icons\misc\activity.svg
   Compressing: C:\Users\Administrator\Documents\projects\SCDossier\dist\SCDossier\_internal\src\assets\icons\misc\alert-circle.svg
   Compressing: C:\Users\Administrator\Documents\projects\SCDossier\dist\SCDossier\_internal\src\assets\icons\misc\alert-triangle.svg
   Compressing: C:\Users\Administrator\Documents\projects\SCDossier\dist\SCDossier\_internal\src\assets\icons\misc\app-indicator.svg
   Compressing: C:\Users\Administrator\Documents\projects\SCDossier\dist\SCDossier\_internal\src\assets\icons\misc\app.svg
   Compressing: C:\Users\Administrator\Documents\projects\SCDossier\dist\SCDossier\_internal\src\assets\icons\misc\archive.svg
   Compressing: C:\Users\Administrator\Documents\projects\SCDossier\dist\SCDossier\_internal\src\assets\icons\misc\arrow-back.svg
   Compressing: C:\Users\Administrator\Documents\projects\SCDossier\dist\SCDossier\_internal\src\assets\icons\misc\arrow-circle-down.svg
   Compressing: C:\Users\Administrator\Documents\projects\SCDossier\dist\SCDossier\_internal\src\assets\icons\misc\arrow-circle-left.svg
   Compressing: C:\Users\Administrator\Documents\projects\SCDossier\dist\SCDossier\_internal\src\assets\icons\misc\arrow-circle-right.svg
   Compressing: C:\Users\Administrator\Documents\projects\SCDossier\dist\SCDossier\_internal\src\assets\icons\misc\arrow-circle-up.svg
   Compressing: C:\Users\Administrator\Documents\projects\SCDossier\dist\SCDossier\_internal\src\assets\icons\misc\arrow-clockwise.svg
   Compressing: C:\Users\Administrator\Documents\projects\SCDossier\dist\SCDossier\_internal\src\assets\icons\misc\arrow-down-up.svg
   Compressing: C:\Users\Administrator\Documents\projects\SCDossier\dist\SCDossier\_internal\src\assets\icons\misc\arrow-down.svg
   Compressing: C:\Users\Administrator\Documents\projects\SCDossier\dist\SCDossier\_internal\src\assets\icons\misc\arrow-downward.svg
   Compressing: C:\Users\Administrator\Documents\projects\SCDossier\dist\SCDossier\_internal\src\assets\icons\misc\arrow-forward.svg
   Compressing: C:\Users\Administrator\Documents\projects\SCDossier\dist\SCDossier\_internal\src\assets\icons\misc\arrow-ios-back.svg
   Compressing: C:\Users\Administrator\Documents\projects\SCDossier\dist\SCDossier\_internal\src\assets\icons\misc\arrow-ios-downward.svg
   Compressing: C:\Users\Administrator\Documents\projects\SCDossier\dist\SCDossier\_internal\src\assets\icons\misc\arrow-ios-forward.svg
   Compressing: C:\Users\Administrator\Documents\projects\SCDossier\dist\SCDossier\_internal\src\assets\icons\misc\arrow-ios-upward.svg
   Compressing: C:\Users\Administrator\Documents\projects\SCDossier\dist\SCDossier\_internal\src\assets\icons\misc\arrow-left-right.svg
   Compressing: C:\Users\Administrator\Documents\projects\SCDossier\dist\SCDossier\_internal\src\assets\icons\misc\arrow-left.svg
   Compressing: C:\Users\Administrator\Documents\projects\SCDossier\dist\SCDossier\_internal\src\assets\icons\misc\arrow-repeat.svg
   Compressing: C:\Users\Administrator\Documents\projects\SCDossier\dist\SCDossier\_internal\src\assets\icons\misc\arrow-right.svg
   Compressing: C:\Users\Administrator\Documents\projects\SCDossier\dist\SCDossier\_internal\src\assets\icons\misc\arrow-up.svg
   Compressing: C:\Users\Administrator\Documents\projects\SCDossier\dist\SCDossier\_internal\src\assets\icons\misc\arrow-upward.svg
   Compressing: C:\Users\Administrator\Documents\projects\SCDossier\dist\SCDossier\_internal\src\assets\icons\misc\arrowhead-down.svg
   Compressing: C:\Users\Administrator\Documents\projects\SCDossier\dist\SCDossier\_internal\src\assets\icons\misc\arrowhead-left.svg
   Compressing: C:\Users\Administrator\Documents\projects\SCDossier\dist\SCDossier\_internal\src\assets\icons\misc\arrowhead-right.svg
   Compressing: C:\Users\Administrator\Documents\projects\SCDossier\dist\SCDossier\_internal\src\assets\icons\misc\arrowhead-up.svg
   Compressing: C:\Users\Administrator\Documents\projects\SCDossier\dist\SCDossier\_internal\src\assets\icons\misc\at.svg
   Compressing: C:\Users\Administrator\Documents\projects\SCDossier\dist\SCDossier\_internal\src\assets\icons\misc\attach-2.svg
   Compressing: C:\Users\Administrator\Documents\projects\SCDossier\dist\SCDossier\_internal\src\assets\icons\misc\attach.svg
   Compressing: C:\Users\Administrator\Documents\projects\SCDossier\dist\SCDossier\_internal\src\assets\icons\misc\award.svg
   Compressing: C:\Users\Administrator\Documents\projects\SCDossier\dist\SCDossier\_internal\src\assets\icons\misc\backspace.svg
   Compressing: C:\Users\Administrator\Documents\projects\SCDossier\dist\SCDossier\_internal\src\assets\icons\misc\balloon-heart.svg
   Compressing: C:\Users\Administrator\Documents\projects\SCDossier\dist\SCDossier\_internal\src\assets\icons\misc\bandaid-fill.svg
   Compressing: C:\Users\Administrator\Documents\projects\SCDossier\dist\SCDossier\_internal\src\assets\icons\misc\bar-chart-2.svg
   Compressing: C:\Users\Administrator\Documents\projects\SCDossier\dist\SCDossier\_internal\src\assets\icons\misc\bar-chart-fill.svg
   Compressing: C:\Users\Administrator\Documents\projects\SCDossier\dist\SCDossier\_internal\src\assets\icons\misc\bar-chart.svg
   Compressing: C:\Users\Administrator\Documents\projects\SCDossier\dist\SCDossier\_internal\src\assets\icons\misc\battery.svg
   Compressing: C:\Users\Administrator\Documents\projects\SCDossier\dist\SCDossier\_internal\src\assets\icons\misc\behance.svg
   Compressing: C:\Users\Administrator\Documents\projects\SCDossier\dist\SCDossier\_internal\src\assets\icons\misc\bell-fill.svg
   Compressing: C:\Users\Administrator\Documents\projects\SCDossier\dist\SCDossier\_internal\src\assets\icons\misc\bell-off.svg
   Compressing: C:\Users\Administrator\Documents\projects\SCDossier\dist\SCDossier\_internal\src\assets\icons\misc\bell-slash-fill.svg
   Compressing: C:\Users\Administrator\Documents\projects\SCDossier\dist\SCDossier\_internal\src\assets\icons\misc\bell.svg
   Compressing: C:\Users\Administrator\Documents\projects\SCDossier\dist\SCDossier\_internal\src\assets\icons\misc\bluetooth.svg
   Compressing: C:\Users\Administrator\Documents\projects\SCDossier\dist\SCDossier\_internal\src\assets\icons\misc\book-open.svg
   Compressing: C:\Users\Administrator\Documents\projects\SCDossier\dist\SCDossier\_internal\src\assets\icons\misc\book.svg
   Compressing: C:\Users\Administrator\Documents\projects\SCDossier\dist\SCDossier\_internal\src\assets\icons\misc\bookmark.svg
   Compressing: C:\Users\Administrator\Documents\projects\SCDossier\dist\SCDossier\_internal\src\assets\icons\misc\briefcase.svg
   Compressing: C:\Users\Administrator\Documents\projects\SCDossier\dist\SCDossier\_internal\src\assets\icons\misc\browser.svg
   Compressing: C:\Users\Administrator\Documents\projects\SCDossier\dist\SCDossier\_internal\src\assets\icons\misc\brush.svg
   Compressing: C:\Users\Administrator\Documents\projects\SCDossier\dist\SCDossier\_internal\src\assets\icons\misc\bug-fill.svg
   Compressing: C:\Users\Administrator\Documents\projects\SCDossier\dist\SCDossier\_internal\src\assets\icons\misc\bulb.svg
   Compressing: C:\Users\Administrator\Documents\projects\SCDossier\dist\SCDossier\_internal\src\assets\icons\misc\bullseye.svg
   Compressing: C:\Users\Administrator\Documents\projects\SCDossier\dist\SCDossier\_internal\src\assets\icons\misc\calendar.svg
   Compressing: C:\Users\Administrator\Documents\projects\SCDossier\dist\SCDossier\_internal\src\assets\icons\misc\camera.svg
   Compressing: C:\Users\Administrator\Documents\projects\SCDossier\dist\SCDossier\_internal\src\assets\icons\misc\car.svg
   Compressing: C:\Users\Administrator\Documents\projects\SCDossier\dist\SCDossier\_internal\src\assets\icons\misc\caret-down-fill.svg
   Compressing: C:\Users\Administrator\Documents\projects\SCDossier\dist\SCDossier\_internal\src\assets\icons\misc\caret-left-fill.svg
   Compressing: C:\Users\Administrator\Documents\projects\SCDossier\dist\SCDossier\_internal\src\assets\icons\misc\caret-right-fill.svg
   Compressing: C:\Users\Administrator\Documents\projects\SCDossier\dist\SCDossier\_internal\src\assets\icons\misc\caret-up-fill.svg
   Compressing: C:\Users\Administrator\Documents\projects\SCDossier\dist\SCDossier\_internal\src\assets\icons\misc\cast.svg
   Compressing: C:\Users\Administrator\Documents\projects\SCDossier\dist\SCDossier\_internal\src\assets\icons\misc\charging.svg
   Compressing: C:\Users\Administrator\Documents\projects\SCDossier\dist\SCDossier\_internal\src\assets\icons\misc\check-square-fill (1).svg
   Compressing: C:\Users\Administrator\Documents\projects\SCDossier\dist\SCDossier\_internal\src\assets\icons\misc\check-square-fill.svg
   Compressing: C:\Users\Administrator\Documents\projects\SCDossier\dist\SCDossier\_internal\src\assets\icons\misc\check-square.svg
   Compressing: C:\Users\Administrator\Documents\projects\SCDossier\dist\SCDossier\_internal\src\assets\icons\misc\checkmark-circle-2.svg
   Compressing: C:\Users\Administrator\Documents\projects\SCDossier\dist\SCDossier\_internal\src\assets\icons\misc\checkmark-circle.svg
   Compressing: C:\Users\Administrator\Documents\projects\SCDossier\dist\SCDossier\_internal\src\assets\icons\misc\checkmark-square-2.svg
   Compressing: C:\Users\Administrator\Documents\projects\SCDossier\dist\SCDossier\_internal\src\assets\icons\misc\checkmark-square.svg
   Compressing: C:\Users\Administrator\Documents\projects\SCDossier\dist\SCDossier\_internal\src\assets\icons\misc\checkmark.svg
   Compressing: C:\Users\Administrator\Documents\projects\SCDossier\dist\SCDossier\_internal\src\assets\icons\misc\chevron-down.svg
   Compressing: C:\Users\Administrator\Documents\projects\SCDossier\dist\SCDossier\_internal\src\assets\icons\misc\chevron-left.svg
   Compressing: C:\Users\Administrator\Documents\projects\SCDossier\dist\SCDossier\_internal\src\assets\icons\misc\chevron-right.svg
   Compressing: C:\Users\Administrator\Documents\projects\SCDossier\dist\SCDossier\_internal\src\assets\icons\misc\chevron-up.svg
   Compressing: C:\Users\Administrator\Documents\projects\SCDossier\dist\SCDossier\_internal\src\assets\icons\misc\clipboard.svg
   Compressing: C:\Users\Administrator\Documents\projects\SCDossier\dist\SCDossier\_internal\src\assets\icons\misc\clock.svg
   Compressing: C:\Users\Administrator\Documents\projects\SCDossier\dist\SCDossier\_internal\src\assets\icons\misc\close-circle.svg
   Compressing: C:\Users\Administrator\Documents\projects\SCDossier\dist\SCDossier\_internal\src\assets\icons\misc\close-square.svg
   Compressing: C:\Users\Administrator\Documents\projects\SCDossier\dist\SCDossier\_internal\src\assets\icons\misc\close.svg
   Compressing: C:\Users\Administrator\Documents\projects\SCDossier\dist\SCDossier\_internal\src\assets\icons\misc\cloud-download.svg
   Compressing: C:\Users\Administrator\Documents\projects\SCDossier\dist\SCDossier\_internal\src\assets\icons\misc\cloud-upload.svg
   Compressing: C:\Users\Administrator\Documents\projects\SCDossier\dist\SCDossier\_internal\src\assets\icons\misc\code-download.svg
   Compressing: C:\Users\Administrator\Documents\projects\SCDossier\dist\SCDossier\_internal\src\assets\icons\misc\code.svg
   Compressing: C:\Users\Administrator\Documents\projects\SCDossier\dist\SCDossier\_internal\src\assets\icons\misc\collapse.svg
   Compressing: C:\Users\Administrator\Documents\projects\SCDossier\dist\SCDossier\_internal\src\assets\icons\misc\color-palette.svg
   Compressing: C:\Users\Administrator\Documents\projects\SCDossier\dist\SCDossier\_internal\src\assets\icons\misc\color-picker.svg
   Compressing: C:\Users\Administrator\Documents\projects\SCDossier\dist\SCDossier\_internal\src\assets\icons\misc\compass.svg
   Compressing: C:\Users\Administrator\Documents\projects\SCDossier\dist\SCDossier\_internal\src\assets\icons\misc\copy.svg
   Compressing: C:\Users\Administrator\Documents\projects\SCDossier\dist\SCDossier\_internal\src\assets\icons\misc\corner-down-left.svg
   Compressing: C:\Users\Administrator\Documents\projects\SCDossier\dist\SCDossier\_internal\src\assets\icons\misc\corner-down-right.svg
   Compressing: C:\Users\Administrator\Documents\projects\SCDossier\dist\SCDossier\_internal\src\assets\icons\misc\corner-left-down.svg
   Compressing: C:\Users\Administrator\Documents\projects\SCDossier\dist\SCDossier\_internal\src\assets\icons\misc\corner-left-up.svg
   Compressing: C:\Users\Administrator\Documents\projects\SCDossier\dist\SCDossier\_internal\src\assets\icons\misc\corner-right-down.svg
   Compressing: C:\Users\Administrator\Documents\projects\SCDossier\dist\SCDossier\_internal\src\assets\icons\misc\corner-right-up.svg
   Compressing: C:\Users\Administrator\Documents\projects\SCDossier\dist\SCDossier\_internal\src\assets\icons\misc\corner-up-left.svg
   Compressing: C:\Users\Administrator\Documents\projects\SCDossier\dist\SCDossier\_internal\src\assets\icons\misc\corner-up-right.svg
   Compressing: C:\Users\Administrator\Documents\projects\SCDossier\dist\SCDossier\_internal\src\assets\icons\misc\credit-card.svg
   Compressing: C:\Users\Administrator\Documents\projects\SCDossier\dist\SCDossier\_internal\src\assets\icons\misc\crop.svg
   Compressing: C:\Users\Administrator\Documents\projects\SCDossier\dist\SCDossier\_internal\src\assets\icons\misc\cube.svg
   Compressing: C:\Users\Administrator\Documents\projects\SCDossier\dist\SCDossier\_internal\src\assets\icons\misc\diagonal-arrow-left-down.svg
   Compressing: C:\Users\Administrator\Documents\projects\SCDossier\dist\SCDossier\_internal\src\assets\icons\misc\diagonal-arrow-left-up.svg
   Compressing: C:\Users\Administrator\Documents\projects\SCDossier\dist\SCDossier\_internal\src\assets\icons\misc\diagonal-arrow-right-down.svg
   Compressing: C:\Users\Administrator\Documents\projects\SCDossier\dist\SCDossier\_internal\src\assets\icons\misc\diagonal-arrow-right-up.svg
   Compressing: C:\Users\Administrator\Documents\projects\SCDossier\dist\SCDossier\_internal\src\assets\icons\misc\done-all.svg
   Compressing: C:\Users\Administrator\Documents\projects\SCDossier\dist\SCDossier\_internal\src\assets\icons\misc\download.svg
   Compressing: C:\Users\Administrator\Documents\projects\SCDossier\dist\SCDossier\_internal\src\assets\icons\misc\droplet-off.svg
   Compressing: C:\Users\Administrator\Documents\projects\SCDossier\dist\SCDossier\_internal\src\assets\icons\misc\droplet.svg
   Compressing: C:\Users\Administrator\Documents\projects\SCDossier\dist\SCDossier\_internal\src\assets\icons\misc\edit-2.svg
   Compressing: C:\Users\Administrator\Documents\projects\SCDossier\dist\SCDossier\_internal\src\assets\icons\misc\edit.svg
   Compressing: C:\Users\Administrator\Documents\projects\SCDossier\dist\SCDossier\_internal\src\assets\icons\misc\email.svg
   Compressing: C:\Users\Administrator\Documents\projects\SCDossier\dist\SCDossier\_internal\src\assets\icons\misc\exclamation-circle-fill.svg
   Compressing: C:\Users\Administrator\Documents\projects\SCDossier\dist\SCDossier\_internal\src\assets\icons\misc\exclamation-square-fill.svg
   Compressing: C:\Users\Administrator\Documents\projects\SCDossier\dist\SCDossier\_internal\src\assets\icons\misc\exclamation-square.svg
   Compressing: C:\Users\Administrator\Documents\projects\SCDossier\dist\SCDossier\_internal\src\assets\icons\misc\exclamation-triangle-fill.svg
   Compressing: C:\Users\Administrator\Documents\projects\SCDossier\dist\SCDossier\_internal\src\assets\icons\misc\exclamation.svg
   Compressing: C:\Users\Administrator\Documents\projects\SCDossier\dist\SCDossier\_internal\src\assets\icons\misc\expand.svg
   Compressing: C:\Users\Administrator\Documents\projects\SCDossier\dist\SCDossier\_internal\src\assets\icons\misc\external-link.svg
   Compressing: C:\Users\Administrator\Documents\projects\SCDossier\dist\SCDossier\_internal\src\assets\icons\misc\eye-fill.svg
   Compressing: C:\Users\Administrator\Documents\projects\SCDossier\dist\SCDossier\_internal\src\assets\icons\misc\eye-off-2.svg
   Compressing: C:\Users\Administrator\Documents\projects\SCDossier\dist\SCDossier\_internal\src\assets\icons\misc\eye-off.svg
   Compressing: C:\Users\Administrator\Documents\projects\SCDossier\dist\SCDossier\_internal\src\assets\icons\misc\eye-slash-fill.svg
   Compressing: C:\Users\Administrator\Documents\projects\SCDossier\dist\SCDossier\_internal\src\assets\icons\misc\eye.svg
   Compressing: C:\Users\Administrator\Documents\projects\SCDossier\dist\SCDossier\_internal\src\assets\icons\misc\facebook.svg
   Compressing: C:\Users\Administrator\Documents\projects\SCDossier\dist\SCDossier\_internal\src\assets\icons\misc\file-add.svg
   Compressing: C:\Users\Administrator\Documents\projects\SCDossier\dist\SCDossier\_internal\src\assets\icons\misc\file-earmark-medical-fill.svg
   Compressing: C:\Users\Administrator\Documents\projects\SCDossier\dist\SCDossier\_internal\src\assets\icons\misc\file-earmark-text-fill.svg
   Compressing: C:\Users\Administrator\Documents\projects\SCDossier\dist\SCDossier\_internal\src\assets\icons\misc\file-remove.svg
   Compressing: C:\Users\Administrator\Documents\projects\SCDossier\dist\SCDossier\_internal\src\assets\icons\misc\file-text.svg
   Compressing: C:\Users\Administrator\Documents\projects\SCDossier\dist\SCDossier\_internal\src\assets\icons\misc\file.svg
   Compressing: C:\Users\Administrator\Documents\projects\SCDossier\dist\SCDossier\_internal\src\assets\icons\misc\filetype-json.svg
   Compressing: C:\Users\Administrator\Documents\projects\SCDossier\dist\SCDossier\_internal\src\assets\icons\misc\filetype-txt.svg
   Compressing: C:\Users\Administrator\Documents\projects\SCDossier\dist\SCDossier\_internal\src\assets\icons\misc\film.svg
   Compressing: C:\Users\Administrator\Documents\projects\SCDossier\dist\SCDossier\_internal\src\assets\icons\misc\filter-circle-fill.svg
   Compressing: C:\Users\Administrator\Documents\projects\SCDossier\dist\SCDossier\_internal\src\assets\icons\misc\filter-square-fill.svg
   Compressing: C:\Users\Administrator\Documents\projects\SCDossier\dist\SCDossier\_internal\src\assets\icons\misc\flag.svg
   Compressing: C:\Users\Administrator\Documents\projects\SCDossier\dist\SCDossier\_internal\src\assets\icons\misc\flash-off.svg
   Compressing: C:\Users\Administrator\Documents\projects\SCDossier\dist\SCDossier\_internal\src\assets\icons\misc\flash.svg
   Compressing: C:\Users\Administrator\Documents\projects\SCDossier\dist\SCDossier\_internal\src\assets\icons\misc\flip-2.svg
   Compressing: C:\Users\Administrator\Documents\projects\SCDossier\dist\SCDossier\_internal\src\assets\icons\misc\flip.svg
   Compressing: C:\Users\Administrator\Documents\projects\SCDossier\dist\SCDossier\_internal\src\assets\icons\misc\folder-add.svg
   Compressing: C:\Users\Administrator\Documents\projects\SCDossier\dist\SCDossier\_internal\src\assets\icons\misc\folder-check.svg
   Compressing: C:\Users\Administrator\Documents\projects\SCDossier\dist\SCDossier\_internal\src\assets\icons\misc\folder-minus.svg
   Compressing: C:\Users\Administrator\Documents\projects\SCDossier\dist\SCDossier\_internal\src\assets\icons\misc\folder-plus.svg
   Compressing: C:\Users\Administrator\Documents\projects\SCDossier\dist\SCDossier\_internal\src\assets\icons\misc\folder-remove.svg
   Compressing: C:\Users\Administrator\Documents\projects\SCDossier\dist\SCDossier\_internal\src\assets\icons\misc\folder-x.svg
   Compressing: C:\Users\Administrator\Documents\projects\SCDossier\dist\SCDossier\_internal\src\assets\icons\misc\folder.svg
   Compressing: C:\Users\Administrator\Documents\projects\SCDossier\dist\SCDossier\_internal\src\assets\icons\misc\funnel.svg
   Compressing: C:\Users\Administrator\Documents\projects\SCDossier\dist\SCDossier\_internal\src\assets\icons\misc\gear-wide-connected.svg
   Compressing: C:\Users\Administrator\Documents\projects\SCDossier\dist\SCDossier\_internal\src\assets\icons\misc\gift.svg
   Compressing: C:\Users\Administrator\Documents\projects\SCDossier\dist\SCDossier\_internal\src\assets\icons\misc\github.svg
   Compressing: C:\Users\Administrator\Documents\projects\SCDossier\dist\SCDossier\_internal\src\assets\icons\misc\globe-2.svg
   Compressing: C:\Users\Administrator\Documents\projects\SCDossier\dist\SCDossier\_internal\src\assets\icons\misc\globe-3.svg
   Compressing: C:\Users\Administrator\Documents\projects\SCDossier\dist\SCDossier\_internal\src\assets\icons\misc\globe.svg
   Compressing: C:\Users\Administrator\Documents\projects\SCDossier\dist\SCDossier\_internal\src\assets\icons\misc\google.svg
   Compressing: C:\Users\Administrator\Documents\projects\SCDossier\dist\SCDossier\_internal\src\assets\icons\misc\graph-down.svg
   Compressing: C:\Users\Administrator\Documents\projects\SCDossier\dist\SCDossier\_internal\src\assets\icons\misc\grid-fill.svg
   Compressing: C:\Users\Administrator\Documents\projects\SCDossier\dist\SCDossier\_internal\src\assets\icons\misc\grid.svg
   Compressing: C:\Users\Administrator\Documents\projects\SCDossier\dist\SCDossier\_internal\src\assets\icons\misc\groups.svg
   Compressing: C:\Users\Administrator\Documents\projects\SCDossier\dist\SCDossier\_internal\src\assets\icons\misc\hard-drive.svg
   Compressing: C:\Users\Administrator\Documents\projects\SCDossier\dist\SCDossier\_internal\src\assets\icons\misc\hash.svg
   Compressing: C:\Users\Administrator\Documents\projects\SCDossier\dist\SCDossier\_internal\src\assets\icons\misc\headphones.svg
   Compressing: C:\Users\Administrator\Documents\projects\SCDossier\dist\SCDossier\_internal\src\assets\icons\misc\heart-fill.svg
   Compressing: C:\Users\Administrator\Documents\projects\SCDossier\dist\SCDossier\_internal\src\assets\icons\misc\heart-pulse-fill.svg
   Compressing: C:\Users\Administrator\Documents\projects\SCDossier\dist\SCDossier\_internal\src\assets\icons\misc\heart-pulse.svg
   Compressing: C:\Users\Administrator\Documents\projects\SCDossier\dist\SCDossier\_internal\src\assets\icons\misc\heart.svg
   Compressing: C:\Users\Administrator\Documents\projects\SCDossier\dist\SCDossier\_internal\src\assets\icons\misc\help.svg
   Compressing: C:\Users\Administrator\Documents\projects\SCDossier\dist\SCDossier\_internal\src\assets\icons\misc\home.svg
   Compressing: C:\Users\Administrator\Documents\projects\SCDossier\dist\SCDossier\_internal\src\assets\icons\misc\icon_add_user.svg
   Compressing: C:\Users\Administrator\Documents\projects\SCDossier\dist\SCDossier\_internal\src\assets\icons\misc\icon_arrow_left.svg
   Compressing: C:\Users\Administrator\Documents\projects\SCDossier\dist\SCDossier\_internal\src\assets\icons\misc\icon_arrow_right.svg
   Compressing: C:\Users\Administrator\Documents\projects\SCDossier\dist\SCDossier\_internal\src\assets\icons\misc\icon_attachment.svg
   Compressing: C:\Users\Administrator\Documents\projects\SCDossier\dist\SCDossier\_internal\src\assets\icons\misc\icon_busy.svg
   Compressing: C:\Users\Administrator\Documents\projects\SCDossier\dist\SCDossier\_internal\src\assets\icons\misc\icon_close.svg
   Compressing: C:\Users\Administrator\Documents\projects\SCDossier\dist\SCDossier\_internal\src\assets\icons\misc\icon_emoticons.svg
   Compressing: C:\Users\Administrator\Documents\projects\SCDossier\dist\SCDossier\_internal\src\assets\icons\misc\icon_file.svg
   Compressing: C:\Users\Administrator\Documents\projects\SCDossier\dist\SCDossier\_internal\src\assets\icons\misc\icon_folder.svg
   Compressing: C:\Users\Administrator\Documents\projects\SCDossier\dist\SCDossier\_internal\src\assets\icons\misc\icon_folder_open.svg
   Compressing: C:\Users\Administrator\Documents\projects\SCDossier\dist\SCDossier\_internal\src\assets\icons\misc\icon_heart.svg
   Compressing: C:\Users\Administrator\Documents\projects\SCDossier\dist\SCDossier\_internal\src\assets\icons\misc\icon_home.svg
   Compressing: C:\Users\Administrator\Documents\projects\SCDossier\dist\SCDossier\_internal\src\assets\icons\misc\icon_idle.svg
   Compressing: C:\Users\Administrator\Documents\projects\SCDossier\dist\SCDossier\_internal\src\assets\icons\misc\icon_info.svg
   Compressing: C:\Users\Administrator\Documents\projects\SCDossier\dist\SCDossier\_internal\src\assets\icons\misc\icon_invisible.svg
   Compressing: C:\Users\Administrator\Documents\projects\SCDossier\dist\SCDossier\_internal\src\assets\icons\misc\icon_maximize.svg
   Compressing: C:\Users\Administrator\Documents\projects\SCDossier\dist\SCDossier\_internal\src\assets\icons\misc\icon_menu.svg
   Compressing: C:\Users\Administrator\Documents\projects\SCDossier\dist\SCDossier\_internal\src\assets\icons\misc\icon_menu_close.svg
   Compressing: C:\Users\Administrator\Documents\projects\SCDossier\dist\SCDossier\_internal\src\assets\icons\misc\icon_minimize.svg
   Compressing: C:\Users\Administrator\Documents\projects\SCDossier\dist\SCDossier\_internal\src\assets\icons\misc\icon_more_options.svg
   Compressing: C:\Users\Administrator\Documents\projects\SCDossier\dist\SCDossier\_internal\src\assets\icons\misc\icon_online.svg
   Compressing: C:\Users\Administrator\Documents\projects\SCDossier\dist\SCDossier\_internal\src\assets\icons\misc\icon_restore.svg
   Compressing: C:\Users\Administrator\Documents\projects\SCDossier\dist\SCDossier\_internal\src\assets\icons\misc\icon_save.svg
   Compressing: C:\Users\Administrator\Documents\projects\SCDossier\dist\SCDossier\_internal\src\assets\icons\misc\icon_search.svg
   Compressing: C:\Users\Administrator\Documents\projects\SCDossier\dist\SCDossier\_internal\src\assets\icons\misc\icon_send.svg
   Compressing: C:\Users\Administrator\Documents\projects\SCDossier\dist\SCDossier\_internal\src\assets\icons\misc\icon_settings.svg
   Compressing: C:\Users\Administrator\Documents\projects\SCDossier\dist\SCDossier\_internal\src\assets\icons\misc\icon_signal.svg
   Compressing: C:\Users\Administrator\Documents\projects\SCDossier\dist\SCDossier\_internal\src\assets\icons\misc\icon_widgets.svg
   Compressing: C:\Users\Administrator\Documents\projects\SCDossier\dist\SCDossier\_internal\src\assets\icons\misc\image-2.svg
   Compressing: C:\Users\Administrator\Documents\projects\SCDossier\dist\SCDossier\_internal\src\assets\icons\misc\image.svg
   Compressing: C:\Users\Administrator\Documents\projects\SCDossier\dist\SCDossier\_internal\src\assets\icons\misc\inbox.svg
   Compressing: C:\Users\Administrator\Documents\projects\SCDossier\dist\SCDossier\_internal\src\assets\icons\misc\info-circle-fill.svg
   Compressing: C:\Users\Administrator\Documents\projects\SCDossier\dist\SCDossier\_internal\src\assets\icons\misc\info-circle.svg
   Compressing: C:\Users\Administrator\Documents\projects\SCDossier\dist\SCDossier\_internal\src\assets\icons\misc\info-lg.svg
   Compressing: C:\Users\Administrator\Documents\projects\SCDossier\dist\SCDossier\_internal\src\assets\icons\misc\info.png
   Compressing: C:\Users\Administrator\Documents\projects\SCDossier\dist\SCDossier\_internal\src\assets\icons\misc\info.svg
   Compressing: C:\Users\Administrator\Documents\projects\SCDossier\dist\SCDossier\_internal\src\assets\icons\misc\kanban.svg
   Compressing: C:\Users\Administrator\Documents\projects\SCDossier\dist\SCDossier\_internal\src\assets\icons\misc\keypad.svg
   Compressing: C:\Users\Administrator\Documents\projects\SCDossier\dist\SCDossier\_internal\src\assets\icons\misc\layers.svg
   Compressing: C:\Users\Administrator\Documents\projects\SCDossier\dist\SCDossier\_internal\src\assets\icons\misc\layout.svg
   Compressing: C:\Users\Administrator\Documents\projects\SCDossier\dist\SCDossier\_internal\src\assets\icons\misc\lightning-charge-fill.svg
   Compressing: C:\Users\Administrator\Documents\projects\SCDossier\dist\SCDossier\_internal\src\assets\icons\misc\lightning-charge.svg
   Compressing: C:\Users\Administrator\Documents\projects\SCDossier\dist\SCDossier\_internal\src\assets\icons\misc\link-2.svg
   Compressing: C:\Users\Administrator\Documents\projects\SCDossier\dist\SCDossier\_internal\src\assets\icons\misc\link.svg
   Compressing: C:\Users\Administrator\Documents\projects\SCDossier\dist\SCDossier\_internal\src\assets\icons\misc\linkedin.svg
   Compressing: C:\Users\Administrator\Documents\projects\SCDossier\dist\SCDossier\_internal\src\assets\icons\misc\list.svg
   Compressing: C:\Users\Administrator\Documents\projects\SCDossier\dist\SCDossier\_internal\src\assets\icons\misc\lock.svg
   Compressing: C:\Users\Administrator\Documents\projects\SCDossier\dist\SCDossier\_internal\src\assets\icons\misc\log-in.svg
   Compressing: C:\Users\Administrator\Documents\projects\SCDossier\dist\SCDossier\_internal\src\assets\icons\misc\log-out.svg
   Compressing: C:\Users\Administrator\Documents\projects\SCDossier\dist\SCDossier\_internal\src\assets\icons\misc\map.svg
   Compressing: C:\Users\Administrator\Documents\projects\SCDossier\dist\SCDossier\_internal\src\assets\icons\misc\maximize.svg
   Compressing: C:\Users\Administrator\Documents\projects\SCDossier\dist\SCDossier\_internal\src\assets\icons\misc\menu-2.svg
   Compressing: C:\Users\Administrator\Documents\projects\SCDossier\dist\SCDossier\_internal\src\assets\icons\misc\menu-arrow.svg
   Compressing: C:\Users\Administrator\Documents\projects\SCDossier\dist\SCDossier\_internal\src\assets\icons\misc\menu.svg
   Compressing: C:\Users\Administrator\Documents\projects\SCDossier\dist\SCDossier\_internal\src\assets\icons\misc\message-circle.svg
   Compressing: C:\Users\Administrator\Documents\projects\SCDossier\dist\SCDossier\_internal\src\assets\icons\misc\message-square.svg
   Compressing: C:\Users\Administrator\Documents\projects\SCDossier\dist\SCDossier\_internal\src\assets\icons\misc\mic-off.svg
   Compressing: C:\Users\Administrator\Documents\projects\SCDossier\dist\SCDossier\_internal\src\assets\icons\misc\mic.svg
   Compressing: C:\Users\Administrator\Documents\projects\SCDossier\dist\SCDossier\_internal\src\assets\icons\misc\minimize.svg
   Compressing: C:\Users\Administrator\Documents\projects\SCDossier\dist\SCDossier\_internal\src\assets\icons\misc\minus-circle.svg
   Compressing: C:\Users\Administrator\Documents\projects\SCDossier\dist\SCDossier\_internal\src\assets\icons\misc\minus-square.svg
   Compressing: C:\Users\Administrator\Documents\projects\SCDossier\dist\SCDossier\_internal\src\assets\icons\misc\minus.svg
   Compressing: C:\Users\Administrator\Documents\projects\SCDossier\dist\SCDossier\_internal\src\assets\icons\misc\monitor.svg
   Compressing: C:\Users\Administrator\Documents\projects\SCDossier\dist\SCDossier\_internal\src\assets\icons\misc\moon.svg
   Compressing: C:\Users\Administrator\Documents\projects\SCDossier\dist\SCDossier\_internal\src\assets\icons\misc\more-horizontal.svg
   Compressing: C:\Users\Administrator\Documents\projects\SCDossier\dist\SCDossier\_internal\src\assets\icons\misc\more-vertical.svg
   Compressing: C:\Users\Administrator\Documents\projects\SCDossier\dist\SCDossier\_internal\src\assets\icons\misc\move.svg
   Compressing: C:\Users\Administrator\Documents\projects\SCDossier\dist\SCDossier\_internal\src\assets\icons\misc\music.svg
   Compressing: C:\Users\Administrator\Documents\projects\SCDossier\dist\SCDossier\_internal\src\assets\icons\misc\navigation-2.svg
   Compressing: C:\Users\Administrator\Documents\projects\SCDossier\dist\SCDossier\_internal\src\assets\icons\misc\navigation.svg
   Compressing: C:\Users\Administrator\Documents\projects\SCDossier\dist\SCDossier\_internal\src\assets\icons\misc\no_icon.svg
   Compressing: C:\Users\Administrator\Documents\projects\SCDossier\dist\SCDossier\_internal\src\assets\icons\misc\npm.svg
   Compressing: C:\Users\Administrator\Documents\projects\SCDossier\dist\SCDossier\_internal\src\assets\icons\misc\options-2.svg
   Compressing: C:\Users\Administrator\Documents\projects\SCDossier\dist\SCDossier\_internal\src\assets\icons\misc\options.svg
   Compressing: C:\Users\Administrator\Documents\projects\SCDossier\dist\SCDossier\_internal\src\assets\icons\misc\pantone.svg
   Compressing: C:\Users\Administrator\Documents\projects\SCDossier\dist\SCDossier\_internal\src\assets\icons\misc\paper-plane.svg
   Compressing: C:\Users\Administrator\Documents\projects\SCDossier\dist\SCDossier\_internal\src\assets\icons\misc\pause-circle.svg
   Compressing: C:\Users\Administrator\Documents\projects\SCDossier\dist\SCDossier\_internal\src\assets\icons\misc\people.svg
   Compressing: C:\Users\Administrator\Documents\projects\SCDossier\dist\SCDossier\_internal\src\assets\icons\misc\percent.svg
   Compressing: C:\Users\Administrator\Documents\projects\SCDossier\dist\SCDossier\_internal\src\assets\icons\misc\person-add.svg
   Compressing: C:\Users\Administrator\Documents\projects\SCDossier\dist\SCDossier\_internal\src\assets\icons\misc\person-delete.svg
   Compressing: C:\Users\Administrator\Documents\projects\SCDossier\dist\SCDossier\_internal\src\assets\icons\misc\person-done.svg
   Compressing: C:\Users\Administrator\Documents\projects\SCDossier\dist\SCDossier\_internal\src\assets\icons\misc\person-remove.svg
   Compressing: C:\Users\Administrator\Documents\projects\SCDossier\dist\SCDossier\_internal\src\assets\icons\misc\person.svg
   Compressing: C:\Users\Administrator\Documents\projects\SCDossier\dist\SCDossier\_internal\src\assets\icons\misc\phone-call.svg
   Compressing: C:\Users\Administrator\Documents\projects\SCDossier\dist\SCDossier\_internal\src\assets\icons\misc\phone-missed.svg
   Compressing: C:\Users\Administrator\Documents\projects\SCDossier\dist\SCDossier\_internal\src\assets\icons\misc\phone-off.svg
   Compressing: C:\Users\Administrator\Documents\projects\SCDossier\dist\SCDossier\_internal\src\assets\icons\misc\phone.svg
   Compressing: C:\Users\Administrator\Documents\projects\SCDossier\dist\SCDossier\_internal\src\assets\icons\misc\pie-chart-2.svg
   Compressing: C:\Users\Administrator\Documents\projects\SCDossier\dist\SCDossier\_internal\src\assets\icons\misc\pie-chart.svg
   Compressing: C:\Users\Administrator\Documents\projects\SCDossier\dist\SCDossier\_internal\src\assets\icons\misc\pin.svg
   Compressing: C:\Users\Administrator\Documents\projects\SCDossier\dist\SCDossier\_internal\src\assets\icons\misc\play-circle.svg
   Compressing: C:\Users\Administrator\Documents\projects\SCDossier\dist\SCDossier\_internal\src\assets\icons\misc\plus-circle.svg
   Compressing: C:\Users\Administrator\Documents\projects\SCDossier\dist\SCDossier\_internal\src\assets\icons\misc\plus-square.svg
   Compressing: C:\Users\Administrator\Documents\projects\SCDossier\dist\SCDossier\_internal\src\assets\icons\misc\plus.svg
   Compressing: C:\Users\Administrator\Documents\projects\SCDossier\dist\SCDossier\_internal\src\assets\icons\misc\power.svg
   Compressing: C:\Users\Administrator\Documents\projects\SCDossier\dist\SCDossier\_internal\src\assets\icons\misc\pricetags.svg
   Compressing: C:\Users\Administrator\Documents\projects\SCDossier\dist\SCDossier\_internal\src\assets\icons\misc\printer.svg
   Compressing: C:\Users\Administrator\Documents\projects\SCDossier\dist\SCDossier\_internal\src\assets\icons\misc\question-mark-circle.svg
   Compressing: C:\Users\Administrator\Documents\projects\SCDossier\dist\SCDossier\_internal\src\assets\icons\misc\question-mark.svg
   Compressing: C:\Users\Administrator\Documents\projects\SCDossier\dist\SCDossier\_internal\src\assets\icons\misc\question-square-fill.svg
   Compressing: C:\Users\Administrator\Documents\projects\SCDossier\dist\SCDossier\_internal\src\assets\icons\misc\question-square.svg
   Compressing: C:\Users\Administrator\Documents\projects\SCDossier\dist\SCDossier\_internal\src\assets\icons\misc\radio-button-off.svg
   Compressing: C:\Users\Administrator\Documents\projects\SCDossier\dist\SCDossier\_internal\src\assets\icons\misc\radio-button-on.svg
   Compressing: C:\Users\Administrator\Documents\projects\SCDossier\dist\SCDossier\_internal\src\assets\icons\misc\radio.svg
   Compressing: C:\Users\Administrator\Documents\projects\SCDossier\dist\SCDossier\_internal\src\assets\icons\misc\reception-0.svg
   Compressing: C:\Users\Administrator\Documents\projects\SCDossier\dist\SCDossier\_internal\src\assets\icons\misc\reception-1.svg
   Compressing: C:\Users\Administrator\Documents\projects\SCDossier\dist\SCDossier\_internal\src\assets\icons\misc\reception-2.svg
   Compressing: C:\Users\Administrator\Documents\projects\SCDossier\dist\SCDossier\_internal\src\assets\icons\misc\reception-3.svg
   Compressing: C:\Users\Administrator\Documents\projects\SCDossier\dist\SCDossier\_internal\src\assets\icons\misc\reception-4.svg
   Compressing: C:\Users\Administrator\Documents\projects\SCDossier\dist\SCDossier\_internal\src\assets\icons\misc\recording.svg
   Compressing: C:\Users\Administrator\Documents\projects\SCDossier\dist\SCDossier\_internal\src\assets\icons\misc\refresh.svg
   Compressing: C:\Users\Administrator\Documents\projects\SCDossier\dist\SCDossier\_internal\src\assets\icons\misc\repeat.svg
   Compressing: C:\Users\Administrator\Documents\projects\SCDossier\dist\SCDossier\_internal\src\assets\icons\misc\rewind-left.svg
   Compressing: C:\Users\Administrator\Documents\projects\SCDossier\dist\SCDossier\_internal\src\assets\icons\misc\rewind-right.svg
   Compressing: C:\Users\Administrator\Documents\projects\SCDossier\dist\SCDossier\_internal\src\assets\icons\misc\save.svg
   Compressing: C:\Users\Administrator\Documents\projects\SCDossier\dist\SCDossier\_internal\src\assets\icons\misc\scissors.svg
   Compressing: C:\Users\Administrator\Documents\projects\SCDossier\dist\SCDossier\_internal\src\assets\icons\misc\search.svg
   Compressing: C:\Users\Administrator\Documents\projects\SCDossier\dist\SCDossier\_internal\src\assets\icons\misc\server.svg
   Compressing: C:\Users\Administrator\Documents\projects\SCDossier\dist\SCDossier\_internal\src\assets\icons\misc\settings-2.svg
   Compressing: C:\Users\Administrator\Documents\projects\SCDossier\dist\SCDossier\_internal\src\assets\icons\misc\settings.svg
   Compressing: C:\Users\Administrator\Documents\projects\SCDossier\dist\SCDossier\_internal\src\assets\icons\misc\shake.svg
   Compressing: C:\Users\Administrator\Documents\projects\SCDossier\dist\SCDossier\_internal\src\assets\icons\misc\share.svg
   Compressing: C:\Users\Administrator\Documents\projects\SCDossier\dist\SCDossier\_internal\src\assets\icons\misc\shield-off.svg
   Compressing: C:\Users\Administrator\Documents\projects\SCDossier\dist\SCDossier\_internal\src\assets\icons\misc\shield.svg
   Compressing: C:\Users\Administrator\Documents\projects\SCDossier\dist\SCDossier\_internal\src\assets\icons\misc\shopping-bag.svg
   Compressing: C:\Users\Administrator\Documents\projects\SCDossier\dist\SCDossier\_internal\src\assets\icons\misc\shopping-cart.svg
   Compressing: C:\Users\Administrator\Documents\projects\SCDossier\dist\SCDossier\_internal\src\assets\icons\misc\shuffle-2.svg
   Compressing: C:\Users\Administrator\Documents\projects\SCDossier\dist\SCDossier\_internal\src\assets\icons\misc\shuffle.svg
   Compressing: C:\Users\Administrator\Documents\projects\SCDossier\dist\SCDossier\_internal\src\assets\icons\misc\skip-back.svg
   Compressing: C:\Users\Administrator\Documents\projects\SCDossier\dist\SCDossier\_internal\src\assets\icons\misc\skip-forward.svg
   Compressing: C:\Users\Administrator\Documents\projects\SCDossier\dist\SCDossier\_internal\src\assets\icons\misc\slash.svg
   Compressing: C:\Users\Administrator\Documents\projects\SCDossier\dist\SCDossier\_internal\src\assets\icons\misc\smartphone.svg
   Compressing: C:\Users\Administrator\Documents\projects\SCDossier\dist\SCDossier\_internal\src\assets\icons\misc\smiling-face.svg
   Compressing: C:\Users\Administrator\Documents\projects\SCDossier\dist\SCDossier\_internal\src\assets\icons\misc\speaker.svg
   Compressing: C:\Users\Administrator\Documents\projects\SCDossier\dist\SCDossier\_internal\src\assets\icons\misc\square.svg
   Compressing: C:\Users\Administrator\Documents\projects\SCDossier\dist\SCDossier\_internal\src\assets\icons\misc\star.svg
   Compressing: C:\Users\Administrator\Documents\projects\SCDossier\dist\SCDossier\_internal\src\assets\icons\misc\stop-circle.svg
   Compressing: C:\Users\Administrator\Documents\projects\SCDossier\dist\SCDossier\_internal\src\assets\icons\misc\sun.svg
   Compressing: C:\Users\Administrator\Documents\projects\SCDossier\dist\SCDossier\_internal\src\assets\icons\misc\swap.svg
   Compressing: C:\Users\Administrator\Documents\projects\SCDossier\dist\SCDossier\_internal\src\assets\icons\misc\sync.svg
   Compressing: C:\Users\Administrator\Documents\projects\SCDossier\dist\SCDossier\_internal\src\assets\icons\misc\terminal-fill.svg
   Compressing: C:\Users\Administrator\Documents\projects\SCDossier\dist\SCDossier\_internal\src\assets\icons\misc\terminal.svg
   Compressing: C:\Users\Administrator\Documents\projects\SCDossier\dist\SCDossier\_internal\src\assets\icons\misc\text.svg
   Compressing: C:\Users\Administrator\Documents\projects\SCDossier\dist\SCDossier\_internal\src\assets\icons\misc\thermometer-minus.svg
   Compressing: C:\Users\Administrator\Documents\projects\SCDossier\dist\SCDossier\_internal\src\assets\icons\misc\thermometer-plus.svg
   Compressing: C:\Users\Administrator\Documents\projects\SCDossier\dist\SCDossier\_internal\src\assets\icons\misc\thermometer.svg
   Compressing: C:\Users\Administrator\Documents\projects\SCDossier\dist\SCDossier\_internal\src\assets\icons\misc\title.svg
   Compressing: C:\Users\Administrator\Documents\projects\SCDossier\dist\SCDossier\_internal\src\assets\icons\misc\toggle-left.svg
   Compressing: C:\Users\Administrator\Documents\projects\SCDossier\dist\SCDossier\_internal\src\assets\icons\misc\toggle-right.svg
   Compressing: C:\Users\Administrator\Documents\projects\SCDossier\dist\SCDossier\_internal\src\assets\icons\misc\trash-2.svg
   Compressing: C:\Users\Administrator\Documents\projects\SCDossier\dist\SCDossier\_internal\src\assets\icons\misc\trash.svg
   Compressing: C:\Users\Administrator\Documents\projects\SCDossier\dist\SCDossier\_internal\src\assets\icons\misc\trending-down.svg
   Compressing: C:\Users\Administrator\Documents\projects\SCDossier\dist\SCDossier\_internal\src\assets\icons\misc\trending-up.svg
   Compressing: C:\Users\Administrator\Documents\projects\SCDossier\dist\SCDossier\_internal\src\assets\icons\misc\tv.svg
   Compressing: C:\Users\Administrator\Documents\projects\SCDossier\dist\SCDossier\_internal\src\assets\icons\misc\twitter.svg
   Compressing: C:\Users\Administrator\Documents\projects\SCDossier\dist\SCDossier\_internal\src\assets\icons\misc\umbrella.svg
   Compressing: C:\Users\Administrator\Documents\projects\SCDossier\dist\SCDossier\_internal\src\assets\icons\misc\undo.svg
   Compressing: C:\Users\Administrator\Documents\projects\SCDossier\dist\SCDossier\_internal\src\assets\icons\misc\unlock.svg
   Compressing: C:\Users\Administrator\Documents\projects\SCDossier\dist\SCDossier\_internal\src\assets\icons\misc\upload.svg
   Compressing: C:\Users\Administrator\Documents\projects\SCDossier\dist\SCDossier\_internal\src\assets\icons\misc\video-off.svg
   Compressing: C:\Users\Administrator\Documents\projects\SCDossier\dist\SCDossier\_internal\src\assets\icons\misc\video.svg
   Compressing: C:\Users\Administrator\Documents\projects\SCDossier\dist\SCDossier\_internal\src\assets\icons\misc\volume-down.svg
   Compressing: C:\Users\Administrator\Documents\projects\SCDossier\dist\SCDossier\_internal\src\assets\icons\misc\volume-mute.svg
   Compressing: C:\Users\Administrator\Documents\projects\SCDossier\dist\SCDossier\_internal\src\assets\icons\misc\volume-off.svg
   Compressing: C:\Users\Administrator\Documents\projects\SCDossier\dist\SCDossier\_internal\src\assets\icons\misc\volume-up.svg
   Compressing: C:\Users\Administrator\Documents\projects\SCDossier\dist\SCDossier\_internal\src\assets\icons\misc\wifi-off.svg
   Compressing: C:\Users\Administrator\Documents\projects\SCDossier\dist\SCDossier\_internal\src\assets\icons\misc\wifi.svg
   Compressing: C:\Users\Administrator\Documents\projects\SCDossier\dist\SCDossier\_internal\src\assets\icons\misc\wrench-adjustable-circle-fill.svg
   Compressing: C:\Users\Administrator\Documents\projects\SCDossier\dist\SCDossier\_internal\src\assets\icons\misc\wrench-adjustable.svg
   Compressing: C:\Users\Administrator\Documents\projects\SCDossier\dist\SCDossier\_internal\src\assets\icons\misc\x-square-fill.svg
   Compressing: C:\Users\Administrator\Documents\projects\SCDossier\dist\SCDossier\_internal\src\assets\icons\misc\x-square.svg
   Compressing: C:\Users\Administrator\Documents\projects\SCDossier\dist\SCDossier\_internal\src\assets\icons\ships\anvil\+.png
   Compressing: C:\Users\Administrator\Documents\projects\SCDossier\dist\SCDossier\_internal\src\assets\icons\ships\anvil\-.png
   Compressing: C:\Users\Administrator\Documents\projects\SCDossier\dist\SCDossier\_internal\src\assets\icons\ships\anvil\0.png
   Compressing: C:\Users\Administrator\Documents\projects\SCDossier\dist\SCDossier\_internal\src\assets\icons\ships\anvil\1.png
   Compressing: C:\Users\Administrator\Documents\projects\SCDossier\dist\SCDossier\_internal\src\assets\icons\ships\anvil\2.png
   Compressing: C:\Users\Administrator\Documents\projects\SCDossier\dist\SCDossier\_internal\src\assets\icons\ships\anvil\3.png
   Compressing: C:\Users\Administrator\Documents\projects\SCDossier\dist\SCDossier\_internal\src\assets\icons\ships\anvil\4.png
   Compressing: C:\Users\Administrator\Documents\projects\SCDossier\dist\SCDossier\_internal\src\assets\icons\ships\anvil\5.png
   Compressing: C:\Users\Administrator\Documents\projects\SCDossier\dist\SCDossier\_internal\src\assets\icons\ships\anvil\6.png
   Compressing: C:\Users\Administrator\Documents\projects\SCDossier\dist\SCDossier\_internal\src\assets\icons\ships\anvil\7.png
   Compressing: C:\Users\Administrator\Documents\projects\SCDossier\dist\SCDossier\_internal\src\assets\icons\ships\anvil\8.png
   Compressing: C:\Users\Administrator\Documents\projects\SCDossier\dist\SCDossier\_internal\src\assets\icons\ships\anvil\9.png
   Compressing: C:\Users\Administrator\Documents\projects\SCDossier\dist\SCDossier\_internal\src\assets\icons\ships\anvil\Ammo.png
   Compressing: C:\Users\Administrator\Documents\projects\SCDossier\dist\SCDossier\_internal\src\assets\icons\ships\anvil\Ammo_Repack.png
   Compressing: C:\Users\Administrator\Documents\projects\SCDossier\dist\SCDossier\_internal\src\assets\icons\ships\anvil\Arrow_Down.png
   Compressing: C:\Users\Administrator\Documents\projects\SCDossier\dist\SCDossier\_internal\src\assets\icons\ships\anvil\Arrow_Left.png
   Compressing: C:\Users\Administrator\Documents\projects\SCDossier\dist\SCDossier\_internal\src\assets\icons\ships\anvil\Arrow_Right.png
   Compressing: C:\Users\Administrator\Documents\projects\SCDossier\dist\SCDossier\_internal\src\assets\icons\ships\anvil\Arrow_Up.png
   Compressing: C:\Users\Administrator\Documents\projects\SCDossier\dist\SCDossier\_internal\src\assets\icons\ships\anvil\ATC_Text.png
   Compressing: C:\Users\Administrator\Documents\projects\SCDossier\dist\SCDossier\_internal\src\assets\icons\ships\anvil\Attention.png
   Compressing: C:\Users\Administrator\Documents\projects\SCDossier\dist\SCDossier\_internal\src\assets\icons\ships\anvil\Backpack.png
   Compressing: C:\Users\Administrator\Documents\projects\SCDossier\dist\SCDossier\_internal\src\assets\icons\ships\anvil\Ballistics.png
   Compressing: C:\Users\Administrator\Documents\projects\SCDossier\dist\SCDossier\_internal\src\assets\icons\ships\anvil\Battery.png
   Compressing: C:\Users\Administrator\Documents\projects\SCDossier\dist\SCDossier\_internal\src\assets\icons\ships\anvil\Beam.png
   Compressing: C:\Users\Administrator\Documents\projects\SCDossier\dist\SCDossier\_internal\src\assets\icons\ships\anvil\Bullet.png
   Compressing: C:\Users\Administrator\Documents\projects\SCDossier\dist\SCDossier\_internal\src\assets\icons\ships\anvil\Button.png
   Compressing: C:\Users\Administrator\Documents\projects\SCDossier\dist\SCDossier\_internal\src\assets\icons\ships\anvil\Button_Frame.png
   Compressing: C:\Users\Administrator\Documents\projects\SCDossier\dist\SCDossier\_internal\src\assets\icons\ships\anvil\Call.png
   Compressing: C:\Users\Administrator\Documents\projects\SCDossier\dist\SCDossier\_internal\src\assets\icons\ships\anvil\Camera.png
   Compressing: C:\Users\Administrator\Documents\projects\SCDossier\dist\SCDossier\_internal\src\assets\icons\ships\anvil\Cargo Bay.png
   Compressing: C:\Users\Administrator\Documents\projects\SCDossier\dist\SCDossier\_internal\src\assets\icons\ships\anvil\Caution.png
   Compressing: C:\Users\Administrator\Documents\projects\SCDossier\dist\SCDossier\_internal\src\assets\icons\ships\anvil\Caution_Bars.png
   Compressing: C:\Users\Administrator\Documents\projects\SCDossier\dist\SCDossier\_internal\src\assets\icons\ships\anvil\Close.png
   Compressing: C:\Users\Administrator\Documents\projects\SCDossier\dist\SCDossier\_internal\src\assets\icons\ships\anvil\CLOSE_Text.png
   Compressing: C:\Users\Administrator\Documents\projects\SCDossier\dist\SCDossier\_internal\src\assets\icons\ships\anvil\Comms.png
   Compressing: C:\Users\Administrator\Documents\projects\SCDossier\dist\SCDossier\_internal\src\assets\icons\ships\anvil\COOL_Text.png
   Compressing: C:\Users\Administrator\Documents\projects\SCDossier\dist\SCDossier\_internal\src\assets\icons\ships\anvil\CPLD_Text.png
   Compressing: C:\Users\Administrator\Documents\projects\SCDossier\dist\SCDossier\_internal\src\assets\icons\ships\anvil\EJECT_Text.png
   Compressing: C:\Users\Administrator\Documents\projects\SCDossier\dist\SCDossier\_internal\src\assets\icons\ships\anvil\Elevator.png
   Compressing: C:\Users\Administrator\Documents\projects\SCDossier\dist\SCDossier\_internal\src\assets\icons\ships\anvil\End Call.png
   Compressing: C:\Users\Administrator\Documents\projects\SCDossier\dist\SCDossier\_internal\src\assets\icons\ships\anvil\Energy.png
   Compressing: C:\Users\Administrator\Documents\projects\SCDossier\dist\SCDossier\_internal\src\assets\icons\ships\anvil\ESP_Text.png
   Compressing: C:\Users\Administrator\Documents\projects\SCDossier\dist\SCDossier\_internal\src\assets\icons\ships\anvil\Exit.png
   Compressing: C:\Users\Administrator\Documents\projects\SCDossier\dist\SCDossier\_internal\src\assets\icons\ships\anvil\EXTEND_Text.png
   Compressing: C:\Users\Administrator\Documents\projects\SCDossier\dist\SCDossier\_internal\src\assets\icons\ships\anvil\FiringMode_1.png
   Compressing: C:\Users\Administrator\Documents\projects\SCDossier\dist\SCDossier\_internal\src\assets\icons\ships\anvil\FiringMode_2.png
   Compressing: C:\Users\Administrator\Documents\projects\SCDossier\dist\SCDossier\_internal\src\assets\icons\ships\anvil\FiringMode_3.png
   Compressing: C:\Users\Administrator\Documents\projects\SCDossier\dist\SCDossier\_internal\src\assets\icons\ships\anvil\FOIP.png
   Compressing: C:\Users\Administrator\Documents\projects\SCDossier\dist\SCDossier\_internal\src\assets\icons\ships\anvil\GEAR_Text.png
   Compressing: C:\Users\Administrator\Documents\projects\SCDossier\dist\SCDossier\_internal\src\assets\icons\ships\anvil\Grenade.png
   Compressing: C:\Users\Administrator\Documents\projects\SCDossier\dist\SCDossier\_internal\src\assets\icons\ships\anvil\GSAF_Text.png
   Compressing: C:\Users\Administrator\Documents\projects\SCDossier\dist\SCDossier\_internal\src\assets\icons\ships\anvil\Health_1.png
   Compressing: C:\Users\Administrator\Documents\projects\SCDossier\dist\SCDossier\_internal\src\assets\icons\ships\anvil\Health_2.png
   Compressing: C:\Users\Administrator\Documents\projects\SCDossier\dist\SCDossier\_internal\src\assets\icons\ships\anvil\Health_3.png
   Compressing: C:\Users\Administrator\Documents\projects\SCDossier\dist\SCDossier\_internal\src\assets\icons\ships\anvil\Heart.png
   Compressing: C:\Users\Administrator\Documents\projects\SCDossier\dist\SCDossier\_internal\src\assets\icons\ships\anvil\High Voltage.png
   Compressing: C:\Users\Administrator\Documents\projects\SCDossier\dist\SCDossier\_internal\src\assets\icons\ships\anvil\HIT_Text.png
   Compressing: C:\Users\Administrator\Documents\projects\SCDossier\dist\SCDossier\_internal\src\assets\icons\ships\anvil\Home.png
   Compressing: C:\Users\Administrator\Documents\projects\SCDossier\dist\SCDossier\_internal\src\assets\icons\ships\anvil\Hydrogen.png
   Compressing: C:\Users\Administrator\Documents\projects\SCDossier\dist\SCDossier\_internal\src\assets\icons\ships\anvil\Info.png
   Compressing: C:\Users\Administrator\Documents\projects\SCDossier\dist\SCDossier\_internal\src\assets\icons\ships\anvil\Inventory.png
   Compressing: C:\Users\Administrator\Documents\projects\SCDossier\dist\SCDossier\_internal\src\assets\icons\ships\anvil\JETT_Text.png
   Compressing: C:\Users\Administrator\Documents\projects\SCDossier\dist\SCDossier\_internal\src\assets\icons\ships\anvil\Journal.png
   Compressing: C:\Users\Administrator\Documents\projects\SCDossier\dist\SCDossier\_internal\src\assets\icons\ships\anvil\Landing Gear.png
   Compressing: C:\Users\Administrator\Documents\projects\SCDossier\dist\SCDossier\_internal\src\assets\icons\ships\anvil\Law.png
   Compressing: C:\Users\Administrator\Documents\projects\SCDossier\dist\SCDossier\_internal\src\assets\icons\ships\anvil\Lights.png
   Compressing: C:\Users\Administrator\Documents\projects\SCDossier\dist\SCDossier\_internal\src\assets\icons\ships\anvil\Lock.png
   Compressing: C:\Users\Administrator\Documents\projects\SCDossier\dist\SCDossier\_internal\src\assets\icons\ships\anvil\MediPen.png
   Compressing: C:\Users\Administrator\Documents\projects\SCDossier\dist\SCDossier\_internal\src\assets\icons\ships\anvil\Microphone.png
   Compressing: C:\Users\Administrator\Documents\projects\SCDossier\dist\SCDossier\_internal\src\assets\icons\ships\anvil\Microphone_Mute.png
   Compressing: C:\Users\Administrator\Documents\projects\SCDossier\dist\SCDossier\_internal\src\assets\icons\ships\anvil\MISL_Text.png
   Compressing: C:\Users\Administrator\Documents\projects\SCDossier\dist\SCDossier\_internal\src\assets\icons\ships\anvil\MobiGlas.png
   Compressing: C:\Users\Administrator\Documents\projects\SCDossier\dist\SCDossier\_internal\src\assets\icons\ships\anvil\NAV & SCM_SCN.png
   Compressing: C:\Users\Administrator\Documents\projects\SCDossier\dist\SCDossier\_internal\src\assets\icons\ships\anvil\NAV_FLT.png
   Compressing: C:\Users\Administrator\Documents\projects\SCDossier\dist\SCDossier\_internal\src\assets\icons\ships\anvil\NAV_QT.png
   Compressing: C:\Users\Administrator\Documents\projects\SCDossier\dist\SCDossier\_internal\src\assets\icons\ships\anvil\NAV_Text.png
   Compressing: C:\Users\Administrator\Documents\projects\SCDossier\dist\SCDossier\_internal\src\assets\icons\ships\anvil\No Access.png
   Compressing: C:\Users\Administrator\Documents\projects\SCDossier\dist\SCDossier\_internal\src\assets\icons\ships\anvil\NO_Text.png
   Compressing: C:\Users\Administrator\Documents\projects\SCDossier\dist\SCDossier\_internal\src\assets\icons\ships\anvil\OK_Text.png
   Compressing: C:\Users\Administrator\Documents\projects\SCDossier\dist\SCDossier\_internal\src\assets\icons\ships\anvil\OPEN-CLOSE_Text.png
   Compressing: C:\Users\Administrator\Documents\projects\SCDossier\dist\SCDossier\_internal\src\assets\icons\ships\anvil\OPEN_Text.png
   Compressing: C:\Users\Administrator\Documents\projects\SCDossier\dist\SCDossier\_internal\src\assets\icons\ships\anvil\Photo.png
   Compressing: C:\Users\Administrator\Documents\projects\SCDossier\dist\SCDossier\_internal\src\assets\icons\ships\anvil\Pin.png
   Compressing: C:\Users\Administrator\Documents\projects\SCDossier\dist\SCDossier\_internal\src\assets\icons\ships\anvil\Ping.png
   Compressing: C:\Users\Administrator\Documents\projects\SCDossier\dist\SCDossier\_internal\src\assets\icons\ships\anvil\Power Output.png
   Compressing: C:\Users\Administrator\Documents\projects\SCDossier\dist\SCDossier\_internal\src\assets\icons\ships\anvil\PROX_Text.png
   Compressing: C:\Users\Administrator\Documents\projects\SCDossier\dist\SCDossier\_internal\src\assets\icons\ships\anvil\PWR_Text.png
   Compressing: C:\Users\Administrator\Documents\projects\SCDossier\dist\SCDossier\_internal\src\assets\icons\ships\anvil\QTM_Text.png
   Compressing: C:\Users\Administrator\Documents\projects\SCDossier\dist\SCDossier\_internal\src\assets\icons\ships\anvil\QT_Text.png
   Compressing: C:\Users\Administrator\Documents\projects\SCDossier\dist\SCDossier\_internal\src\assets\icons\ships\anvil\Quantum.png
   Compressing: C:\Users\Administrator\Documents\projects\SCDossier\dist\SCDossier\_internal\src\assets\icons\ships\anvil\RADR_Text.png
   Compressing: C:\Users\Administrator\Documents\projects\SCDossier\dist\SCDossier\_internal\src\assets\icons\ships\anvil\Refresh.png
   Compressing: C:\Users\Administrator\Documents\projects\SCDossier\dist\SCDossier\_internal\src\assets\icons\ships\anvil\RESET_Text.png
   Compressing: C:\Users\Administrator\Documents\projects\SCDossier\dist\SCDossier\_internal\src\assets\icons\ships\anvil\RETRACT_TEXT.png
   Compressing: C:\Users\Administrator\Documents\projects\SCDossier\dist\SCDossier\_internal\src\assets\icons\ships\anvil\Return.png
   Compressing: C:\Users\Administrator\Documents\projects\SCDossier\dist\SCDossier\_internal\src\assets\icons\ships\anvil\SCM_GUN.png
   Compressing: C:\Users\Administrator\Documents\projects\SCDossier\dist\SCDossier\_internal\src\assets\icons\ships\anvil\SCM_MSL.png
   Compressing: C:\Users\Administrator\Documents\projects\SCDossier\dist\SCDossier\_internal\src\assets\icons\ships\anvil\Shield.png
   Compressing: C:\Users\Administrator\Documents\projects\SCDossier\dist\SCDossier\_internal\src\assets\icons\ships\anvil\Shield_Down.png
   Compressing: C:\Users\Administrator\Documents\projects\SCDossier\dist\SCDossier\_internal\src\assets\icons\ships\anvil\Shield_Frame_BottomLeft.png
   Compressing: C:\Users\Administrator\Documents\projects\SCDossier\dist\SCDossier\_internal\src\assets\icons\ships\anvil\Shield_Frame_BottomRight.png
   Compressing: C:\Users\Administrator\Documents\projects\SCDossier\dist\SCDossier\_internal\src\assets\icons\ships\anvil\Shield_Frame_TopLeft.png
   Compressing: C:\Users\Administrator\Documents\projects\SCDossier\dist\SCDossier\_internal\src\assets\icons\ships\anvil\Shield_Frame_TopRight.png
   Compressing: C:\Users\Administrator\Documents\projects\SCDossier\dist\SCDossier\_internal\src\assets\icons\ships\anvil\Shield_Left.png
   Compressing: C:\Users\Administrator\Documents\projects\SCDossier\dist\SCDossier\_internal\src\assets\icons\ships\anvil\Shield_Middle.png
   Compressing: C:\Users\Administrator\Documents\projects\SCDossier\dist\SCDossier\_internal\src\assets\icons\ships\anvil\Shield_Right.png
   Compressing: C:\Users\Administrator\Documents\projects\SCDossier\dist\SCDossier\_internal\src\assets\icons\ships\anvil\Shield_Up.png
   Compressing: C:\Users\Administrator\Documents\projects\SCDossier\dist\SCDossier\_internal\src\assets\icons\ships\anvil\Shield__Frame_Bottom.png
   Compressing: C:\Users\Administrator\Documents\projects\SCDossier\dist\SCDossier\_internal\src\assets\icons\ships\anvil\Shield__Frame_Top.png
   Compressing: C:\Users\Administrator\Documents\projects\SCDossier\dist\SCDossier\_internal\src\assets\icons\ships\anvil\Ship_CS.png
   Compressing: C:\Users\Administrator\Documents\projects\SCDossier\dist\SCDossier\_internal\src\assets\icons\ships\anvil\Ship_EM.png
   Compressing: C:\Users\Administrator\Documents\projects\SCDossier\dist\SCDossier\_internal\src\assets\icons\ships\anvil\Ship_IR.png
   Compressing: C:\Users\Administrator\Documents\projects\SCDossier\dist\SCDossier\_internal\src\assets\icons\ships\anvil\SHLD_Text.png
   Compressing: C:\Users\Administrator\Documents\projects\SCDossier\dist\SCDossier\_internal\src\assets\icons\ships\anvil\Signal.png
   Compressing: C:\Users\Administrator\Documents\projects\SCDossier\dist\SCDossier\_internal\src\assets\icons\ships\anvil\START_Text.png
   Compressing: C:\Users\Administrator\Documents\projects\SCDossier\dist\SCDossier\_internal\src\assets\icons\ships\anvil\Stopwatch.png
   Compressing: C:\Users\Administrator\Documents\projects\SCDossier\dist\SCDossier\_internal\src\assets\icons\ships\anvil\STOP_Text.png
   Compressing: C:\Users\Administrator\Documents\projects\SCDossier\dist\SCDossier\_internal\src\assets\icons\ships\anvil\Systems_Cooling.png
   Compressing: C:\Users\Administrator\Documents\projects\SCDossier\dist\SCDossier\_internal\src\assets\icons\ships\anvil\Systems_QTM.png
   Compressing: C:\Users\Administrator\Documents\projects\SCDossier\dist\SCDossier\_internal\src\assets\icons\ships\anvil\Systems_SHLD.png
   Compressing: C:\Users\Administrator\Documents\projects\SCDossier\dist\SCDossier\_internal\src\assets\icons\ships\anvil\Systems_THR.png
   Compressing: C:\Users\Administrator\Documents\projects\SCDossier\dist\SCDossier\_internal\src\assets\icons\ships\anvil\Systems_Tractor_Beam.png
   Compressing: C:\Users\Administrator\Documents\projects\SCDossier\dist\SCDossier\_internal\src\assets\icons\ships\anvil\Systems_WPN.png
   Compressing: C:\Users\Administrator\Documents\projects\SCDossier\dist\SCDossier\_internal\src\assets\icons\ships\anvil\Target_Auto.png
   Compressing: C:\Users\Administrator\Documents\projects\SCDossier\dist\SCDossier\_internal\src\assets\icons\ships\anvil\Target_Lock.png
   Compressing: C:\Users\Administrator\Documents\projects\SCDossier\dist\SCDossier\_internal\src\assets\icons\ships\anvil\Thruster.png
   Compressing: C:\Users\Administrator\Documents\projects\SCDossier\dist\SCDossier\_internal\src\assets\icons\ships\anvil\Thruster_VTOL.png
   Compressing: C:\Users\Administrator\Documents\projects\SCDossier\dist\SCDossier\_internal\src\assets\icons\ships\anvil\THR_Text.png
   Compressing: C:\Users\Administrator\Documents\projects\SCDossier\dist\SCDossier\_internal\src\assets\icons\ships\anvil\Tick.png
   Compressing: C:\Users\Administrator\Documents\projects\SCDossier\dist\SCDossier\_internal\src\assets\icons\ships\anvil\UEC.png
   Compressing: C:\Users\Administrator\Documents\projects\SCDossier\dist\SCDossier\_internal\src\assets\icons\ships\anvil\Unlock.png
   Compressing: C:\Users\Administrator\Documents\projects\SCDossier\dist\SCDossier\_internal\src\assets\icons\ships\anvil\User.png
   Compressing: C:\Users\Administrator\Documents\projects\SCDossier\dist\SCDossier\_internal\src\assets\icons\ships\anvil\Vehicle Bay.png
   Compressing: C:\Users\Administrator\Documents\projects\SCDossier\dist\SCDossier\_internal\src\assets\icons\ships\anvil\Video.png
   Compressing: C:\Users\Administrator\Documents\projects\SCDossier\dist\SCDossier\_internal\src\assets\icons\ships\anvil\VTOL_Text.png
   Compressing: C:\Users\Administrator\Documents\projects\SCDossier\dist\SCDossier\_internal\src\assets\icons\ships\anvil\WIND-FOLD_Text.png
   Compressing: C:\Users\Administrator\Documents\projects\SCDossier\dist\SCDossier\_internal\src\assets\icons\ships\anvil\WPN_Text.png
   Compressing: C:\Users\Administrator\Documents\projects\SCDossier\dist\SCDossier\_internal\src\assets\icons\ships\anvil\YES_Text.png
   Compressing: C:\Users\Administrator\Documents\projects\SCDossier\dist\SCDossier\_internal\src\assets\icons\ships\default\+.png
   Compressing: C:\Users\Administrator\Documents\projects\SCDossier\dist\SCDossier\_internal\src\assets\icons\ships\default\-.png
   Compressing: C:\Users\Administrator\Documents\projects\SCDossier\dist\SCDossier\_internal\src\assets\icons\ships\default\0.png
   Compressing: C:\Users\Administrator\Documents\projects\SCDossier\dist\SCDossier\_internal\src\assets\icons\ships\default\1.png
   Compressing: C:\Users\Administrator\Documents\projects\SCDossier\dist\SCDossier\_internal\src\assets\icons\ships\default\2.png
   Compressing: C:\Users\Administrator\Documents\projects\SCDossier\dist\SCDossier\_internal\src\assets\icons\ships\default\3.png
   Compressing: C:\Users\Administrator\Documents\projects\SCDossier\dist\SCDossier\_internal\src\assets\icons\ships\default\4.png
   Compressing: C:\Users\Administrator\Documents\projects\SCDossier\dist\SCDossier\_internal\src\assets\icons\ships\default\5.png
   Compressing: C:\Users\Administrator\Documents\projects\SCDossier\dist\SCDossier\_internal\src\assets\icons\ships\default\6.png
   Compressing: C:\Users\Administrator\Documents\projects\SCDossier\dist\SCDossier\_internal\src\assets\icons\ships\default\7.png
   Compressing: C:\Users\Administrator\Documents\projects\SCDossier\dist\SCDossier\_internal\src\assets\icons\ships\default\8.png
   Compressing: C:\Users\Administrator\Documents\projects\SCDossier\dist\SCDossier\_internal\src\assets\icons\ships\default\9.png
   Compressing: C:\Users\Administrator\Documents\projects\SCDossier\dist\SCDossier\_internal\src\assets\icons\ships\default\Ammo.png
   Compressing: C:\Users\Administrator\Documents\projects\SCDossier\dist\SCDossier\_internal\src\assets\icons\ships\default\Ammo_Repack.png
   Compressing: C:\Users\Administrator\Documents\projects\SCDossier\dist\SCDossier\_internal\src\assets\icons\ships\default\Arrow_Down.png
   Compressing: C:\Users\Administrator\Documents\projects\SCDossier\dist\SCDossier\_internal\src\assets\icons\ships\default\Arrow_Left.png
   Compressing: C:\Users\Administrator\Documents\projects\SCDossier\dist\SCDossier\_internal\src\assets\icons\ships\default\Arrow_Right.png
   Compressing: C:\Users\Administrator\Documents\projects\SCDossier\dist\SCDossier\_internal\src\assets\icons\ships\default\Arrow_Up.png
   Compressing: C:\Users\Administrator\Documents\projects\SCDossier\dist\SCDossier\_internal\src\assets\icons\ships\default\ATC_Text.png
   Compressing: C:\Users\Administrator\Documents\projects\SCDossier\dist\SCDossier\_internal\src\assets\icons\ships\default\Attention.png
   Compressing: C:\Users\Administrator\Documents\projects\SCDossier\dist\SCDossier\_internal\src\assets\icons\ships\default\Backpack.png
   Compressing: C:\Users\Administrator\Documents\projects\SCDossier\dist\SCDossier\_internal\src\assets\icons\ships\default\Ballistics.png
   Compressing: C:\Users\Administrator\Documents\projects\SCDossier\dist\SCDossier\_internal\src\assets\icons\ships\default\Battery.png
   Compressing: C:\Users\Administrator\Documents\projects\SCDossier\dist\SCDossier\_internal\src\assets\icons\ships\default\Beam.png
   Compressing: C:\Users\Administrator\Documents\projects\SCDossier\dist\SCDossier\_internal\src\assets\icons\ships\default\Bullet.png
   Compressing: C:\Users\Administrator\Documents\projects\SCDossier\dist\SCDossier\_internal\src\assets\icons\ships\default\Button.png
   Compressing: C:\Users\Administrator\Documents\projects\SCDossier\dist\SCDossier\_internal\src\assets\icons\ships\default\Button_Frame.png
   Compressing: C:\Users\Administrator\Documents\projects\SCDossier\dist\SCDossier\_internal\src\assets\icons\ships\default\Call.png
   Compressing: C:\Users\Administrator\Documents\projects\SCDossier\dist\SCDossier\_internal\src\assets\icons\ships\default\Camera.png
   Compressing: C:\Users\Administrator\Documents\projects\SCDossier\dist\SCDossier\_internal\src\assets\icons\ships\default\Cargo Bay.png
   Compressing: C:\Users\Administrator\Documents\projects\SCDossier\dist\SCDossier\_internal\src\assets\icons\ships\default\Caution.png
   Compressing: C:\Users\Administrator\Documents\projects\SCDossier\dist\SCDossier\_internal\src\assets\icons\ships\default\Caution_Bars.png
   Compressing: C:\Users\Administrator\Documents\projects\SCDossier\dist\SCDossier\_internal\src\assets\icons\ships\default\Close.png
   Compressing: C:\Users\Administrator\Documents\projects\SCDossier\dist\SCDossier\_internal\src\assets\icons\ships\default\CLOSE_Text.png
   Compressing: C:\Users\Administrator\Documents\projects\SCDossier\dist\SCDossier\_internal\src\assets\icons\ships\default\Comms.png
   Compressing: C:\Users\Administrator\Documents\projects\SCDossier\dist\SCDossier\_internal\src\assets\icons\ships\default\COOL_Text.png
   Compressing: C:\Users\Administrator\Documents\projects\SCDossier\dist\SCDossier\_internal\src\assets\icons\ships\default\CPLD_Text.png
   Compressing: C:\Users\Administrator\Documents\projects\SCDossier\dist\SCDossier\_internal\src\assets\icons\ships\default\EJECT_Text.png
   Compressing: C:\Users\Administrator\Documents\projects\SCDossier\dist\SCDossier\_internal\src\assets\icons\ships\default\Elevator.png
   Compressing: C:\Users\Administrator\Documents\projects\SCDossier\dist\SCDossier\_internal\src\assets\icons\ships\default\End Call.png
   Compressing: C:\Users\Administrator\Documents\projects\SCDossier\dist\SCDossier\_internal\src\assets\icons\ships\default\Energy.png
   Compressing: C:\Users\Administrator\Documents\projects\SCDossier\dist\SCDossier\_internal\src\assets\icons\ships\default\ESP_Text.png
   Compressing: C:\Users\Administrator\Documents\projects\SCDossier\dist\SCDossier\_internal\src\assets\icons\ships\default\Exit.png
   Compressing: C:\Users\Administrator\Documents\projects\SCDossier\dist\SCDossier\_internal\src\assets\icons\ships\default\EXTEND_Text.png
   Compressing: C:\Users\Administrator\Documents\projects\SCDossier\dist\SCDossier\_internal\src\assets\icons\ships\default\FiringMode_1.png
   Compressing: C:\Users\Administrator\Documents\projects\SCDossier\dist\SCDossier\_internal\src\assets\icons\ships\default\FiringMode_2.png
   Compressing: C:\Users\Administrator\Documents\projects\SCDossier\dist\SCDossier\_internal\src\assets\icons\ships\default\FiringMode_3.png
   Compressing: C:\Users\Administrator\Documents\projects\SCDossier\dist\SCDossier\_internal\src\assets\icons\ships\default\FOIP.png
   Compressing: C:\Users\Administrator\Documents\projects\SCDossier\dist\SCDossier\_internal\src\assets\icons\ships\default\GEAR_Text.png
   Compressing: C:\Users\Administrator\Documents\projects\SCDossier\dist\SCDossier\_internal\src\assets\icons\ships\default\Grenade.png
   Compressing: C:\Users\Administrator\Documents\projects\SCDossier\dist\SCDossier\_internal\src\assets\icons\ships\default\GSAF_Text.png
   Compressing: C:\Users\Administrator\Documents\projects\SCDossier\dist\SCDossier\_internal\src\assets\icons\ships\default\Health_1.png
   Compressing: C:\Users\Administrator\Documents\projects\SCDossier\dist\SCDossier\_internal\src\assets\icons\ships\default\Health_2.png
   Compressing: C:\Users\Administrator\Documents\projects\SCDossier\dist\SCDossier\_internal\src\assets\icons\ships\default\Health_3.png
   Compressing: C:\Users\Administrator\Documents\projects\SCDossier\dist\SCDossier\_internal\src\assets\icons\ships\default\Heart.png
   Compressing: C:\Users\Administrator\Documents\projects\SCDossier\dist\SCDossier\_internal\src\assets\icons\ships\default\High Voltage.png
   Compressing: C:\Users\Administrator\Documents\projects\SCDossier\dist\SCDossier\_internal\src\assets\icons\ships\default\HIT_Text.png
   Compressing: C:\Users\Administrator\Documents\projects\SCDossier\dist\SCDossier\_internal\src\assets\icons\ships\default\Home.png
   Compressing: C:\Users\Administrator\Documents\projects\SCDossier\dist\SCDossier\_internal\src\assets\icons\ships\default\Hydrogen.png
   Compressing: C:\Users\Administrator\Documents\projects\SCDossier\dist\SCDossier\_internal\src\assets\icons\ships\default\Info.png
   Compressing: C:\Users\Administrator\Documents\projects\SCDossier\dist\SCDossier\_internal\src\assets\icons\ships\default\Inventory.png
   Compressing: C:\Users\Administrator\Documents\projects\SCDossier\dist\SCDossier\_internal\src\assets\icons\ships\default\JETT_Text.png
   Compressing: C:\Users\Administrator\Documents\projects\SCDossier\dist\SCDossier\_internal\src\assets\icons\ships\default\Journal.png
   Compressing: C:\Users\Administrator\Documents\projects\SCDossier\dist\SCDossier\_internal\src\assets\icons\ships\default\Landing Gear.png
   Compressing: C:\Users\Administrator\Documents\projects\SCDossier\dist\SCDossier\_internal\src\assets\icons\ships\default\Law.png
   Compressing: C:\Users\Administrator\Documents\projects\SCDossier\dist\SCDossier\_internal\src\assets\icons\ships\default\Lights.png
   Compressing: C:\Users\Administrator\Documents\projects\SCDossier\dist\SCDossier\_internal\src\assets\icons\ships\default\Lock.png
   Compressing: C:\Users\Administrator\Documents\projects\SCDossier\dist\SCDossier\_internal\src\assets\icons\ships\default\MediPen.png
   Compressing: C:\Users\Administrator\Documents\projects\SCDossier\dist\SCDossier\_internal\src\assets\icons\ships\default\Microphone.png
   Compressing: C:\Users\Administrator\Documents\projects\SCDossier\dist\SCDossier\_internal\src\assets\icons\ships\default\Microphone_Mute.png
   Compressing: C:\Users\Administrator\Documents\projects\SCDossier\dist\SCDossier\_internal\src\assets\icons\ships\default\MISL_Text.png
   Compressing: C:\Users\Administrator\Documents\projects\SCDossier\dist\SCDossier\_internal\src\assets\icons\ships\default\MobiGlas.png
   Compressing: C:\Users\Administrator\Documents\projects\SCDossier\dist\SCDossier\_internal\src\assets\icons\ships\default\NAV & SCM_SCN.png
   Compressing: C:\Users\Administrator\Documents\projects\SCDossier\dist\SCDossier\_internal\src\assets\icons\ships\default\NAV_FLT.png
   Compressing: C:\Users\Administrator\Documents\projects\SCDossier\dist\SCDossier\_internal\src\assets\icons\ships\default\NAV_QT.png
   Compressing: C:\Users\Administrator\Documents\projects\SCDossier\dist\SCDossier\_internal\src\assets\icons\ships\default\NAV_Text.png
   Compressing: C:\Users\Administrator\Documents\projects\SCDossier\dist\SCDossier\_internal\src\assets\icons\ships\default\No Access.png
   Compressing: C:\Users\Administrator\Documents\projects\SCDossier\dist\SCDossier\_internal\src\assets\icons\ships\default\NO_Text.png
   Compressing: C:\Users\Administrator\Documents\projects\SCDossier\dist\SCDossier\_internal\src\assets\icons\ships\default\OK_Text.png
   Compressing: C:\Users\Administrator\Documents\projects\SCDossier\dist\SCDossier\_internal\src\assets\icons\ships\default\OPEN-CLOSE_Text.png
   Compressing: C:\Users\Administrator\Documents\projects\SCDossier\dist\SCDossier\_internal\src\assets\icons\ships\default\OPEN_Text.png
   Compressing: C:\Users\Administrator\Documents\projects\SCDossier\dist\SCDossier\_internal\src\assets\icons\ships\default\Photo.png
   Compressing: C:\Users\Administrator\Documents\projects\SCDossier\dist\SCDossier\_internal\src\assets\icons\ships\default\Pin.png
   Compressing: C:\Users\Administrator\Documents\projects\SCDossier\dist\SCDossier\_internal\src\assets\icons\ships\default\Ping.png
   Compressing: C:\Users\Administrator\Documents\projects\SCDossier\dist\SCDossier\_internal\src\assets\icons\ships\default\Power Output.png
   Compressing: C:\Users\Administrator\Documents\projects\SCDossier\dist\SCDossier\_internal\src\assets\icons\ships\default\PROX_Text.png
   Compressing: C:\Users\Administrator\Documents\projects\SCDossier\dist\SCDossier\_internal\src\assets\icons\ships\default\PWR_Text.png
   Compressing: C:\Users\Administrator\Documents\projects\SCDossier\dist\SCDossier\_internal\src\assets\icons\ships\default\QTM_Text.png
   Compressing: C:\Users\Administrator\Documents\projects\SCDossier\dist\SCDossier\_internal\src\assets\icons\ships\default\QT_Text.png
   Compressing: C:\Users\Administrator\Documents\projects\SCDossier\dist\SCDossier\_internal\src\assets\icons\ships\default\Quantum.png
   Compressing: C:\Users\Administrator\Documents\projects\SCDossier\dist\SCDossier\_internal\src\assets\icons\ships\default\RADR_Text.png
   Compressing: C:\Users\Administrator\Documents\projects\SCDossier\dist\SCDossier\_internal\src\assets\icons\ships\default\Refresh.png
   Compressing: C:\Users\Administrator\Documents\projects\SCDossier\dist\SCDossier\_internal\src\assets\icons\ships\default\RESET_Text.png
   Compressing: C:\Users\Administrator\Documents\projects\SCDossier\dist\SCDossier\_internal\src\assets\icons\ships\default\RETRACT_TEXT.png
   Compressing: C:\Users\Administrator\Documents\projects\SCDossier\dist\SCDossier\_internal\src\assets\icons\ships\default\Return.png
   Compressing: C:\Users\Administrator\Documents\projects\SCDossier\dist\SCDossier\_internal\src\assets\icons\ships\default\SCM_GUN.png
   Compressing: C:\Users\Administrator\Documents\projects\SCDossier\dist\SCDossier\_internal\src\assets\icons\ships\default\SCM_MSL.png
   Compressing: C:\Users\Administrator\Documents\projects\SCDossier\dist\SCDossier\_internal\src\assets\icons\ships\default\Shield.png
   Compressing: C:\Users\Administrator\Documents\projects\SCDossier\dist\SCDossier\_internal\src\assets\icons\ships\default\Shield_Down.png
   Compressing: C:\Users\Administrator\Documents\projects\SCDossier\dist\SCDossier\_internal\src\assets\icons\ships\default\Shield_Frame_BottomLeft.png
   Compressing: C:\Users\Administrator\Documents\projects\SCDossier\dist\SCDossier\_internal\src\assets\icons\ships\default\Shield_Frame_BottomRight.png
   Compressing: C:\Users\Administrator\Documents\projects\SCDossier\dist\SCDossier\_internal\src\assets\icons\ships\default\Shield_Frame_TopLeft.png
   Compressing: C:\Users\Administrator\Documents\projects\SCDossier\dist\SCDossier\_internal\src\assets\icons\ships\default\Shield_Frame_TopRight.png
   Compressing: C:\Users\Administrator\Documents\projects\SCDossier\dist\SCDossier\_internal\src\assets\icons\ships\default\Shield_Left.png
   Compressing: C:\Users\Administrator\Documents\projects\SCDossier\dist\SCDossier\_internal\src\assets\icons\ships\default\Shield_Middle.png
   Compressing: C:\Users\Administrator\Documents\projects\SCDossier\dist\SCDossier\_internal\src\assets\icons\ships\default\Shield_Right.png
   Compressing: C:\Users\Administrator\Documents\projects\SCDossier\dist\SCDossier\_internal\src\assets\icons\ships\default\Shield_Up.png
   Compressing: C:\Users\Administrator\Documents\projects\SCDossier\dist\SCDossier\_internal\src\assets\icons\ships\default\Shield__Frame_Bottom.png
   Compressing: C:\Users\Administrator\Documents\projects\SCDossier\dist\SCDossier\_internal\src\assets\icons\ships\default\Shield__Frame_Top.png
   Compressing: C:\Users\Administrator\Documents\projects\SCDossier\dist\SCDossier\_internal\src\assets\icons\ships\default\Ship_CS.png
   Compressing: C:\Users\Administrator\Documents\projects\SCDossier\dist\SCDossier\_internal\src\assets\icons\ships\default\Ship_EM.png
   Compressing: C:\Users\Administrator\Documents\projects\SCDossier\dist\SCDossier\_internal\src\assets\icons\ships\default\Ship_IR.png
   Compressing: C:\Users\Administrator\Documents\projects\SCDossier\dist\SCDossier\_internal\src\assets\icons\ships\default\SHLD_Text.png
   Compressing: C:\Users\Administrator\Documents\projects\SCDossier\dist\SCDossier\_internal\src\assets\icons\ships\default\Signal.png
   Compressing: C:\Users\Administrator\Documents\projects\SCDossier\dist\SCDossier\_internal\src\assets\icons\ships\default\START_Text.png
   Compressing: C:\Users\Administrator\Documents\projects\SCDossier\dist\SCDossier\_internal\src\assets\icons\ships\default\Stopwatch.png
   Compressing: C:\Users\Administrator\Documents\projects\SCDossier\dist\SCDossier\_internal\src\assets\icons\ships\default\STOP_Text.png
   Compressing: C:\Users\Administrator\Documents\projects\SCDossier\dist\SCDossier\_internal\src\assets\icons\ships\default\Systems_Cooling.png
   Compressing: C:\Users\Administrator\Documents\projects\SCDossier\dist\SCDossier\_internal\src\assets\icons\ships\default\Systems_QTM.png
   Compressing: C:\Users\Administrator\Documents\projects\SCDossier\dist\SCDossier\_internal\src\assets\icons\ships\default\Systems_SHLD.png
   Compressing: C:\Users\Administrator\Documents\projects\SCDossier\dist\SCDossier\_internal\src\assets\icons\ships\default\Systems_THR.png
   Compressing: C:\Users\Administrator\Documents\projects\SCDossier\dist\SCDossier\_internal\src\assets\icons\ships\default\Systems_Tractor_Beam.png
   Compressing: C:\Users\Administrator\Documents\projects\SCDossier\dist\SCDossier\_internal\src\assets\icons\ships\default\Systems_WPN.png
   Compressing: C:\Users\Administrator\Documents\projects\SCDossier\dist\SCDossier\_internal\src\assets\icons\ships\default\Target_Auto.png
   Compressing: C:\Users\Administrator\Documents\projects\SCDossier\dist\SCDossier\_internal\src\assets\icons\ships\default\Target_Lock.png
   Compressing: C:\Users\Administrator\Documents\projects\SCDossier\dist\SCDossier\_internal\src\assets\icons\ships\default\Thruster.png
   Compressing: C:\Users\Administrator\Documents\projects\SCDossier\dist\SCDossier\_internal\src\assets\icons\ships\default\Thruster_VTOL.png
   Compressing: C:\Users\Administrator\Documents\projects\SCDossier\dist\SCDossier\_internal\src\assets\icons\ships\default\THR_Text.png
   Compressing: C:\Users\Administrator\Documents\projects\SCDossier\dist\SCDossier\_internal\src\assets\icons\ships\default\Tick.png
   Compressing: C:\Users\Administrator\Documents\projects\SCDossier\dist\SCDossier\_internal\src\assets\icons\ships\default\UEC.png
   Compressing: C:\Users\Administrator\Documents\projects\SCDossier\dist\SCDossier\_internal\src\assets\icons\ships\default\Unlock.png
   Compressing: C:\Users\Administrator\Documents\projects\SCDossier\dist\SCDossier\_internal\src\assets\icons\ships\default\User.png
   Compressing: C:\Users\Administrator\Documents\projects\SCDossier\dist\SCDossier\_internal\src\assets\icons\ships\default\Vehicle Bay.png
   Compressing: C:\Users\Administrator\Documents\projects\SCDossier\dist\SCDossier\_internal\src\assets\icons\ships\default\Video.png
   Compressing: C:\Users\Administrator\Documents\projects\SCDossier\dist\SCDossier\_internal\src\assets\icons\ships\default\VTOL_Text.png
   Compressing: C:\Users\Administrator\Documents\projects\SCDossier\dist\SCDossier\_internal\src\assets\icons\ships\default\WIND-FOLD_Text.png
   Compressing: C:\Users\Administrator\Documents\projects\SCDossier\dist\SCDossier\_internal\src\assets\icons\ships\default\WPN_Text.png
   Compressing: C:\Users\Administrator\Documents\projects\SCDossier\dist\SCDossier\_internal\src\assets\icons\ships\default\YES_Text.png
   Compressing: C:\Users\Administrator\Documents\projects\SCDossier\dist\SCDossier\_internal\src\assets\icons\ships\drake\+.png
   Compressing: C:\Users\Administrator\Documents\projects\SCDossier\dist\SCDossier\_internal\src\assets\icons\ships\drake\-.png
   Compressing: C:\Users\Administrator\Documents\projects\SCDossier\dist\SCDossier\_internal\src\assets\icons\ships\drake\0.png
   Compressing: C:\Users\Administrator\Documents\projects\SCDossier\dist\SCDossier\_internal\src\assets\icons\ships\drake\1.png
   Compressing: C:\Users\Administrator\Documents\projects\SCDossier\dist\SCDossier\_internal\src\assets\icons\ships\drake\2.png
   Compressing: C:\Users\Administrator\Documents\projects\SCDossier\dist\SCDossier\_internal\src\assets\icons\ships\drake\3.png
   Compressing: C:\Users\Administrator\Documents\projects\SCDossier\dist\SCDossier\_internal\src\assets\icons\ships\drake\4.png
   Compressing: C:\Users\Administrator\Documents\projects\SCDossier\dist\SCDossier\_internal\src\assets\icons\ships\drake\5.png
   Compressing: C:\Users\Administrator\Documents\projects\SCDossier\dist\SCDossier\_internal\src\assets\icons\ships\drake\6.png
   Compressing: C:\Users\Administrator\Documents\projects\SCDossier\dist\SCDossier\_internal\src\assets\icons\ships\drake\7.png
   Compressing: C:\Users\Administrator\Documents\projects\SCDossier\dist\SCDossier\_internal\src\assets\icons\ships\drake\8.png
   Compressing: C:\Users\Administrator\Documents\projects\SCDossier\dist\SCDossier\_internal\src\assets\icons\ships\drake\9.png
   Compressing: C:\Users\Administrator\Documents\projects\SCDossier\dist\SCDossier\_internal\src\assets\icons\ships\drake\Ammo.png
   Compressing: C:\Users\Administrator\Documents\projects\SCDossier\dist\SCDossier\_internal\src\assets\icons\ships\drake\Ammo_Repack.png
   Compressing: C:\Users\Administrator\Documents\projects\SCDossier\dist\SCDossier\_internal\src\assets\icons\ships\drake\Arrow_Down.png
   Compressing: C:\Users\Administrator\Documents\projects\SCDossier\dist\SCDossier\_internal\src\assets\icons\ships\drake\Arrow_Left.png
   Compressing: C:\Users\Administrator\Documents\projects\SCDossier\dist\SCDossier\_internal\src\assets\icons\ships\drake\Arrow_Right.png
   Compressing: C:\Users\Administrator\Documents\projects\SCDossier\dist\SCDossier\_internal\src\assets\icons\ships\drake\Arrow_Up.png
   Compressing: C:\Users\Administrator\Documents\projects\SCDossier\dist\SCDossier\_internal\src\assets\icons\ships\drake\ATC_Text.png
   Compressing: C:\Users\Administrator\Documents\projects\SCDossier\dist\SCDossier\_internal\src\assets\icons\ships\drake\Attention.png
   Compressing: C:\Users\Administrator\Documents\projects\SCDossier\dist\SCDossier\_internal\src\assets\icons\ships\drake\Backpack.png
   Compressing: C:\Users\Administrator\Documents\projects\SCDossier\dist\SCDossier\_internal\src\assets\icons\ships\drake\Ballistics.png
   Compressing: C:\Users\Administrator\Documents\projects\SCDossier\dist\SCDossier\_internal\src\assets\icons\ships\drake\Battery.png
   Compressing: C:\Users\Administrator\Documents\projects\SCDossier\dist\SCDossier\_internal\src\assets\icons\ships\drake\Beam.png
   Compressing: C:\Users\Administrator\Documents\projects\SCDossier\dist\SCDossier\_internal\src\assets\icons\ships\drake\Bullet.png
   Compressing: C:\Users\Administrator\Documents\projects\SCDossier\dist\SCDossier\_internal\src\assets\icons\ships\drake\Button.png
   Compressing: C:\Users\Administrator\Documents\projects\SCDossier\dist\SCDossier\_internal\src\assets\icons\ships\drake\Button_Frame.png
   Compressing: C:\Users\Administrator\Documents\projects\SCDossier\dist\SCDossier\_internal\src\assets\icons\ships\drake\Call.png
   Compressing: C:\Users\Administrator\Documents\projects\SCDossier\dist\SCDossier\_internal\src\assets\icons\ships\drake\Camera.png
   Compressing: C:\Users\Administrator\Documents\projects\SCDossier\dist\SCDossier\_internal\src\assets\icons\ships\drake\Cargo Bay.png
   Compressing: C:\Users\Administrator\Documents\projects\SCDossier\dist\SCDossier\_internal\src\assets\icons\ships\drake\Caution.png
   Compressing: C:\Users\Administrator\Documents\projects\SCDossier\dist\SCDossier\_internal\src\assets\icons\ships\drake\Caution_Bars.png
   Compressing: C:\Users\Administrator\Documents\projects\SCDossier\dist\SCDossier\_internal\src\assets\icons\ships\drake\Close.png
   Compressing: C:\Users\Administrator\Documents\projects\SCDossier\dist\SCDossier\_internal\src\assets\icons\ships\drake\CLOSE_Text.png
   Compressing: C:\Users\Administrator\Documents\projects\SCDossier\dist\SCDossier\_internal\src\assets\icons\ships\drake\Comms.png
   Compressing: C:\Users\Administrator\Documents\projects\SCDossier\dist\SCDossier\_internal\src\assets\icons\ships\drake\COOL_Text.png
   Compressing: C:\Users\Administrator\Documents\projects\SCDossier\dist\SCDossier\_internal\src\assets\icons\ships\drake\CPLD_Text.png
   Compressing: C:\Users\Administrator\Documents\projects\SCDossier\dist\SCDossier\_internal\src\assets\icons\ships\drake\EJECT_Text.png
   Compressing: C:\Users\Administrator\Documents\projects\SCDossier\dist\SCDossier\_internal\src\assets\icons\ships\drake\Elevator.png
   Compressing: C:\Users\Administrator\Documents\projects\SCDossier\dist\SCDossier\_internal\src\assets\icons\ships\drake\End Call.png
   Compressing: C:\Users\Administrator\Documents\projects\SCDossier\dist\SCDossier\_internal\src\assets\icons\ships\drake\Energy.png
   Compressing: C:\Users\Administrator\Documents\projects\SCDossier\dist\SCDossier\_internal\src\assets\icons\ships\drake\ESP_Text.png
   Compressing: C:\Users\Administrator\Documents\projects\SCDossier\dist\SCDossier\_internal\src\assets\icons\ships\drake\Exit.png
   Compressing: C:\Users\Administrator\Documents\projects\SCDossier\dist\SCDossier\_internal\src\assets\icons\ships\drake\EXTEND_Text.png
   Compressing: C:\Users\Administrator\Documents\projects\SCDossier\dist\SCDossier\_internal\src\assets\icons\ships\drake\FiringMode_1.png
   Compressing: C:\Users\Administrator\Documents\projects\SCDossier\dist\SCDossier\_internal\src\assets\icons\ships\drake\FiringMode_2.png
   Compressing: C:\Users\Administrator\Documents\projects\SCDossier\dist\SCDossier\_internal\src\assets\icons\ships\drake\FiringMode_3.png
   Compressing: C:\Users\Administrator\Documents\projects\SCDossier\dist\SCDossier\_internal\src\assets\icons\ships\drake\FOIP.png
   Compressing: C:\Users\Administrator\Documents\projects\SCDossier\dist\SCDossier\_internal\src\assets\icons\ships\drake\GEAR_Text.png
   Compressing: C:\Users\Administrator\Documents\projects\SCDossier\dist\SCDossier\_internal\src\assets\icons\ships\drake\Grenade.png
   Compressing: C:\Users\Administrator\Documents\projects\SCDossier\dist\SCDossier\_internal\src\assets\icons\ships\drake\GSAF_Text.png
   Compressing: C:\Users\Administrator\Documents\projects\SCDossier\dist\SCDossier\_internal\src\assets\icons\ships\drake\Health_1.png
   Compressing: C:\Users\Administrator\Documents\projects\SCDossier\dist\SCDossier\_internal\src\assets\icons\ships\drake\Health_2.png
   Compressing: C:\Users\Administrator\Documents\projects\SCDossier\dist\SCDossier\_internal\src\assets\icons\ships\drake\Health_3.png
   Compressing: C:\Users\Administrator\Documents\projects\SCDossier\dist\SCDossier\_internal\src\assets\icons\ships\drake\Heart.png
   Compressing: C:\Users\Administrator\Documents\projects\SCDossier\dist\SCDossier\_internal\src\assets\icons\ships\drake\High Voltage.png
   Compressing: C:\Users\Administrator\Documents\projects\SCDossier\dist\SCDossier\_internal\src\assets\icons\ships\drake\HIT_Text.png
   Compressing: C:\Users\Administrator\Documents\projects\SCDossier\dist\SCDossier\_internal\src\assets\icons\ships\drake\Home.png
   Compressing: C:\Users\Administrator\Documents\projects\SCDossier\dist\SCDossier\_internal\src\assets\icons\ships\drake\Hydrogen.png
   Compressing: C:\Users\Administrator\Documents\projects\SCDossier\dist\SCDossier\_internal\src\assets\icons\ships\drake\Info.png
   Compressing: C:\Users\Administrator\Documents\projects\SCDossier\dist\SCDossier\_internal\src\assets\icons\ships\drake\Inventory.png
   Compressing: C:\Users\Administrator\Documents\projects\SCDossier\dist\SCDossier\_internal\src\assets\icons\ships\drake\JETT_Text.png
   Compressing: C:\Users\Administrator\Documents\projects\SCDossier\dist\SCDossier\_internal\src\assets\icons\ships\drake\Journal.png
   Compressing: C:\Users\Administrator\Documents\projects\SCDossier\dist\SCDossier\_internal\src\assets\icons\ships\drake\Landing Gear.png
   Compressing: C:\Users\Administrator\Documents\projects\SCDossier\dist\SCDossier\_internal\src\assets\icons\ships\drake\Law.png
   Compressing: C:\Users\Administrator\Documents\projects\SCDossier\dist\SCDossier\_internal\src\assets\icons\ships\drake\Lights.png
   Compressing: C:\Users\Administrator\Documents\projects\SCDossier\dist\SCDossier\_internal\src\assets\icons\ships\drake\Lock.png
   Compressing: C:\Users\Administrator\Documents\projects\SCDossier\dist\SCDossier\_internal\src\assets\icons\ships\drake\MediPen.png
   Compressing: C:\Users\Administrator\Documents\projects\SCDossier\dist\SCDossier\_internal\src\assets\icons\ships\drake\Microphone.png
   Compressing: C:\Users\Administrator\Documents\projects\SCDossier\dist\SCDossier\_internal\src\assets\icons\ships\drake\Microphone_Mute.png
   Compressing: C:\Users\Administrator\Documents\projects\SCDossier\dist\SCDossier\_internal\src\assets\icons\ships\drake\MISL_Text.png
   Compressing: C:\Users\Administrator\Documents\projects\SCDossier\dist\SCDossier\_internal\src\assets\icons\ships\drake\MobiGlas.png
   Compressing: C:\Users\Administrator\Documents\projects\SCDossier\dist\SCDossier\_internal\src\assets\icons\ships\drake\NAV & SCM_SCN.png
   Compressing: C:\Users\Administrator\Documents\projects\SCDossier\dist\SCDossier\_internal\src\assets\icons\ships\drake\NAV_FLT.png
   Compressing: C:\Users\Administrator\Documents\projects\SCDossier\dist\SCDossier\_internal\src\assets\icons\ships\drake\NAV_QT.png
   Compressing: C:\Users\Administrator\Documents\projects\SCDossier\dist\SCDossier\_internal\src\assets\icons\ships\drake\NAV_Text.png
   Compressing: C:\Users\Administrator\Documents\projects\SCDossier\dist\SCDossier\_internal\src\assets\icons\ships\drake\No Access.png
   Compressing: C:\Users\Administrator\Documents\projects\SCDossier\dist\SCDossier\_internal\src\assets\icons\ships\drake\NO_Text.png
   Compressing: C:\Users\Administrator\Documents\projects\SCDossier\dist\SCDossier\_internal\src\assets\icons\ships\drake\OK_Text.png
   Compressing: C:\Users\Administrator\Documents\projects\SCDossier\dist\SCDossier\_internal\src\assets\icons\ships\drake\OPEN-CLOSE_Text.png
   Compressing: C:\Users\Administrator\Documents\projects\SCDossier\dist\SCDossier\_internal\src\assets\icons\ships\drake\OPEN_Text.png
   Compressing: C:\Users\Administrator\Documents\projects\SCDossier\dist\SCDossier\_internal\src\assets\icons\ships\drake\Photo.png
   Compressing: C:\Users\Administrator\Documents\projects\SCDossier\dist\SCDossier\_internal\src\assets\icons\ships\drake\Pin.png
   Compressing: C:\Users\Administrator\Documents\projects\SCDossier\dist\SCDossier\_internal\src\assets\icons\ships\drake\Ping.png
   Compressing: C:\Users\Administrator\Documents\projects\SCDossier\dist\SCDossier\_internal\src\assets\icons\ships\drake\Power Output.png
   Compressing: C:\Users\Administrator\Documents\projects\SCDossier\dist\SCDossier\_internal\src\assets\icons\ships\drake\PROX_Text.png
   Compressing: C:\Users\Administrator\Documents\projects\SCDossier\dist\SCDossier\_internal\src\assets\icons\ships\drake\PWR_Text.png
   Compressing: C:\Users\Administrator\Documents\projects\SCDossier\dist\SCDossier\_internal\src\assets\icons\ships\drake\QTM_Text.png
   Compressing: C:\Users\Administrator\Documents\projects\SCDossier\dist\SCDossier\_internal\src\assets\icons\ships\drake\QT_Text.png
   Compressing: C:\Users\Administrator\Documents\projects\SCDossier\dist\SCDossier\_internal\src\assets\icons\ships\drake\Quantum.png
   Compressing: C:\Users\Administrator\Documents\projects\SCDossier\dist\SCDossier\_internal\src\assets\icons\ships\drake\RADR_Text.png
   Compressing: C:\Users\Administrator\Documents\projects\SCDossier\dist\SCDossier\_internal\src\assets\icons\ships\drake\Refresh.png
   Compressing: C:\Users\Administrator\Documents\projects\SCDossier\dist\SCDossier\_internal\src\assets\icons\ships\drake\RESET_Text.png
   Compressing: C:\Users\Administrator\Documents\projects\SCDossier\dist\SCDossier\_internal\src\assets\icons\ships\drake\RETRACT_TEXT.png
   Compressing: C:\Users\Administrator\Documents\projects\SCDossier\dist\SCDossier\_internal\src\assets\icons\ships\drake\Return.png
   Compressing: C:\Users\Administrator\Documents\projects\SCDossier\dist\SCDossier\_internal\src\assets\icons\ships\drake\SCM_GUN.png
   Compressing: C:\Users\Administrator\Documents\projects\SCDossier\dist\SCDossier\_internal\src\assets\icons\ships\drake\SCM_MSL.png
   Compressing: C:\Users\Administrator\Documents\projects\SCDossier\dist\SCDossier\_internal\src\assets\icons\ships\drake\Shield.png
   Compressing: C:\Users\Administrator\Documents\projects\SCDossier\dist\SCDossier\_internal\src\assets\icons\ships\drake\Shield_Down.png
   Compressing: C:\Users\Administrator\Documents\projects\SCDossier\dist\SCDossier\_internal\src\assets\icons\ships\drake\Shield_Frame_BottomLeft.png
   Compressing: C:\Users\Administrator\Documents\projects\SCDossier\dist\SCDossier\_internal\src\assets\icons\ships\drake\Shield_Frame_BottomRight.png
   Compressing: C:\Users\Administrator\Documents\projects\SCDossier\dist\SCDossier\_internal\src\assets\icons\ships\drake\Shield_Frame_TopLeft.png
   Compressing: C:\Users\Administrator\Documents\projects\SCDossier\dist\SCDossier\_internal\src\assets\icons\ships\drake\Shield_Frame_TopRight.png
   Compressing: C:\Users\Administrator\Documents\projects\SCDossier\dist\SCDossier\_internal\src\assets\icons\ships\drake\Shield_Left.png
   Compressing: C:\Users\Administrator\Documents\projects\SCDossier\dist\SCDossier\_internal\src\assets\icons\ships\drake\Shield_Middle.png
   Compressing: C:\Users\Administrator\Documents\projects\SCDossier\dist\SCDossier\_internal\src\assets\icons\ships\drake\Shield_Right.png
   Compressing: C:\Users\Administrator\Documents\projects\SCDossier\dist\SCDossier\_internal\src\assets\icons\ships\drake\Shield_Up.png
   Compressing: C:\Users\Administrator\Documents\projects\SCDossier\dist\SCDossier\_internal\src\assets\icons\ships\drake\Shield__Frame_Bottom.png
   Compressing: C:\Users\Administrator\Documents\projects\SCDossier\dist\SCDossier\_internal\src\assets\icons\ships\drake\Shield__Frame_Top.png
   Compressing: C:\Users\Administrator\Documents\projects\SCDossier\dist\SCDossier\_internal\src\assets\icons\ships\drake\Ship_CS.png
   Compressing: C:\Users\Administrator\Documents\projects\SCDossier\dist\SCDossier\_internal\src\assets\icons\ships\drake\Ship_EM.png
   Compressing: C:\Users\Administrator\Documents\projects\SCDossier\dist\SCDossier\_internal\src\assets\icons\ships\drake\Ship_IR.png
   Compressing: C:\Users\Administrator\Documents\projects\SCDossier\dist\SCDossier\_internal\src\assets\icons\ships\drake\SHLD_Text.png
   Compressing: C:\Users\Administrator\Documents\projects\SCDossier\dist\SCDossier\_internal\src\assets\icons\ships\drake\Signal.png
   Compressing: C:\Users\Administrator\Documents\projects\SCDossier\dist\SCDossier\_internal\src\assets\icons\ships\drake\START_Text.png
   Compressing: C:\Users\Administrator\Documents\projects\SCDossier\dist\SCDossier\_internal\src\assets\icons\ships\drake\Stopwatch.png
   Compressing: C:\Users\Administrator\Documents\projects\SCDossier\dist\SCDossier\_internal\src\assets\icons\ships\drake\STOP_Text.png
   Compressing: C:\Users\Administrator\Documents\projects\SCDossier\dist\SCDossier\_internal\src\assets\icons\ships\drake\Systems_Cooling.png
   Compressing: C:\Users\Administrator\Documents\projects\SCDossier\dist\SCDossier\_internal\src\assets\icons\ships\drake\Systems_QTM.png
   Compressing: C:\Users\Administrator\Documents\projects\SCDossier\dist\SCDossier\_internal\src\assets\icons\ships\drake\Systems_SHLD.png
   Compressing: C:\Users\Administrator\Documents\projects\SCDossier\dist\SCDossier\_internal\src\assets\icons\ships\drake\Systems_THR.png
   Compressing: C:\Users\Administrator\Documents\projects\SCDossier\dist\SCDossier\_internal\src\assets\icons\ships\drake\Systems_Tractor_Beam.png
   Compressing: C:\Users\Administrator\Documents\projects\SCDossier\dist\SCDossier\_internal\src\assets\icons\ships\drake\Systems_WPN.png
   Compressing: C:\Users\Administrator\Documents\projects\SCDossier\dist\SCDossier\_internal\src\assets\icons\ships\drake\Target_Auto.png
   Compressing: C:\Users\Administrator\Documents\projects\SCDossier\dist\SCDossier\_internal\src\assets\icons\ships\drake\Target_Lock.png
   Compressing: C:\Users\Administrator\Documents\projects\SCDossier\dist\SCDossier\_internal\src\assets\icons\ships\drake\Thruster.png
   Compressing: C:\Users\Administrator\Documents\projects\SCDossier\dist\SCDossier\_internal\src\assets\icons\ships\drake\Thruster_VTOL.png
   Compressing: C:\Users\Administrator\Documents\projects\SCDossier\dist\SCDossier\_internal\src\assets\icons\ships\drake\THR_Text.png
   Compressing: C:\Users\Administrator\Documents\projects\SCDossier\dist\SCDossier\_internal\src\assets\icons\ships\drake\Tick.png
   Compressing: C:\Users\Administrator\Documents\projects\SCDossier\dist\SCDossier\_internal\src\assets\icons\ships\drake\UEC.png
   Compressing: C:\Users\Administrator\Documents\projects\SCDossier\dist\SCDossier\_internal\src\assets\icons\ships\drake\Unlock.png
   Compressing: C:\Users\Administrator\Documents\projects\SCDossier\dist\SCDossier\_internal\src\assets\icons\ships\drake\User.png
   Compressing: C:\Users\Administrator\Documents\projects\SCDossier\dist\SCDossier\_internal\src\assets\icons\ships\drake\Vehicle Bay.png
   Compressing: C:\Users\Administrator\Documents\projects\SCDossier\dist\SCDossier\_internal\src\assets\icons\ships\drake\Video.png
   Compressing: C:\Users\Administrator\Documents\projects\SCDossier\dist\SCDossier\_internal\src\assets\icons\ships\drake\VTOL_Text.png
   Compressing: C:\Users\Administrator\Documents\projects\SCDossier\dist\SCDossier\_internal\src\assets\icons\ships\drake\WIND-FOLD_Text.png
   Compressing: C:\Users\Administrator\Documents\projects\SCDossier\dist\SCDossier\_internal\src\assets\icons\ships\drake\WPN_Text.png
   Compressing: C:\Users\Administrator\Documents\projects\SCDossier\dist\SCDossier\_internal\src\assets\icons\ships\drake\YES_Text.png
   Compressing: C:\Users\Administrator\Documents\projects\SCDossier\dist\SCDossier\_internal\src\assets\icons\ships\rsi\+.png
   Compressing: C:\Users\Administrator\Documents\projects\SCDossier\dist\SCDossier\_internal\src\assets\icons\ships\rsi\-.png
   Compressing: C:\Users\Administrator\Documents\projects\SCDossier\dist\SCDossier\_internal\src\assets\icons\ships\rsi\0.png
   Compressing: C:\Users\Administrator\Documents\projects\SCDossier\dist\SCDossier\_internal\src\assets\icons\ships\rsi\1.png
   Compressing: C:\Users\Administrator\Documents\projects\SCDossier\dist\SCDossier\_internal\src\assets\icons\ships\rsi\2.png
   Compressing: C:\Users\Administrator\Documents\projects\SCDossier\dist\SCDossier\_internal\src\assets\icons\ships\rsi\3.png
   Compressing: C:\Users\Administrator\Documents\projects\SCDossier\dist\SCDossier\_internal\src\assets\icons\ships\rsi\4.png
   Compressing: C:\Users\Administrator\Documents\projects\SCDossier\dist\SCDossier\_internal\src\assets\icons\ships\rsi\5.png
   Compressing: C:\Users\Administrator\Documents\projects\SCDossier\dist\SCDossier\_internal\src\assets\icons\ships\rsi\6.png
   Compressing: C:\Users\Administrator\Documents\projects\SCDossier\dist\SCDossier\_internal\src\assets\icons\ships\rsi\7.png
   Compressing: C:\Users\Administrator\Documents\projects\SCDossier\dist\SCDossier\_internal\src\assets\icons\ships\rsi\8.png
   Compressing: C:\Users\Administrator\Documents\projects\SCDossier\dist\SCDossier\_internal\src\assets\icons\ships\rsi\9.png
   Compressing: C:\Users\Administrator\Documents\projects\SCDossier\dist\SCDossier\_internal\src\assets\icons\ships\rsi\Ammo.png
   Compressing: C:\Users\Administrator\Documents\projects\SCDossier\dist\SCDossier\_internal\src\assets\icons\ships\rsi\Ammo_Repack.png
   Compressing: C:\Users\Administrator\Documents\projects\SCDossier\dist\SCDossier\_internal\src\assets\icons\ships\rsi\Arrow_Down.png
   Compressing: C:\Users\Administrator\Documents\projects\SCDossier\dist\SCDossier\_internal\src\assets\icons\ships\rsi\Arrow_Left.png
   Compressing: C:\Users\Administrator\Documents\projects\SCDossier\dist\SCDossier\_internal\src\assets\icons\ships\rsi\Arrow_Right.png
   Compressing: C:\Users\Administrator\Documents\projects\SCDossier\dist\SCDossier\_internal\src\assets\icons\ships\rsi\Arrow_Up.png
   Compressing: C:\Users\Administrator\Documents\projects\SCDossier\dist\SCDossier\_internal\src\assets\icons\ships\rsi\ATC_Text.png
   Compressing: C:\Users\Administrator\Documents\projects\SCDossier\dist\SCDossier\_internal\src\assets\icons\ships\rsi\Attention.png
   Compressing: C:\Users\Administrator\Documents\projects\SCDossier\dist\SCDossier\_internal\src\assets\icons\ships\rsi\Backpack.png
   Compressing: C:\Users\Administrator\Documents\projects\SCDossier\dist\SCDossier\_internal\src\assets\icons\ships\rsi\Ballistics.png
   Compressing: C:\Users\Administrator\Documents\projects\SCDossier\dist\SCDossier\_internal\src\assets\icons\ships\rsi\Battery.png
   Compressing: C:\Users\Administrator\Documents\projects\SCDossier\dist\SCDossier\_internal\src\assets\icons\ships\rsi\Beam.png
   Compressing: C:\Users\Administrator\Documents\projects\SCDossier\dist\SCDossier\_internal\src\assets\icons\ships\rsi\Bullet.png
   Compressing: C:\Users\Administrator\Documents\projects\SCDossier\dist\SCDossier\_internal\src\assets\icons\ships\rsi\Button.png
   Compressing: C:\Users\Administrator\Documents\projects\SCDossier\dist\SCDossier\_internal\src\assets\icons\ships\rsi\Button_Frame.png
   Compressing: C:\Users\Administrator\Documents\projects\SCDossier\dist\SCDossier\_internal\src\assets\icons\ships\rsi\Call.png
   Compressing: C:\Users\Administrator\Documents\projects\SCDossier\dist\SCDossier\_internal\src\assets\icons\ships\rsi\Camera.png
   Compressing: C:\Users\Administrator\Documents\projects\SCDossier\dist\SCDossier\_internal\src\assets\icons\ships\rsi\Cargo Bay.png
   Compressing: C:\Users\Administrator\Documents\projects\SCDossier\dist\SCDossier\_internal\src\assets\icons\ships\rsi\Caution.png
   Compressing: C:\Users\Administrator\Documents\projects\SCDossier\dist\SCDossier\_internal\src\assets\icons\ships\rsi\Caution_Bars.png
   Compressing: C:\Users\Administrator\Documents\projects\SCDossier\dist\SCDossier\_internal\src\assets\icons\ships\rsi\Close.png
   Compressing: C:\Users\Administrator\Documents\projects\SCDossier\dist\SCDossier\_internal\src\assets\icons\ships\rsi\CLOSE_Text.png
   Compressing: C:\Users\Administrator\Documents\projects\SCDossier\dist\SCDossier\_internal\src\assets\icons\ships\rsi\Comms.png
   Compressing: C:\Users\Administrator\Documents\projects\SCDossier\dist\SCDossier\_internal\src\assets\icons\ships\rsi\COOL_Text.png
   Compressing: C:\Users\Administrator\Documents\projects\SCDossier\dist\SCDossier\_internal\src\assets\icons\ships\rsi\CPLD_Text.png
   Compressing: C:\Users\Administrator\Documents\projects\SCDossier\dist\SCDossier\_internal\src\assets\icons\ships\rsi\EJECT_Text.png
   Compressing: C:\Users\Administrator\Documents\projects\SCDossier\dist\SCDossier\_internal\src\assets\icons\ships\rsi\Elevator.png
   Compressing: C:\Users\Administrator\Documents\projects\SCDossier\dist\SCDossier\_internal\src\assets\icons\ships\rsi\End Call.png
   Compressing: C:\Users\Administrator\Documents\projects\SCDossier\dist\SCDossier\_internal\src\assets\icons\ships\rsi\Energy.png
   Compressing: C:\Users\Administrator\Documents\projects\SCDossier\dist\SCDossier\_internal\src\assets\icons\ships\rsi\ESP_Text.png
   Compressing: C:\Users\Administrator\Documents\projects\SCDossier\dist\SCDossier\_internal\src\assets\icons\ships\rsi\Exit.png
   Compressing: C:\Users\Administrator\Documents\projects\SCDossier\dist\SCDossier\_internal\src\assets\icons\ships\rsi\EXTEND_Text.png
   Compressing: C:\Users\Administrator\Documents\projects\SCDossier\dist\SCDossier\_internal\src\assets\icons\ships\rsi\FiringMode_1.png
   Compressing: C:\Users\Administrator\Documents\projects\SCDossier\dist\SCDossier\_internal\src\assets\icons\ships\rsi\FiringMode_2.png
   Compressing: C:\Users\Administrator\Documents\projects\SCDossier\dist\SCDossier\_internal\src\assets\icons\ships\rsi\FiringMode_3.png
   Compressing: C:\Users\Administrator\Documents\projects\SCDossier\dist\SCDossier\_internal\src\assets\icons\ships\rsi\FOIP.png
   Compressing: C:\Users\Administrator\Documents\projects\SCDossier\dist\SCDossier\_internal\src\assets\icons\ships\rsi\GEAR_Text.png
   Compressing: C:\Users\Administrator\Documents\projects\SCDossier\dist\SCDossier\_internal\src\assets\icons\ships\rsi\Grenade.png
   Compressing: C:\Users\Administrator\Documents\projects\SCDossier\dist\SCDossier\_internal\src\assets\icons\ships\rsi\GSAF_Text.png
   Compressing: C:\Users\Administrator\Documents\projects\SCDossier\dist\SCDossier\_internal\src\assets\icons\ships\rsi\Health_1.png
   Compressing: C:\Users\Administrator\Documents\projects\SCDossier\dist\SCDossier\_internal\src\assets\icons\ships\rsi\Health_2.png
   Compressing: C:\Users\Administrator\Documents\projects\SCDossier\dist\SCDossier\_internal\src\assets\icons\ships\rsi\Health_3.png
   Compressing: C:\Users\Administrator\Documents\projects\SCDossier\dist\SCDossier\_internal\src\assets\icons\ships\rsi\Heart.png
   Compressing: C:\Users\Administrator\Documents\projects\SCDossier\dist\SCDossier\_internal\src\assets\icons\ships\rsi\High Voltage.png
   Compressing: C:\Users\Administrator\Documents\projects\SCDossier\dist\SCDossier\_internal\src\assets\icons\ships\rsi\HIT_Text.png
   Compressing: C:\Users\Administrator\Documents\projects\SCDossier\dist\SCDossier\_internal\src\assets\icons\ships\rsi\Home.png
   Compressing: C:\Users\Administrator\Documents\projects\SCDossier\dist\SCDossier\_internal\src\assets\icons\ships\rsi\Hydrogen.png
   Compressing: C:\Users\Administrator\Documents\projects\SCDossier\dist\SCDossier\_internal\src\assets\icons\ships\rsi\Info.png
   Compressing: C:\Users\Administrator\Documents\projects\SCDossier\dist\SCDossier\_internal\src\assets\icons\ships\rsi\Inventory.png
   Compressing: C:\Users\Administrator\Documents\projects\SCDossier\dist\SCDossier\_internal\src\assets\icons\ships\rsi\JETT_Text.png
   Compressing: C:\Users\Administrator\Documents\projects\SCDossier\dist\SCDossier\_internal\src\assets\icons\ships\rsi\Journal.png
   Compressing: C:\Users\Administrator\Documents\projects\SCDossier\dist\SCDossier\_internal\src\assets\icons\ships\rsi\Landing Gear.png
   Compressing: C:\Users\Administrator\Documents\projects\SCDossier\dist\SCDossier\_internal\src\assets\icons\ships\rsi\Law.png
   Compressing: C:\Users\Administrator\Documents\projects\SCDossier\dist\SCDossier\_internal\src\assets\icons\ships\rsi\Lights.png
   Compressing: C:\Users\Administrator\Documents\projects\SCDossier\dist\SCDossier\_internal\src\assets\icons\ships\rsi\Lock.png
   Compressing: C:\Users\Administrator\Documents\projects\SCDossier\dist\SCDossier\_internal\src\assets\icons\ships\rsi\MediPen.png
   Compressing: C:\Users\Administrator\Documents\projects\SCDossier\dist\SCDossier\_internal\src\assets\icons\ships\rsi\Microphone.png
   Compressing: C:\Users\Administrator\Documents\projects\SCDossier\dist\SCDossier\_internal\src\assets\icons\ships\rsi\Microphone_Mute.png
   Compressing: C:\Users\Administrator\Documents\projects\SCDossier\dist\SCDossier\_internal\src\assets\icons\ships\rsi\MISL_Text.png
   Compressing: C:\Users\Administrator\Documents\projects\SCDossier\dist\SCDossier\_internal\src\assets\icons\ships\rsi\MobiGlas.png
   Compressing: C:\Users\Administrator\Documents\projects\SCDossier\dist\SCDossier\_internal\src\assets\icons\ships\rsi\NAV & SCM_SCN.png
   Compressing: C:\Users\Administrator\Documents\projects\SCDossier\dist\SCDossier\_internal\src\assets\icons\ships\rsi\NAV_FLT.png
   Compressing: C:\Users\Administrator\Documents\projects\SCDossier\dist\SCDossier\_internal\src\assets\icons\ships\rsi\NAV_QT.png
   Compressing: C:\Users\Administrator\Documents\projects\SCDossier\dist\SCDossier\_internal\src\assets\icons\ships\rsi\NAV_Text.png
   Compressing: C:\Users\Administrator\Documents\projects\SCDossier\dist\SCDossier\_internal\src\assets\icons\ships\rsi\No Access.png
   Compressing: C:\Users\Administrator\Documents\projects\SCDossier\dist\SCDossier\_internal\src\assets\icons\ships\rsi\NO_Text.png
   Compressing: C:\Users\Administrator\Documents\projects\SCDossier\dist\SCDossier\_internal\src\assets\icons\ships\rsi\OK_Text.png
   Compressing: C:\Users\Administrator\Documents\projects\SCDossier\dist\SCDossier\_internal\src\assets\icons\ships\rsi\OPEN-CLOSE_Text.png
   Compressing: C:\Users\Administrator\Documents\projects\SCDossier\dist\SCDossier\_internal\src\assets\icons\ships\rsi\OPEN_Text.png
   Compressing: C:\Users\Administrator\Documents\projects\SCDossier\dist\SCDossier\_internal\src\assets\icons\ships\rsi\Photo.png
   Compressing: C:\Users\Administrator\Documents\projects\SCDossier\dist\SCDossier\_internal\src\assets\icons\ships\rsi\Pin.png
   Compressing: C:\Users\Administrator\Documents\projects\SCDossier\dist\SCDossier\_internal\src\assets\icons\ships\rsi\Ping.png
   Compressing: C:\Users\Administrator\Documents\projects\SCDossier\dist\SCDossier\_internal\src\assets\icons\ships\rsi\Power Output.png
   Compressing: C:\Users\Administrator\Documents\projects\SCDossier\dist\SCDossier\_internal\src\assets\icons\ships\rsi\PROX_Text.png
   Compressing: C:\Users\Administrator\Documents\projects\SCDossier\dist\SCDossier\_internal\src\assets\icons\ships\rsi\PWR_Text.png
   Compressing: C:\Users\Administrator\Documents\projects\SCDossier\dist\SCDossier\_internal\src\assets\icons\ships\rsi\QTM_Text.png
   Compressing: C:\Users\Administrator\Documents\projects\SCDossier\dist\SCDossier\_internal\src\assets\icons\ships\rsi\QT_Text.png
   Compressing: C:\Users\Administrator\Documents\projects\SCDossier\dist\SCDossier\_internal\src\assets\icons\ships\rsi\Quantum.png
   Compressing: C:\Users\Administrator\Documents\projects\SCDossier\dist\SCDossier\_internal\src\assets\icons\ships\rsi\RADR_Text.png
   Compressing: C:\Users\Administrator\Documents\projects\SCDossier\dist\SCDossier\_internal\src\assets\icons\ships\rsi\Refresh.png
   Compressing: C:\Users\Administrator\Documents\projects\SCDossier\dist\SCDossier\_internal\src\assets\icons\ships\rsi\RESET_Text.png
   Compressing: C:\Users\Administrator\Documents\projects\SCDossier\dist\SCDossier\_internal\src\assets\icons\ships\rsi\RETRACT_TEXT.png
   Compressing: C:\Users\Administrator\Documents\projects\SCDossier\dist\SCDossier\_internal\src\assets\icons\ships\rsi\Return.png
   Compressing: C:\Users\Administrator\Documents\projects\SCDossier\dist\SCDossier\_internal\src\assets\icons\ships\rsi\SCM_GUN.png
   Compressing: C:\Users\Administrator\Documents\projects\SCDossier\dist\SCDossier\_internal\src\assets\icons\ships\rsi\SCM_MSL.png
   Compressing: C:\Users\Administrator\Documents\projects\SCDossier\dist\SCDossier\_internal\src\assets\icons\ships\rsi\Shield.png
   Compressing: C:\Users\Administrator\Documents\projects\SCDossier\dist\SCDossier\_internal\src\assets\icons\ships\rsi\Shield_Down.png
   Compressing: C:\Users\Administrator\Documents\projects\SCDossier\dist\SCDossier\_internal\src\assets\icons\ships\rsi\Shield_Frame_BottomLeft.png
   Compressing: C:\Users\Administrator\Documents\projects\SCDossier\dist\SCDossier\_internal\src\assets\icons\ships\rsi\Shield_Frame_BottomRight.png
   Compressing: C:\Users\Administrator\Documents\projects\SCDossier\dist\SCDossier\_internal\src\assets\icons\ships\rsi\Shield_Frame_TopLeft.png
   Compressing: C:\Users\Administrator\Documents\projects\SCDossier\dist\SCDossier\_internal\src\assets\icons\ships\rsi\Shield_Frame_TopRight.png
   Compressing: C:\Users\Administrator\Documents\projects\SCDossier\dist\SCDossier\_internal\src\assets\icons\ships\rsi\Shield_Left.png
   Compressing: C:\Users\Administrator\Documents\projects\SCDossier\dist\SCDossier\_internal\src\assets\icons\ships\rsi\Shield_Middle.png
   Compressing: C:\Users\Administrator\Documents\projects\SCDossier\dist\SCDossier\_internal\src\assets\icons\ships\rsi\Shield_Right.png
   Compressing: C:\Users\Administrator\Documents\projects\SCDossier\dist\SCDossier\_internal\src\assets\icons\ships\rsi\Shield_Up.png
   Compressing: C:\Users\Administrator\Documents\projects\SCDossier\dist\SCDossier\_internal\src\assets\icons\ships\rsi\Shield__Frame_Bottom.png
   Compressing: C:\Users\Administrator\Documents\projects\SCDossier\dist\SCDossier\_internal\src\assets\icons\ships\rsi\Shield__Frame_Top.png
   Compressing: C:\Users\Administrator\Documents\projects\SCDossier\dist\SCDossier\_internal\src\assets\icons\ships\rsi\Ship_CS.png
   Compressing: C:\Users\Administrator\Documents\projects\SCDossier\dist\SCDossier\_internal\src\assets\icons\ships\rsi\Ship_EM.png
   Compressing: C:\Users\Administrator\Documents\projects\SCDossier\dist\SCDossier\_internal\src\assets\icons\ships\rsi\Ship_IR.png
   Compressing: C:\Users\Administrator\Documents\projects\SCDossier\dist\SCDossier\_internal\src\assets\icons\ships\rsi\SHLD_Text.png
   Compressing: C:\Users\Administrator\Documents\projects\SCDossier\dist\SCDossier\_internal\src\assets\icons\ships\rsi\Signal.png
   Compressing: C:\Users\Administrator\Documents\projects\SCDossier\dist\SCDossier\_internal\src\assets\icons\ships\rsi\START_Text.png
   Compressing: C:\Users\Administrator\Documents\projects\SCDossier\dist\SCDossier\_internal\src\assets\icons\ships\rsi\Stopwatch.png
   Compressing: C:\Users\Administrator\Documents\projects\SCDossier\dist\SCDossier\_internal\src\assets\icons\ships\rsi\STOP_Text.png
   Compressing: C:\Users\Administrator\Documents\projects\SCDossier\dist\SCDossier\_internal\src\assets\icons\ships\rsi\Systems_Cooling.png
   Compressing: C:\Users\Administrator\Documents\projects\SCDossier\dist\SCDossier\_internal\src\assets\icons\ships\rsi\Systems_QTM.png
   Compressing: C:\Users\Administrator\Documents\projects\SCDossier\dist\SCDossier\_internal\src\assets\icons\ships\rsi\Systems_SHLD.png
   Compressing: C:\Users\Administrator\Documents\projects\SCDossier\dist\SCDossier\_internal\src\assets\icons\ships\rsi\Systems_THR.png
   Compressing: C:\Users\Administrator\Documents\projects\SCDossier\dist\SCDossier\_internal\src\assets\icons\ships\rsi\Systems_Tractor_Beam.png
   Compressing: C:\Users\Administrator\Documents\projects\SCDossier\dist\SCDossier\_internal\src\assets\icons\ships\rsi\Systems_WPN.png
   Compressing: C:\Users\Administrator\Documents\projects\SCDossier\dist\SCDossier\_internal\src\assets\icons\ships\rsi\Target_Auto.png
   Compressing: C:\Users\Administrator\Documents\projects\SCDossier\dist\SCDossier\_internal\src\assets\icons\ships\rsi\Target_Lock.png
   Compressing: C:\Users\Administrator\Documents\projects\SCDossier\dist\SCDossier\_internal\src\assets\icons\ships\rsi\Thruster.png
   Compressing: C:\Users\Administrator\Documents\projects\SCDossier\dist\SCDossier\_internal\src\assets\icons\ships\rsi\Thruster_VTOL.png
   Compressing: C:\Users\Administrator\Documents\projects\SCDossier\dist\SCDossier\_internal\src\assets\icons\ships\rsi\THR_Text.png
   Compressing: C:\Users\Administrator\Documents\projects\SCDossier\dist\SCDossier\_internal\src\assets\icons\ships\rsi\Tick.png
   Compressing: C:\Users\Administrator\Documents\projects\SCDossier\dist\SCDossier\_internal\src\assets\icons\ships\rsi\UEC.png
   Compressing: C:\Users\Administrator\Documents\projects\SCDossier\dist\SCDossier\_internal\src\assets\icons\ships\rsi\Unlock.png
   Compressing: C:\Users\Administrator\Documents\projects\SCDossier\dist\SCDossier\_internal\src\assets\icons\ships\rsi\User.png
   Compressing: C:\Users\Administrator\Documents\projects\SCDossier\dist\SCDossier\_internal\src\assets\icons\ships\rsi\Vehicle Bay.png
   Compressing: C:\Users\Administrator\Documents\projects\SCDossier\dist\SCDossier\_internal\src\assets\icons\ships\rsi\Video.png
   Compressing: C:\Users\Administrator\Documents\projects\SCDossier\dist\SCDossier\_internal\src\assets\icons\ships\rsi\VTOL_Text.png
   Compressing: C:\Users\Administrator\Documents\projects\SCDossier\dist\SCDossier\_internal\src\assets\icons\ships\rsi\WIND-FOLD_Text.png
   Compressing: C:\Users\Administrator\Documents\projects\SCDossier\dist\SCDossier\_internal\src\assets\icons\ships\rsi\WPN_Text.png
   Compressing: C:\Users\Administrator\Documents\projects\SCDossier\dist\SCDossier\_internal\src\assets\icons\ships\rsi\YES_Text.png
   Compressing: C:\Users\Administrator\Documents\projects\SCDossier\dist\SCDossier\_internal\src\assets\icons\__pycache__\__init__.cpython-312.pyc
   Compressing: C:\Users\Administrator\Documents\projects\SCDossier\dist\SCDossier\_internal\src\assets\__pycache__\__init__.cpython-312.pyc
   Compressing: C:\Users\Administrator\Documents\projects\SCDossier\dist\SCDossier\_internal\supabase\client.py
   Compressing: C:\Users\Administrator\Documents\projects\SCDossier\dist\SCDossier\_internal\supabase\py.typed
   Compressing: C:\Users\Administrator\Documents\projects\SCDossier\dist\SCDossier\_internal\supabase\types.py
   Compressing: C:\Users\Administrator\Documents\projects\SCDossier\dist\SCDossier\_internal\supabase\version.py
   Compressing: C:\Users\Administrator\Documents\projects\SCDossier\dist\SCDossier\_internal\supabase\__init__.py
   Compressing: C:\Users\Administrator\Documents\projects\SCDossier\dist\SCDossier\_internal\supabase\lib\client_options.py
   Compressing: C:\Users\Administrator\Documents\projects\SCDossier\dist\SCDossier\_internal\supabase\lib\__init__.py
   Compressing: C:\Users\Administrator\Documents\projects\SCDossier\dist\SCDossier\_internal\supabase\_async\auth_client.py
   Compressing: C:\Users\Administrator\Documents\projects\SCDossier\dist\SCDossier\_internal\supabase\_async\client.py
   Compressing: C:\Users\Administrator\Documents\projects\SCDossier\dist\SCDossier\_internal\supabase\_async\__init__.py
   Compressing: C:\Users\Administrator\Documents\projects\SCDossier\dist\SCDossier\_internal\supabase\_sync\auth_client.py
   Compressing: C:\Users\Administrator\Documents\projects\SCDossier\dist\SCDossier\_internal\supabase\_sync\client.py
   Compressing: C:\Users\Administrator\Documents\projects\SCDossier\dist\SCDossier\_internal\supabase\_sync\__init__.py
   Compressing: C:\Users\Administrator\Documents\projects\SCDossier\dist\SCDossier\_internal\supabase-2.31.0.dist-info\INSTALLER
   Compressing: C:\Users\Administrator\Documents\projects\SCDossier\dist\SCDossier\_internal\supabase-2.31.0.dist-info\METADATA
   Compressing: C:\Users\Administrator\Documents\projects\SCDossier\dist\SCDossier\_internal\supabase-2.31.0.dist-info\RECORD
   Compressing: C:\Users\Administrator\Documents\projects\SCDossier\dist\SCDossier\_internal\supabase-2.31.0.dist-info\REQUESTED
   Compressing: C:\Users\Administrator\Documents\projects\SCDossier\dist\SCDossier\_internal\supabase-2.31.0.dist-info\WHEEL
   Compressing: C:\Users\Administrator\Documents\projects\SCDossier\dist\SCDossier\_internal\supabase-2.31.0.dist-info\licenses\LICENSE
   Compressing: C:\Users\Administrator\Documents\projects\SCDossier\dist\SCDossier\_internal\websockets\speedups.cp313-win_amd64.pyd
   Compressing: C:\Users\Administrator\Documents\projects\SCDossier\dist\SCDossier\_internal\websockets-15.0.1.dist-info\entry_points.txt
   Compressing: C:\Users\Administrator\Documents\projects\SCDossier\dist\SCDossier\_internal\websockets-15.0.1.dist-info\INSTALLER
   Compressing: C:\Users\Administrator\Documents\projects\SCDossier\dist\SCDossier\_internal\websockets-15.0.1.dist-info\LICENSE
   Compressing: C:\Users\Administrator\Documents\projects\SCDossier\dist\SCDossier\_internal\websockets-15.0.1.dist-info\METADATA
   Compressing: C:\Users\Administrator\Documents\projects\SCDossier\dist\SCDossier\_internal\websockets-15.0.1.dist-info\RECORD
   Compressing: C:\Users\Administrator\Documents\projects\SCDossier\dist\SCDossier\_internal\websockets-15.0.1.dist-info\top_level.txt
   Compressing: C:\Users\Administrator\Documents\projects\SCDossier\dist\SCDossier\_internal\websockets-15.0.1.dist-info\WHEEL
   Compressing: C:\Users\Administrator\Documents\projects\SCDossier\dist\SCDossier\_internal\yaml\_yaml.cp313-win_amd64.pyd
   Compressing: C:\Users\Administrator\Documents\projects\SCDossier\dist\SCDossier\_internal\yarl\_quoting_c.cp313-win_amd64.pyd
   Compressing Setup program executable
   Updating version info (Setup.exe)
   Updating manifest (Setup.exe)

Warning: There are [UninstallRun] section entries without a RunOnceId parameter. By assigning a string to RunOnceId, you can ensure that a particular [UninstallRun] entry will only be executed once during uninstallation. See the "[UninstallRun]" topic in help file for more information.

Successful compile (122.968 sec). Resulting Setup program filename is:
C:\Users\Administrator\Documents\projects\SCDossier\Output\SCDossier-Setup.exe
Starting SC Dossier Build Process...
Cleaning build/ directory...
Cleaning dist/ directory...
Running PyInstaller: C:\Users\Administrator\AppData\Local\Programs\Python\Python313\python.exe -m PyInstaller --name=SCDossier --windowed --noconfirm --clean --exclude-module=PyQt5 --exclude-module=torch --exclude-module=torchvision --exclude-module=torchaudio --exclude-module=scipy --exclude-module=pandas --exclude-module=pygame --exclude-module=matplotlib --icon=src/assets/appicon.ico --add-data=src/assets;src/assets --hidden-import=rapidocr_onnxruntime --hidden-import=bs4 --hidden-import=lxml --hidden-import=requests --hidden-import=PIL --hidden-import=PyQt6.sip --hidden-import=PyQt6.QtGui --hidden-import=PyQt6.QtCore --hidden-import=PyQt6.QtWidgets --hidden-import=supabase --hidden-import=gotrue --hidden-import=postgrest --hidden-import=realtime --hidden-import=storage3 --hidden-import=httpx --hidden-import=httpcore --hidden-import=h2 --hidden-import=hpack --collect-all=rapidocr_onnxruntime --collect-all=onnxruntime --collect-all=numpy --collect-all=supabase src/main.py

Build completed successfully!
Found Inno Setup at C:\Program Files (x86)\Inno Setup 6\ISCC.exe. Compiling installer...
Zipping installer to dist\SCDossier-windows-v1.0.0.zip ...
Archive created: dist\SCDossier-windows-v1.0.0.zip
